daytype,horizon,n_days,crps_mw,cell
saturday,1,72,134.61843126221385,C
sunday,1,71,131.3087017635216,C
weekday,1,357,115.15901803776629,C
all,1,500,120.254428631144,C
saturday,2,72,158.5873510040164,C
sunday,2,71,163.9216067248932,C
weekday,2,357,151.5291164774052,C
all,2,500,154.30523586438048,C
saturday,3,72,176.3197435957729,C
sunday,3,71,179.21664649308377,C
weekday,3,357,172.79297388319728,C
all,3,500,174.21299023241207,C
saturday,4,72,208.6161777147456,C
sunday,4,71,203.83433248092908,C
weekday,4,357,205.53869211101133,C
all,4,500,205.7398309704774,C
saturday,5,72,283.3586456050053,C
sunday,5,71,249.50764364848007,C
weekday,5,357,249.7322324740001,C
all,5,500,254.542544351641,C
saturday,6,72,556.4735569694175,C
sunday,6,71,480.7848797416052,C
weekday,6,357,330.5890643115954,C
all,6,500,384.44423704538315,C
saturday,7,72,1055.024070608713,C
sunday,7,71,958.1638417764163,C
weekday,7,357,413.22757901189686,C
all,7,500,583.0272231144,C
saturday,8,72,1303.1558038224434,C
sunday,8,71,1256.273281594897,C
weekday,8,357,467.9702499747346,C
all,8,500,700.1760002188678,C
saturday,9,72,1136.310023869483,C
sunday,9,71,1199.1716001379864,C
weekday,9,357,528.1589249621213,C
all,9,500,711.0164830797543,C
saturday,10,72,1050.1625913503062,C
sunday,10,71,1134.3973347059623,C
weekday,10,357,624.85291690901,C
all,10,500,758.452817355724,C
saturday,11,72,999.3668272228656,C
sunday,11,71,1093.66709230641,C
weekday,11,357,694.8917655072786,C
all,11,500,795.3622707997997,C
saturday,12,72,944.3454220729296,C
sunday,12,71,1012.4450765567219,C
weekday,12,357,711.2622947081235,C
all,12,500,787.5942200711565,C
saturday,13,72,942.1516555746942,C
sunday,13,71,973.0439287457036,C
weekday,13,357,700.2568431394817,C
all,13,500,773.8254622862357,C
saturday,14,72,919.5517946448823,C
sunday,14,71,922.1303593306266,C
weekday,14,357,674.5594521817443,C
all,14,500,744.9934183115774,C
saturday,15,72,875.483631450029,C
sunday,15,71,858.1403684658991,C
weekday,15,357,645.1345023455755,C
all,15,500,708.5516099257027,C
saturday,16,72,809.7692198514274,C
sunday,16,71,762.9981501083487,C
weekday,16,357,609.0669212104597,C
all,16,500,659.8262867182593,C
saturday,17,72,767.851646282083,C
sunday,17,71,650.8980711539375,C
weekday,17,357,563.7247499992852,C
all,17,500,605.4976346679689,C
saturday,18,72,794.8845045560649,C
sunday,18,71,602.4934977643222,C
weekday,18,357,557.8414851231989,C
all,18,500,598.3162657165711,C
saturday,19,72,848.2903207559334,C
sunday,19,71,626.5454802276679,C
weekday,19,357,562.2336300821169,C
all,19,500,612.5580762598147,C
saturday,20,72,899.1837754745952,C
sunday,20,71,651.7076985935122,C
weekday,20,357,533.983508870453,C
all,20,500,603.2891822021238,C
saturday,21,72,887.7809125311345,C
sunday,21,71,657.7155247449284,C
weekday,21,357,508.6188950352637,C
all,21,500,584.3899469734414,C
saturday,22,72,729.5736911533853,C
sunday,22,71,599.3250007202053,C
weekday,22,357,463.93788521536914,C
all,22,500,521.4144116721302,C
saturday,23,72,528.833720926682,C
sunday,23,71,518.7290020856924,C
weekday,23,357,426.0013726768582,C
all,23,500,453.97655420088734,C
saturday,24,72,429.3842348433792,C
sunday,24,71,500.84726926542373,C
weekday,24,357,436.8490790572864,C
all,24,500,444.86188450003925,C
saturday,1,72,134.66042977951278,D
sunday,1,71,134.87417803144245,D
weekday,1,357,116.42701563679414,D
all,1,500,121.67212433338568,D
saturday,2,72,158.08671256265052,D
sunday,2,71,167.37050980930732,D
weekday,2,357,150.90646545696248,D
all,2,500,154.2783153382145,D
saturday,3,72,174.20251415361312,D
sunday,3,71,182.59382817269113,D
weekday,3,357,172.4655421275176,D
all,3,500,174.15388271769,D
saturday,4,72,204.8746983922706,D
sunday,4,71,207.951474821566,D
weekday,4,357,206.08937807829633,D
all,4,500,206.1788819410529,D
saturday,5,72,281.2574369030755,D
sunday,5,71,254.3956181677257,D
weekday,5,357,250.5720318491915,D
all,5,500,255.53367943418266,D
saturday,6,72,561.3642943702073,D
sunday,6,71,486.4453443238142,D
weekday,6,357,329.45469651481426,D
all,6,500,385.1423505948689,D
saturday,7,72,1068.2073378127889,D
sunday,7,71,965.6063076855447,D
weekday,7,357,410.7171688607329,D
all,7,500,584.1900109029522,D
saturday,8,72,1317.9243329126646,D
sunday,8,71,1266.112815037307,D
weekday,8,357,465.5976075352802,D
all,8,500,702.0058154549112,D
saturday,9,72,1149.9862035696603,D
sunday,9,71,1210.1221035311075,D
weekday,9,357,528.2340109388801,D
all,9,500,714.5944358258087,D
saturday,10,72,1060.1519405655938,D
sunday,10,71,1147.864277941617,D
weekday,10,357,627.0680016428485,D
all,10,500,763.3851600821491,D
saturday,11,72,1011.9544296276576,D
sunday,11,71,1106.0658143607836,D
weekday,11,357,697.2753132860007,D
all,11,500,800.6373571918185,D
saturday,12,72,958.452290063599,D
sunday,12,71,1027.844708936131,D
weekday,12,357,713.6912334611333,D
all,12,500,793.5466191293381,D
saturday,13,72,952.9346899570824,D
sunday,13,71,988.5959571936766,D
weekday,13,357,704.6807749163579,D
all,13,500,780.7452945656015,D
saturday,14,72,933.8875013624711,D
sunday,14,71,936.9376364070295,D
weekday,14,357,677.9338297315039,D
all,14,500,751.5696989942878,D
saturday,15,72,898.9481384904393,D
sunday,15,71,871.7320381064653,D
weekday,15,357,647.5977957798226,D
all,15,500,715.6193075405347,D
saturday,16,72,830.3482811573057,D
sunday,16,71,778.5745546656588,D
weekday,16,357,611.4818364642497,D
all,16,500,666.7257704846498,D
saturday,17,72,784.5290667564439,D
sunday,17,71,669.8943085759178,D
weekday,17,357,564.5733465881249,D
all,17,500,611.2025468946293,D
saturday,18,72,808.2424092801518,D
sunday,18,71,623.1188350402155,D
weekday,18,357,558.0888059079042,D
all,18,500,603.345188930296,D
saturday,19,72,860.0345209282087,D
sunday,19,71,641.3847561289336,D
weekday,19,357,560.9182518622634,D
all,19,500,615.4172382136267,D
saturday,20,72,909.1860564411958,D
sunday,20,71,664.5528562403789,D
weekday,20,357,531.5454481433943,D
all,20,500,604.8127476880497,D
saturday,21,72,892.6549211859265,D
sunday,21,71,665.1409660455668,D
weekday,21,357,508.6555025576499,D
all,21,500,586.172354655406,D
saturday,22,72,732.5101058849206,D
sunday,22,71,602.656186794033,D
weekday,22,357,465.21368299873734,D
all,22,500,523.2212034332798,D
saturday,23,72,528.2327774369896,D
sunday,23,71,517.7513254777961,D
weekday,23,357,426.7632852261901,D
all,23,500,454.29519382027325,D
saturday,24,72,426.4973488277433,D
sunday,24,71,497.85921138690253,D
weekday,24,357,437.1027663262424,D
all,24,500,444.20300140507214,D
saturday,1,72,134.8787300741173,E
sunday,1,71,131.3087017635216,E
weekday,1,357,116.08811260653756,E
all,1,500,120.95528518216081,E
saturday,2,72,159.29003995127547,E
sunday,2,71,163.9216067248932,E
weekday,2,357,152.92099244375433,E
all,2,500,155.4002225127591,E
saturday,3,72,177.3485718100594,E
sunday,3,71,179.21664649308377,E
weekday,3,357,173.80055427671226,E
all,3,500,175.080553896239,E
saturday,4,72,210.54296418752836,E
sunday,4,71,203.8337748740401,E
weekday,4,357,205.73674406546147,E
all,4,500,206.15861813785725,E
saturday,5,72,286.95893652289226,E
sunday,5,71,249.5068768910574,E
weekday,5,357,248.66700124932592,E
all,5,500,254.30030226984533,E
saturday,6,72,563.2549305828185,E
sunday,6,71,480.7786471136217,E
weekday,6,357,328.23941731262227,E
all,6,500,383.7422218552724,E
saturday,7,72,1067.300193010817,E
sunday,7,71,958.1268972365128,E
weekday,7,357,412.5135277805178,E
all,7,500,584.2799060364322,E
saturday,8,72,1322.2928488709554,E
sunday,8,71,1256.201399701108,E
weekday,8,357,473.3794036502595,E
all,8,500,706.7836632012602,E
saturday,9,72,1158.718887458942,E
sunday,9,71,1199.1293777177038,E
weekday,9,357,539.1434331565148,E
all,9,500,722.0803027037531,E
saturday,10,72,1073.4102107024926,E
sunday,10,71,1134.3763207335644,E
weekday,10,357,640.5586990995166,E
all,10,500,773.0114190423799,E
saturday,11,72,1023.1535500779997,E
sunday,11,71,1093.6563221719014,E
weekday,11,357,714.7274682200338,E
all,11,500,812.9487212687461,E
saturday,12,72,967.1929218139308,E
sunday,12,71,1012.4499319385218,E
weekday,12,357,733.0231957182017,E
all,12,500,806.422232819272,E
saturday,13,72,965.6351902824669,E
sunday,13,71,973.0453015503904,E
weekday,13,357,720.7186027444701,E
all,13,500,791.8169825803824,E
saturday,14,72,942.9443395144125,E
sunday,14,71,922.1180576359181,E
weekday,14,357,694.2556419152342,E
all,14,500,762.423277401853,E
saturday,15,72,898.39087836576,E
sunday,15,71,858.1307833677632,E
weekday,15,357,661.2605681425168,E
all,15,500,723.3629033766489,E
saturday,16,72,829.735021720473,E
sunday,16,71,763.0077996192449,E
weekday,16,357,620.3953227835772,E
all,16,500,670.7912111411551,E
saturday,17,72,788.2957639747675,E
sunday,17,71,650.9266409028527,E
weekday,17,357,573.6635858803713,E
all,17,500,615.5419733391567,E
saturday,18,72,815.5748117711223,E
sunday,18,71,602.4885296026513,E
weekday,18,357,570.0527759394233,E
all,18,500,610.0138261193663,E
saturday,19,72,870.5507030302609,E
sunday,19,71,626.507253631715,E
weekday,19,357,575.5517248730522,E
all,19,500,625.2672628114204,E
saturday,20,72,927.1611683219429,E
sunday,20,71,651.6643684538726,E
weekday,20,357,547.7957828510056,E
all,20,500,617.1737375144277,E
saturday,21,72,918.9577750276175,E
sunday,21,71,657.6584157162075,E
weekday,21,357,522.8240291397849,E
all,21,500,599.0137714414848,E
saturday,22,72,753.5024868823829,E
sunday,22,71,599.3010984859376,E
weekday,22,357,475.46922133027596,E
all,22,500,533.0901381258833,E
saturday,23,72,539.2774372758978,E
sunday,23,71,518.7124948486656,E
weekday,23,357,426.708140104876,E
all,23,500,455.9827372711212,E
saturday,24,72,427.40626563127057,E
sunday,24,71,500.7562951593632,E
weekday,24,357,424.95523492635505,E
all,24,500,436.07193390095006,E
saturday,1,72,134.62569096636065,F
sunday,1,71,134.87417803144245,F
weekday,1,357,117.35631136014787,F
all,1,500,122.33063909076634,F
saturday,2,72,158.55156815163056,F
sunday,2,71,167.37050980930732,F
weekday,2,357,152.51790237968225,F
all,2,500,155.49582050584957,F
saturday,3,72,174.85980909457223,F
sunday,3,71,182.59382817269113,F
weekday,3,357,173.7542637183642,F
all,3,500,175.1686804050526,F
saturday,4,72,206.3614437660034,F
sunday,4,71,207.95135120060024,F
weekday,4,357,206.4703291994208,F
all,4,500,206.6649548211762,F
saturday,5,72,284.3225820788241,F
sunday,5,71,254.39359236488332,F
weekday,5,357,249.782079113013,F
all,5,500,255.41074642185535,F
saturday,6,72,567.7384835350254,F
sunday,6,71,486.444862071692,F
weekday,6,357,327.3779549926519,F
all,6,500,384.5773719079774,F
saturday,7,72,1080.5145035078006,F
sunday,7,71,965.6013283461762,F
weekday,7,357,410.5588141893653,F
all,7,500,585.8484704614871,F
saturday,8,72,1337.6594165004983,F
sunday,8,71,1266.1190180325038,F
weekday,8,357,472.07632967060874,F
all,8,500,709.474355921502,F
saturday,9,72,1173.0671871040042,F
sunday,9,71,1210.1552643091393,F
weekday,9,357,540.4500635351895,F
all,9,500,726.6450678389997,F
saturday,10,72,1083.7900922431713,F
sunday,10,71,1147.8595708993087,F
weekday,10,357,643.7604919236852,F
all,10,500,778.7068235842297,F
saturday,11,72,1036.3573548365198,F
sunday,11,71,1106.0833492686252,F
weekday,11,357,717.5496982425586,F
all,11,500,818.6297792377904,F
saturday,12,72,982.1209176313698,F
sunday,12,71,1027.840602110326,F
weekday,12,357,735.4104399756134,F
all,12,500,812.4618317811714,F
saturday,13,72,977.3886973966239,F
sunday,13,71,988.5193597761585,F
weekday,13,357,724.9710105077482,F
all,13,500,798.7430230158604,F
saturday,14,72,957.5634896589885,F
sunday,14,71,936.8809650544205,F
weekday,14,357,697.5027241490188,F
all,14,500,768.9431845910213,F
saturday,15,72,920.7422059461805,F
sunday,15,71,871.7712448666363,F
weekday,15,357,663.4660897610261,F
all,15,500,730.093182516685,F
saturday,16,72,849.5586098917712,F
sunday,16,71,778.6584689312261,F
weekday,16,357,623.1313672243394,F
all,16,500,677.8217386108277,F
saturday,17,72,804.4835515018125,F
sunday,17,71,669.9998339359928,F
weekday,17,357,574.446581323327,F
all,17,500,621.1404669000275,F
saturday,18,72,829.2907640701882,F
sunday,18,71,623.1488083594413,F
weekday,18,357,570.446965908851,F
all,18,500,615.2041344720673,F
saturday,19,72,882.7063110740061,F
sunday,19,71,641.3618325251643,F
weekday,19,357,574.1872484802063,F
all,19,500,628.1527844280976,F
saturday,20,72,937.8420288835672,F
sunday,20,71,664.5634525558858,F
weekday,20,357,545.4054894804576,F
all,20,500,618.8367819112162,F
saturday,21,72,923.9430500790901,F
sunday,21,71,665.0808194229566,F
weekday,21,357,522.8315393368991,F
all,21,500,600.7909946559948,F
saturday,22,72,756.5322724332655,F
sunday,22,71,602.6235729442212,F
weekday,22,357,476.79653759843285,F
all,22,500,534.9459224337508,F
saturday,23,72,538.761286426163,F
sunday,23,71,517.6780892710416,F
weekday,23,357,427.1901514839604,F
all,23,500,456.1056820814031,F
saturday,24,72,424.00354786151354,F
sunday,24,71,497.7240917885809,F
weekday,24,357,424.6771103597689,F
all,24,500,434.95278872291146,F
