daytype,horizon,n_days,mean_sd,mean_skew,mean_exkurt,cell
saturday,1,72,150.46665954589844,-0.020152581855654716,-0.009064326994121075,C
sunday,1,71,151.17608642578125,-0.019466323778033257,0.022564230486750603,C
weekday,1,357,150.2894744873047,-0.02299177646636963,-0.056570492684841156,C
all,1,500,150.4408721923828,-0.022082317620515823,-0.03849247097969055,C
saturday,2,72,259.7137145996094,0.004478303715586662,-0.07348807156085968,C
sunday,2,71,263.5755615234375,-0.005687817931175232,-0.03232866898179054,C
weekday,2,357,258.4686279296875,-0.011543083935976028,-0.05482533201575279,C
all,2,500,259.3730773925781,-0.008404554799199104,-0.05431823804974556,C
saturday,3,72,344.95562744140625,0.009587476961314678,-0.07877442240715027,C
sunday,3,71,345.3641052246094,-0.012598332948982716,-0.07319636642932892,C
weekday,3,357,344.0574035644531,-0.0026377830654382706,-0.04734824225306511,C
all,3,500,344.372314453125,-0.002291745273396373,-0.05554404482245445,C
saturday,4,72,419.3742980957031,0.011091887950897217,-0.04082408547401428,C
sunday,4,71,409.03668212890625,-0.011960014700889587,-0.06863059103488922,C
weekday,4,357,418.21875,0.003992066252976656,-0.05703011900186539,C
all,4,500,417.081298828125,0.002749245148152113,-0.056343719363212585,C
saturday,5,72,501.5984191894531,-0.0023630287032574415,-0.017709463834762573,C
sunday,5,71,476.20819091796875,-0.017679648473858833,-0.07379937171936035,C
weekday,5,357,499.6650085449219,0.006889655254781246,-0.08744244277477264,C
all,5,500,496.6125183105469,0.002068424830213189,-0.07546357810497284,C
saturday,6,72,644.295654296875,-0.027925558388233185,-0.037348102778196335,C
sunday,6,71,597.5535278320312,-0.024479979649186134,-0.052460845559835434,C
weekday,6,357,642.125244140625,0.0031194346956908703,-0.08386319130659103,C
all,6,500,636.1085815429688,-0.005270160734653473,-0.07270588725805283,C
saturday,7,72,872.735595703125,-0.03859679773449898,-0.006059679668396711,C
sunday,7,71,795.5856323242188,-0.0186937153339386,-0.05984063073992729,C
weekday,7,357,868.29541015625,0.003084962721914053,-0.0759001076221466,C
all,7,500,858.6099853515625,-0.006009782198816538,-0.06356263905763626,C
saturday,8,72,1043.2130126953125,-0.03564449027180672,-0.002825697185471654,C
sunday,8,71,942.8853149414062,-0.016983292996883392,-0.06293299049139023,C
weekday,8,357,1039.7767333984375,7.005532825132832e-05,-0.06531529873609543,C
all,8,500,1026.512939453125,-0.007494413293898106,-0.05597850680351257,C
saturday,9,72,1097.984130859375,-0.03181321173906326,-0.005251222290098667,C
sunday,9,71,988.8367309570312,-0.020902147516608238,-0.022259892895817757,C
weekday,9,357,1095.8018798828125,-0.004249544348567724,-0.05924202501773834,C
all,9,500,1080.9271240234375,-0.010583382099866867,-0.046215880662202835,C
saturday,10,72,1154.5823974609375,-0.024226151406764984,-0.037044957280159,C
sunday,10,71,1038.599365234375,-0.017547255381941795,-0.0030418215319514275,C
weekday,10,357,1154.103515625,-0.006053823046386242,-0.05645359680056572,C
all,10,500,1137.7708740234375,-0.010302707552909851,-0.046074278652668,C
saturday,11,72,1217.746826171875,-0.021741028875112534,-0.04903709515929222,C
sunday,11,71,1097.5501708984375,-0.014342847280204296,-0.00625954894348979,C
weekday,11,357,1219.8975830078125,-0.003420185996219516,-0.053432684391736984,C
all,11,500,1202.2144775390625,-0.007609405554831028,-0.04610113427042961,C
saturday,12,72,1255.73486328125,-0.017563512548804283,-0.07152697443962097,C
sunday,12,71,1139.98681640625,-0.013347925618290901,-0.012177863158285618,C
weekday,12,357,1262.537841796875,-0.0038391968701034784,-0.05449778586626053,C
all,12,500,1244.1558837890625,-0.007165736053138971,-0.050940558314323425,C
saturday,13,72,1303.2586669921875,-0.01700398325920105,-0.06222258508205414,C
sunday,13,71,1189.381103515625,-0.010614467784762383,-0.014291196130216122,C
weekday,13,357,1311.9398193359375,-0.003475880715996027,-0.06207479536533356,C
all,13,500,1293.286376953125,-0.006437606178224087,-0.055310800671577454,C
saturday,14,72,1349.7752685546875,-0.011614305898547173,-0.06482596695423126,C
sunday,14,71,1231.4498291015625,-0.018053555861115456,-0.033876076340675354,C
weekday,14,357,1356.1263427734375,-0.0007061631185933948,-0.08342202007770538,C
all,14,500,1337.5076904296875,-0.004740264266729355,-0.07370865345001221,C
saturday,15,72,1366.1103515625,-0.013156164437532425,-0.07189957797527313,C
sunday,15,71,1247.3936767578125,-0.025033118203282356,-0.050132837146520615,C
weekday,15,357,1371.90234375,-0.0032233460806310177,-0.09574392437934875,C
all,15,500,1353.387939453125,-0.007750658318400383,-0.08583356440067291,C
saturday,16,72,1357.773193359375,-0.01072118990123272,-0.06643562018871307,C
sunday,16,71,1242.4951171875,-0.0292599368840456,-0.026830418035387993,C
weekday,16,357,1361.1502685546875,-0.008423014543950558,-0.10244184732437134,C
all,16,500,1343.81494140625,-0.011712794192135334,-0.08652013540267944,C
saturday,17,72,1321.0592041015625,-0.00789201445877552,-0.06195215880870819,C
sunday,17,71,1210.829833984375,-0.024379130452871323,-0.012005940079689026,C
weekday,17,357,1321.9779052734375,-0.009160377085208893,-0.10160867124795914,C
all,17,500,1306.0625,-0.0111387949436903,-0.08317454159259796,C
saturday,18,72,1306.728515625,-0.005067001096904278,-0.09251245856285095,C
sunday,18,71,1203.1180419921875,-0.017434945330023766,-0.008269306272268295,C
weekday,18,357,1309.4678955078125,-0.007140118163079023,-0.09790875017642975,C
all,18,500,1293.9718017578125,-0.008303456008434296,-0.0844028890132904,C
saturday,19,72,1312.76513671875,0.001235517323948443,-0.10847295820713043,C
sunday,19,71,1212.136962890625,-0.017025599256157875,-0.012845519930124283,C
weekday,19,357,1316.5478515625,-0.005944413598626852,-0.09845726191997528,C
all,19,500,1301.1767578125,-0.006484032608568668,-0.08774265646934509,C
saturday,20,72,1312.97119140625,0.007541113533079624,-0.11824929714202881,C
sunday,20,71,1215.19775390625,-0.0182841494679451,-0.026329709216952324,C
weekday,20,357,1318.128662109375,-0.002221272327005863,-0.0998544692993164,C
all,20,500,1302.769775390625,-0.0030964163597673178,-0.092062808573246,C
saturday,21,72,1308.45458984375,0.0037948479875922203,-0.13206148147583008,C
sunday,21,71,1210.114501953125,-0.019724421203136444,-0.032322198152542114,C
weekday,21,357,1311.0657958984375,-0.0006340885884128511,-0.09438373893499374,C
all,21,500,1296.354736328125,-0.002707148902118206,-0.09099660068750381,C
saturday,22,72,1249.5936279296875,0.00035992718767374754,-0.14146381616592407,C
sunday,22,71,1160.7376708984375,-0.021272476762533188,-0.04107103496789932,C
weekday,22,357,1251.599609375,0.0030092562083154917,-0.09556466341018677,C
all,22,500,1238.4083251953125,-0.0008202538592740893,-0.09443604946136475,C
saturday,23,72,1147.64208984375,0.001214950461871922,-0.13827848434448242,C
sunday,23,71,1073.3709716796875,-0.01676223985850811,-0.0329657644033432,C
weekday,23,357,1149.56787109375,0.00511972839012742,-0.09630672633647919,C
all,23,500,1138.470703125,0.0014502019621431828,-0.09335624426603317,C
saturday,24,72,1051.2938232421875,4.5676613808609545e-05,-0.13399416208267212,C
sunday,24,71,987.6681518554688,-0.0065015763975679874,-0.029926462098956108,C
weekday,24,357,1054.516845703125,0.004985353443771601,-0.10128741711378098,C
all,24,500,1044.5601806640625,0.002642896259203553,-0.09586393088102341,C
saturday,1,72,148.8063507080078,0.18377456068992615,3.950528860092163,D
sunday,1,71,150.2451934814453,0.08162067830562592,7.281850814819336,D
weekday,1,357,150.15750122070312,-0.016373230144381523,4.512939453125,D
all,1,500,149.9753875732422,0.0263631921261549,4.825137615203857,D
saturday,2,72,257.0412902832031,0.13000844419002533,2.9174931049346924,D
sunday,2,71,264.9998779296875,0.09281326830387115,4.781411647796631,D
weekday,2,357,258.3478698730469,-0.013931302353739738,3.0803956985473633,D
all,2,500,259.10430908203125,0.021953750401735306,3.2984819412231445,D
saturday,3,72,342.1706237792969,0.10741154104471207,2.2220466136932373,D
sunday,3,71,351.24267578125,0.04505530372262001,3.269322633743286,D
weekday,3,357,345.418212890625,-0.013254879042506218,2.230635643005371,D
all,3,500,345.7776184082031,0.012401132844388485,2.376892328262329,D
saturday,4,72,414.7422790527344,0.06839186698198318,1.7630352973937988,D
sunday,4,71,416.4154968261719,-0.0020876002963632345,2.2153232097625732,D
weekday,4,357,419.4502868652344,-0.009798921644687653,1.6690055131912231,D
all,4,500,418.34136962890625,0.0025555614847689867,1.7601227760314941,D
saturday,5,72,491.5572814941406,0.013807890936732292,1.3356404304504395,D
sunday,5,71,484.20941162109375,-0.03778782859444618,1.8494998216629028,D
weekday,5,357,500.3165283203125,-0.019976763054728508,1.3241063356399536,D
all,5,500,496.7679443359375,-0.017640940845012665,1.400373101234436,D
saturday,6,72,631.6077270507812,-0.02309110388159752,1.1036853790283203,D
sunday,6,71,606.9257202148438,-0.028758227825164795,1.6075236797332764,D
weekday,6,357,642.3992919921875,-0.031893327832221985,1.0437088012695312,D
all,6,500,635.80810546875,-0.03018062375485897,1.1324070692062378,D
saturday,7,72,854.0472412109375,-0.03019005060195923,0.9303447008132935,D
sunday,7,71,811.169921875,-0.0019153784960508347,1.345394253730774,D
weekday,7,357,869.16650390625,-0.03272585943341255,0.9144229888916016,D
all,7,500,858.7537841796875,-0.02798561565577984,0.9779136180877686,D
saturday,8,72,1025.6087646484375,-0.04230225831270218,0.8672097325325012,D
sunday,8,71,961.6022338867188,0.020128803327679634,1.1279613971710205,D
weekday,8,357,1040.550537109375,-0.03098165988922119,0.8438640236854553,D
all,8,500,1027.188232421875,-0.025354141369462013,0.8875676393508911,D
saturday,9,72,1087.8936767578125,-0.052642062306404114,0.7952853441238403,D
sunday,9,71,1007.9885864257812,0.018613500520586967,1.0028959512710571,D
weekday,9,357,1097.1090087890625,-0.039487890899181366,0.8056640625,D
all,9,500,1083.126953125,-0.03313170000910759,0.8321765065193176,D
saturday,10,72,1148.685302734375,-0.05528077110648155,0.705345630645752,D
sunday,10,71,1057.262939453125,0.027787717059254646,0.9920896887779236,D
weekday,10,357,1154.6954345703125,-0.04062632471323013,0.6876282095909119,D
all,10,500,1139.9945068359375,-0.03302176669239998,0.7334131002426147,D
saturday,11,72,1214.2301025390625,-0.04991273581981659,0.600421667098999,D
sunday,11,71,1116.5797119140625,0.031299397349357605,1.0177026987075806,D
weekday,11,357,1219.990966796875,-0.03497055172920227,0.5892666578292847,D
all,11,500,1204.47705078125,-0.0277118943631649,0.6517108082771301,D
saturday,12,72,1257.8638916015625,-0.03273865953087807,0.5230443477630615,D
sunday,12,71,1151.152099609375,0.013904061168432236,0.9699443578720093,D
weekday,12,357,1261.035888671875,-0.02395770139992237,0.5309109091758728,D
all,12,500,1244.9755859375,-0.019845791161060333,0.5921208262443542,D
saturday,13,72,1310.0023193359375,-0.008079619146883488,0.4834669530391693,D
sunday,13,71,1196.2996826171875,0.031132927164435387,0.8732542395591736,D
weekday,13,357,1309.5284423828125,-0.01765120029449463,0.4854061007499695,D
all,13,500,1293.518310546875,-0.009345544502139091,0.5402013063430786,D
saturday,14,72,1358.2757568359375,0.0017817699117586017,0.49980443716049194,D
sunday,14,71,1233.8106689453125,0.034824639558792114,0.7608333230018616,D
weekday,14,357,1353.9451904296875,-0.009983851574361324,0.444516122341156,D
all,14,500,1337.509765625,-0.0019267945317551494,0.4973946809768677,D
saturday,15,72,1372.7181396484375,-0.0021972532849758863,0.46583831310272217,D
sunday,15,71,1247.6368408203125,0.02842678502202034,0.6555479168891907,D
weekday,15,357,1368.7625732421875,-0.002799595007672906,0.40733641386032104,D
all,15,500,1352.13232421875,0.0017212879611179233,0.4510067105293274,D
saturday,16,72,1361.833984375,-0.0028342928271740675,0.4324362576007843,D
sunday,16,71,1237.19921875,0.02112957276403904,0.6028674244880676,D
weekday,16,357,1355.9473876953125,-0.004334656987339258,0.38792476058006287,D
all,16,500,1339.9327392578125,-0.0005026836297474802,0.4248562753200531,D
saturday,17,72,1322.126953125,0.0008114113006740808,0.39234787225723267,D
sunday,17,71,1202.0272216796875,0.012591049075126648,0.5672557353973389,D
weekday,17,357,1317.068359375,-0.005069360136985779,0.3676486015319824,D
all,17,500,1301.4610595703125,-0.001714749145321548,0.39954954385757446,D
saturday,18,72,1306.4132080078125,0.01492836233228445,0.334484726190567,D
sunday,18,71,1193.451171875,0.012331115081906319,0.5527892112731934,D
weekday,18,357,1304.625732421875,-0.005665202625095844,0.35144859552383423,D
all,18,500,1289.09619140625,-0.00014425265544559807,0.3775961697101593,D
saturday,19,72,1308.912353515625,0.024845443665981293,0.29427778720855713,D
sunday,19,71,1203.923828125,0.01407663431018591,0.5453891754150391,D
weekday,19,357,1311.712890625,-0.006110011134296656,0.33928969502449036,D
all,19,500,1296.0035400390625,0.0012140779290348291,0.3620741069316864,D
saturday,20,72,1307.8724365234375,0.01978236995637417,0.28333908319473267,D
sunday,20,71,1209.336181640625,0.023914005607366562,0.5251808166503906,D
weekday,20,357,1314.3197021484375,-0.00766323646530509,0.3282303810119629,D
all,20,500,1298.4835205078125,0.0007728977361693978,0.34973299503326416,D
saturday,21,72,1301.8807373046875,0.013737722299993038,0.24638676643371582,D
sunday,21,71,1206.214599609375,0.02435179613530636,0.479802668094635,D
weekday,21,357,1308.7056884765625,-0.007018107455223799,0.32137560844421387,D
all,21,500,1293.169189453125,0.0004252591170370579,0.33307385444641113,D
saturday,22,72,1247.323486328125,0.014111285097897053,0.22488409280776978,D
sunday,22,71,1159.318603515625,0.02795439027249813,0.4774421453475952,D
weekday,22,357,1250.2552490234375,-0.0049540214240550995,0.31753021478652954,D
all,22,500,1236.920166015625,0.0024643780197948217,0.32689666748046875,D
saturday,23,72,1147.7098388671875,0.0038805422373116016,0.227681502699852,D
sunday,23,71,1068.8709716796875,0.03068913146853447,0.45969104766845703,D
weekday,23,357,1148.2275390625,-0.009242878295481205,0.30584055185317993,D
all,23,500,1136.8843994140625,-0.001682762405835092,0.3164324462413788,D
saturday,24,72,1053.083740234375,-0.005810164846479893,0.25876760482788086,D
sunday,24,71,982.9573364257812,0.03163523226976395,0.4366548955440521,D
weekday,24,357,1053.3896484375,-0.01000967063009739,0.30219873785972595,D
all,24,500,1043.34423828125,-0.003491366747766733,0.31503745913505554,D
saturday,1,72,150.65798950195312,-0.02017577737569809,-0.009061021730303764,E
sunday,1,71,151.17608642578125,-0.019466323778033257,0.022564230486750603,E
weekday,1,357,150.5061798095703,-0.022985318675637245,-0.056571297347545624,E
all,1,500,150.62315368652344,-0.022081051021814346,-0.03849257528781891,E
saturday,2,72,258.7014465332031,-0.002792426384985447,-0.07852998375892639,E
sunday,2,71,263.5755615234375,-0.005687817931175232,-0.03232866898179054,E
weekday,2,357,257.5732727050781,-0.017890315502882004,-0.05719703808426857,E
all,2,500,258.5880432128906,-0.013983463868498802,-0.05673767626285553,E
saturday,3,72,342.6702880859375,-0.00359028740786016,-0.08363723754882812,E
sunday,3,71,345.3641052246094,-0.012598332948982716,-0.07319636642932892,E
weekday,3,357,341.95648193359375,-0.016030821949243546,-0.05142028257250786,E
all,3,500,342.54315185546875,-0.013751971535384655,-0.059151723980903625,E
saturday,4,72,415.9837341308594,-0.008338279090821743,-0.04796144366264343,E
sunday,4,71,409.04742431640625,-0.012130839750170708,-0.06824687123298645,E
weekday,4,357,415.2358093261719,-0.016289401799440384,-0.0608941949903965,E
all,4,500,414.46478271484375,-0.014553922228515148,-0.06007595732808113,E
saturday,5,72,497.29736328125,-0.02687418833374977,-0.025514734908938408,E
sunday,5,71,476.239501953125,-0.018033066764473915,-0.07286650687456131,E
weekday,5,357,496.11669921875,-0.018552016466856003,-0.09242765605449677,E
all,5,500,493.4641418457031,-0.01967671699821949,-0.08001450449228287,E
saturday,6,72,638.9475708007812,-0.05645059794187546,-0.04303939640522003,E
sunday,6,71,597.615966796875,-0.024904901161789894,-0.05149617791175842,E
weekday,6,357,637.9087524414062,-0.026445329189300537,-0.08962462097406387,E
all,6,500,632.3367309570312,-0.03054734505712986,-0.07750210911035538,E
saturday,7,72,866.2498779296875,-0.07020053267478943,-0.009608530439436436,E
sunday,7,71,795.7046508789062,-0.0189767275005579,-0.05896086245775223,E
weekday,7,357,863.1712036132812,-0.029489880427718163,-0.08242354542016983,E
all,7,500,854.0342407226562,-0.03385934606194496,-0.06860648095607758,E
saturday,8,72,1036.1314697265625,-0.06995832175016403,-0.005024658516049385,E
sunday,8,71,943.0610961914062,-0.016980577260255814,-0.06206653639674187,E
weekday,8,357,1034.16455078125,-0.035200245678424835,-0.07263490557670593,E
all,8,500,1021.5111083984375,-0.03761821240186691,-0.06139831990003586,E
saturday,9,72,1091.4786376953125,-0.06879057735204697,-0.007504138629883528,E
sunday,9,71,989.0618286132812,-0.02057056874036789,-0.02158210054039955,E
weekday,9,357,1090.802734375,-0.04130541905760765,-0.06689056754112244,E
all,9,500,1076.4527587890625,-0.04231893643736839,-0.05190512165427208,E
saturday,10,72,1148.9110107421875,-0.0630405843257904,-0.04007473960518837,E
sunday,10,71,1038.8587646484375,-0.016958143562078476,-0.0024411678314208984,E
weekday,10,357,1149.932373046875,-0.04428170621395111,-0.06530970335006714,E
all,10,500,1134.0126953125,-0.04310303553938866,-0.052748534828424454,E
saturday,11,72,1212.692626953125,-0.061072561889886856,-0.04991407319903374,E
sunday,11,71,1097.8431396484375,-0.013662436045706272,-0.005782912950962782,E
weekday,11,357,1216.4571533203125,-0.04202251881361008,-0.06320145726203918,E
all,11,500,1199.07177734375,-0.04073859378695488,-0.05313463509082794,E
saturday,12,72,1251.552001953125,-0.056068651378154755,-0.07244047522544861,E
sunday,12,71,1140.3267822265625,-0.012622429057955742,-0.01169736310839653,E
weekday,12,357,1259.8348388671875,-0.04250701516866684,-0.06564413011074066,E
all,12,500,1241.6719970703125,-0.04021628201007843,-0.05896236374974251,E
saturday,13,72,1299.812255859375,-0.05478978902101517,-0.06326761841773987,E
sunday,13,71,1189.7841796875,-0.009837465360760689,-0.013833549804985523,E
weekday,13,357,1309.8818359375,-0.04182403162121773,-0.07400394976139069,E
all,13,500,1291.3779296875,-0.03914900869131088,-0.06391371041536331,E
saturday,14,72,1347.0640869140625,-0.04844469577074051,-0.06882084906101227,E
sunday,14,71,1231.9041748046875,-0.017168274149298668,-0.03335438668727875,E
weekday,14,357,1354.7113037109375,-0.03811025619506836,-0.09604404121637344,E
all,14,500,1336.1715087890625,-0.03662465140223503,-0.08322197198867798,E
saturday,15,72,1364.2476806640625,-0.04836045950651169,-0.07917419821023941,E
sunday,15,71,1247.9031982421875,-0.024002226069569588,-0.04920761659741402,E
weekday,15,357,1371.1781005859375,-0.03949686512351036,-0.10866277664899826,E
all,15,500,1352.675048828125,-0.03857298195362091,-0.09597378224134445,E
saturday,16,72,1356.8116455078125,-0.044684212654829025,-0.07646209001541138,E
sunday,16,71,1243.05224609375,-0.0280854944139719,-0.025593411177396774,E
weekday,16,357,1361.1644287109375,-0.043584782630205154,-0.11567296832799911,E
all,16,500,1343.765625,-0.04154220595955849,-0.0972352996468544,E
saturday,17,72,1320.92529296875,-0.04051947593688965,-0.07297024875879288,E
sunday,17,71,1211.40673828125,-0.023153262212872505,-0.010479937307536602,E
weekday,17,357,1322.693115234375,-0.04325723275542259,-0.11586330085992813,E
all,17,500,1306.6357421875,-0.04000822827219963,-0.09472225606441498,E
saturday,18,72,1307.64453125,-0.036276135593652725,-0.10460969060659409,E
sunday,18,71,1203.7449951171875,-0.016011038795113564,-0.006279542576521635,E
weekday,18,357,1310.9111328125,-0.03986998274922371,-0.11341284960508347,E
all,18,500,1295.2232666015625,-0.03596450015902519,-0.09693226218223572,E
saturday,19,72,1314.5133056640625,-0.027987632900476456,-0.12085098773241043,E
sunday,19,71,1212.797607421875,-0.015475728549063206,-0.010523735545575619,E
weekday,19,357,1318.8699951171875,-0.03736010566353798,-0.11566230654716492,E
all,19,500,1303.1805419921875,-0.03290288522839546,-0.10147979855537415,E
saturday,20,72,1315.3665771484375,-0.019348878413438797,-0.12914706766605377,E
sunday,20,71,1215.891357421875,-0.01660115085542202,-0.02360660582780838,E
weekday,20,357,1321.0611572265625,-0.03193335980176926,-0.1193445473909378,E
all,20,500,1305.3070068359375,-0.027944020926952362,-0.10716131329536438,E
saturday,21,72,1311.3409423828125,-0.020567787811160088,-0.1425403356552124,E
sunday,21,71,1210.842041015625,-0.01785234920680523,-0.029349757358431816,E
weekday,21,357,1314.4549560546875,-0.02926749549806118,-0.11544282734394073,E
all,21,500,1299.29345703125,-0.026393787935376167,-0.10711964219808578,E
saturday,22,72,1252.7298583984375,-0.02156357280910015,-0.15213137865066528,E
sunday,22,71,1161.4761962890625,-0.019241558387875557,-0.03793923556804657,E
weekday,22,357,1255.360107421875,-0.024613868445158005,-0.11953659355640411,E
all,22,500,1241.64990234375,-0.023411758244037628,-0.11264342069625854,E
saturday,23,72,1150.745849609375,-0.018990322947502136,-0.1510886400938034,E
sunday,23,71,1074.095703125,-0.014578846283257008,-0.029773933812975883,E
weekday,23,357,1153.507568359375,-0.020869653671979904,-0.1229768842458725,E
all,23,500,1141.83349609375,-0.01970573700964451,-0.11379015445709229,E
saturday,24,72,1054.438232421875,-0.018092693760991096,-0.15095461905002594,E
sunday,24,71,988.3732299804688,-0.004141632001847029,-0.026416493579745293,E
weekday,24,357,1058.5665283203125,-0.018886011093854904,-0.13069462776184082,E
all,24,500,1048.004638671875,-0.01667807064950466,-0.11880456656217575,E
saturday,1,72,149.02476501464844,0.17432081699371338,3.9332568645477295,F
sunday,1,71,150.2451934814453,0.08162067830562592,7.281850814819336,F
weekday,1,357,150.38714599609375,-0.01676219142973423,4.497773170471191,F
all,1,500,150.17080688476562,0.02472413331270218,4.811822414398193,F
saturday,2,72,255.89328002929688,0.11396205425262451,2.8390285968780518,F
sunday,2,71,264.9998779296875,0.09281326830387115,4.781411647796631,F
weekday,2,357,257.2215881347656,-0.03519251197576523,2.9873604774475098,F
all,2,500,258.1348571777344,0.0044625732116401196,3.2207558155059814,F
saturday,3,72,339.4989013671875,0.07734038680791855,2.1520657539367676,F
sunday,3,71,351.24151611328125,0.044977545738220215,3.2681264877319336,F
weekday,3,357,342.7210388183594,-0.046539563685655594,2.0483176708221436,F
all,3,500,343.46697998046875,-0.015705417841672897,2.2364704608917236,F
saturday,4,72,410.84710693359375,0.029214689508080482,1.6842176914215088,F
sunday,4,71,416.4523010253906,-0.0010453953873366117,2.2245023250579834,F
weekday,4,357,415.5978088378906,-0.0476171039044857,1.4814515113830566,F
all,4,500,415.0350646972656,-0.02994013950228691,1.6161631345748901,F
saturday,5,72,486.6144714355469,-0.02250901237130165,1.2385045289993286,F
sunday,5,71,484.2909240722656,-0.03569044917821884,1.8637981414794922,F
weekday,5,357,495.6252746582031,-0.059663087129592896,1.165389060974121,F
all,5,500,492.71826171875,-0.050908785313367844,1.2750917673110962,F
saturday,6,72,625.7280883789062,-0.058355554938316345,1.019763708114624,F
sunday,6,71,607.0689697265625,-0.02641458436846733,1.6216886043548584,F
weekday,6,357,636.78857421875,-0.07304571568965912,0.9110767245292664,F
all,6,500,630.9756469726562,-0.06430871039628983,1.0276345014572144,F
saturday,7,72,846.3098754882812,-0.06376539170742035,0.846623957157135,F
sunday,7,71,811.3938598632812,9.873677481664345e-05,1.3557122945785522,F
weekday,7,357,862.1171264648438,-0.07501176744699478,0.7994769215583801,F
all,7,500,852.6382446289062,-0.06272659450769424,0.8852515816688538,F
saturday,8,72,1016.5924682617188,-0.07582336664199829,0.7858518958091736,F
sunday,8,71,961.8735961914062,0.021990332752466202,1.1352293491363525,F
weekday,8,357,1032.51904296875,-0.07406818121671677,0.734277606010437,F
all,8,500,1020.1939697265625,-0.06068061664700508,0.7986394762992859,F
saturday,9,72,1078.7957763671875,-0.0829043760895729,0.706828236579895,F
sunday,9,71,1008.323486328125,0.02073463425040245,1.009846806526184,F
weekday,9,357,1089.4521484375,-0.08248471468687057,0.6974976062774658,F
all,9,500,1076.3974609375,-0.06788799911737442,0.7431948184967041,F
saturday,10,72,1139.704833984375,-0.08230136334896088,0.6033132076263428,F
sunday,10,71,1057.725341796875,0.03045276179909706,0.999461829662323,F
weekday,10,357,1147.5206298828125,-0.08318426460027695,0.5863682627677917,F
all,10,500,1133.644287109375,-0.06692066788673401,0.6474676132202148,F
saturday,11,72,1205.5738525390625,-0.07705199718475342,0.5013720989227295,F
sunday,11,71,1117.1864013671875,0.034463148564100266,1.026602029800415,F
weekday,11,357,1213.27783203125,-0.07650759816169739,0.4960571527481079,F
all,11,500,1198.523681640625,-0.06082814186811447,0.5721598267555237,F
saturday,12,72,1249.9151611328125,-0.060638029128313065,0.4265943467617035,F
sunday,12,71,1151.8746337890625,0.017301874235272408,0.9783761501312256,F
weekday,12,357,1255.0552978515625,-0.06420372426509857,0.4451856315135956,F
all,12,500,1239.6634521484375,-0.05211646854877472,0.5182214975357056,F
saturday,13,72,1302.6297607421875,-0.03763716295361519,0.3880157470703125,F
sunday,13,71,1197.1634521484375,0.03496384993195534,0.8837937712669373,F
weekday,13,357,1304.1728515625,-0.05618033558130264,0.40595465898513794,F
all,13,500,1288.7552490234375,-0.04056764394044876,0.4712245762348175,F
saturday,14,72,1351.6593017578125,-0.029248777776956558,0.40305471420288086,F
sunday,14,71,1234.7388916015625,0.038798827677965164,0.7719897627830505,F
weekday,14,357,1349.1004638671875,-0.0469784140586853,0.3681822419166565,F
all,14,500,1333.2296142578125,-0.0322449766099453,0.43054452538490295,F
saturday,15,72,1367.302978515625,-0.03184688091278076,0.36756664514541626,F
sunday,15,71,1248.64208984375,0.03281654417514801,0.6691754460334778,F
weekday,15,357,1364.645263671875,-0.03865286335349083,0.331564337015152,F
all,15,500,1348.5556640625,-0.027524152770638466,0.38468945026397705,F
saturday,16,72,1357.4234619140625,-0.03015611320734024,0.327914834022522,F
sunday,16,71,1238.2657470703125,0.025762971490621567,0.6175174713134766,F
weekday,16,357,1352.656005859375,-0.03964977338910103,0.3113715648651123,F
all,16,500,1337.0989990234375,-0.02899407595396042,0.35722649097442627,F
saturday,17,72,1318.2166748046875,-0.02574879862368107,0.2833712697029114,F
sunday,17,71,1203.1007080078125,0.017457887530326843,0.5827701091766357,F
weekday,17,357,1314.599609375,-0.039625782519578934,0.29248324036598206,F
all,17,500,1299.2877197265625,-0.02952161803841591,0.3323918581008911,F
saturday,18,72,1303.3323974609375,-0.010445945896208286,0.2244253158569336,F
sunday,18,71,1194.5667724609375,0.017496531829237938,0.5691176652908325,F
weekday,18,357,1302.8038330078125,-0.03857035934925079,0.27268728613853455,F
all,18,500,1287.51025390625,-0.026558946818113327,0.30783069133758545,F
saturday,19,72,1306.73046875,0.0007272693910636008,0.19167369604110718,F
sunday,19,71,1205.09765625,0.019525475800037384,0.5616403818130493,F
weekday,19,357,1310.4273681640625,-0.037017203867435455,0.2571791410446167,F
all,19,500,1294.9381103515625,-0.023552939295768738,0.29097989201545715,F
saturday,20,72,1306.496826171875,-0.0018394142389297485,0.1891135424375534,F
sunday,20,71,1210.567138671875,0.029458308592438698,0.5416237115859985,F
weekday,20,357,1313.5372314453125,-0.036452312022447586,0.24369081854820251,F
all,20,500,1297.9017333984375,-0.022108744829893112,0.2781381607055664,F
saturday,21,72,1301.1171875,-0.005104702431708574,0.15973016619682312,F
sunday,21,71,1207.4921875,0.03023410774767399,0.49787187576293945,F
weekday,21,357,1308.444580078125,-0.03394460678100586,0.23706665635108948,F
all,21,500,1293.05419921875,-0.020678287371993065,0.26296454668045044,F
saturday,22,72,1247.1328125,-0.0023606999311596155,0.1433074176311493,F
sunday,22,71,1160.576904296875,0.034164294600486755,0.4965434968471527,F
weekday,22,357,1250.3409423828125,-0.03031183034181595,0.23511426150798798,F
all,22,500,1237.1324462890625,-0.017131255939602852,0.2590170204639435,F
saturday,23,72,1147.8936767578125,-0.009869877249002457,0.1426907181739807,F
sunday,23,71,1070.048095703125,0.037066902965307236,0.47874343395233154,F
weekday,23,357,1148.7838134765625,-0.03176317363977432,0.22545309364795685,F
all,23,500,1137.4752197265625,-0.018836667761206627,0.2495025247335434,F
saturday,24,72,1053.4154052734375,-0.017163829877972603,0.16894400119781494,F
sunday,24,71,984.0509643554688,0.03807693347334862,0.45552048087120056,F
weekday,24,357,1054.30517578125,-0.02919544279575348,0.22093293070793152,F
all,24,500,1044.2010498046875,-0.01791021227836609,0.24675796926021576,F
