"","DATE","MEAN_TEMPERATURE","MIN_TEMPERATURE","MAX_TEMPERATURE","TOTAL_PRECIPITATION","TOTAL_SNOW","SNOW_ON_GROUND","DIRECTION_MAX_GUST","SPEED_MAX_GUST","COOLING_DEGREE_DAYS","HEATING_DEGREE_DAYS","MIN_REL_HUMIDITY","MAX_REL_HUMIDITY","ALLSKY_SFC_SW_DWN","HOEP","Demand","Hour.1.Predispatch","Hour.2.Predispatch","Hour.3.Predispatch","OR.10.Min.Sync","OR.10.Min.non.sync","OR.30.Min"
"1","2020-01-01",NA,NA,NA,NA,NA,NA,NA,NA,NA,NA,NA,NA,NA,NA,NA,2.20125,2.32166666666667,1.96333333333333,1.85083333333333,0.399166666666667,0.399166666666667
"2","2020-01-02",2.88888888888889,1.2,4.53333333333333,0,0,-0.4,-6.2,-0.199999999999996,0,-2.8888888888889,-1.1666666666667,-0.8333333333333,1.37923076923077,-0.54125,10892,0.31,0.542083333333333,0.2525,3.83208333333333,0.407916666666667,0.407916666666667
"3","2020-01-03",2.48888888888889,3.84444444444444,1.12222222222222,0.342857142857142,1.25,0.05,6.2,-6.1,0,-2.4888888888889,4.6666666666667,1.8333333333333,-1.71384615384616,16.57625,-180,12.2104166666667,11.5095833333333,10.8970833333333,1.83208333333333,1.08916666666667,0.445833333333333
"4","2020-01-04",-3.71111111111111,-2.87777777777778,-4.52222222222222,0.614285714285715,-0.5,1.55,2.5,4,0,3.7111111111111,2.3333333333333,7.3333333333333,0.31461538461539,-1.5333333333333,-3602,16.0525,16.0566666666667,15.3566666666667,1.66375,0.225833333333333,0.225833333333333
"5","2020-01-05",-1.64444444444445,-1.96666666666666,-1.25555555555556,2.57142857142857,3.65,-1.4,0.100000000000001,0.299999999999997,0,1.6444444444445,-6.3333333333333,0.1666666666667,1.44846153846153,-9.3679166666667,-535,10.29375,10.62375,10.2220833333333,2.41041666666667,0.220833333333333,0.220833333333333
"6","2020-01-06",0.255555555555556,-0.18888888888889,0.65555555555556,-2.85714285714286,-4.4,4.4,-1.4,14.8,0,-0.255555555555599,-10,-1.5,-0.0461538461538398,-2.23458333333333,14202,8.21375,8.21833333333333,9.21583333333333,2.41291666666667,0.860416666666667,0.860416666666667
"7","2020-01-07",-1.16666666666667,-3.86666666666667,1.61111111111111,-0.214285714285714,0.7,-2.2,-5.7,-12.6,0,1.1666666666667,9.8333333333333,-9.5,0.0769230769230695,4.69041666666666,1466,11.4195833333333,12.44,12.0475,5.20833333333333,4.27208333333333,4.15208333333333
"8","2020-01-08",-3.33333333333333,-1.88888888888889,-4.77777777777778,0.242857142857143,0.05,0.4,7.1,16.2,0,3.3333333333333,-13.5,1.5,0.95923076923077,0.273333333333341,4415,7.22166666666667,7.12,7.41375,5.47833333333333,4.75791666666667,3.95791666666667
"9","2020-01-09",0.155555555555551,-4.46666666666671,4.74444444444445,-0.557142857142858,-0.7,-0.4,-17.4,-14.8,0,-0.155555555555502,12.6666666666667,-1.8333333333333,-0.65461538461538,3.64458333333333,3319,14.5416666666667,14.7625,14.4483333333333,5.63291666666667,3.79166666666667,3.76041666666667
"10","2020-01-10",8.44444444444445,12.3,4.52222222222222,6.37142857142857,-0.05,-2.2,9.8,0,0,-8.4444444444445,6.6666666666667,13.6666666666666,-2.74076923076923,-1.6970833333333,-8536,6.07708333333333,5.96958333333333,6.36541666666667,6.27208333333333,4.93708333333333,4.82333333333333
"11","2020-01-11",3.07777777777778,2.55555555555556,3.63333333333331,50.2571428571429,0.3,-0.15,2.6666666666667,2.9333333333333,0,-3.0777777777778,23.6666666666666,0,-0.40538461538462,-4.15250000000003,-12162,4.91833333333333,4.31666666666667,4.765,2.72458333333333,0.177083333333333,0.177083333333333
"12","2020-01-12",-9.98888888888889,-8.44444444444444,-11.4888888888889,-48.5285714285714,-0.05,0.55,7.5333333333333,6.4666666666667,0,9.9888888888889,-17.8333333333333,-2.5,3.27538461538462,10.6258333333333,3362,10.3020833333333,9.12958333333333,10.6154166666667,1.53666666666667,0.875833333333333,0.484166666666667
"13","2020-01-13",0.8,0.633333333333329,0.966666666666667,-8.15714285714286,-0.15,-0.4,-24.2,-10.3,0,-0.800000000000001,12.6,-1.23333333333331,-2.52307692307692,3.2170833333333,13135,20.7895833333333,20.7675,20.8270833333333,3.58041666666667,1.22125,0.4625
"14","2020-01-14",2.89365079365079,4.03968253968254,1.71428571428571,-0.114285714285714,-0.1,0,0.66666666666667,2.5,0,-2.8936507936508,-5.59999999999999,3.06666666666671,0.99538461538461,-5.9120833333333,-1419,18.1358333333333,17.8583333333333,18.7954166666667,7.36458333333333,6.7925,5.00041666666667
"15","2020-01-15",1.64107142857143,2.12142857142857,1.11071428571429,0.142857142857143,0.25,0.1,20.8333333333333,-2,0,-1.6410714285714,-17.4,-7.26666666666669,-0.34153846153846,-1.0316666666667,-2084,17.21375,16.7325,18.0145833333333,3.03,2.55375,1.84666666666667
"16","2020-01-16",-5.52361111111111,-8.45,-2.525,0,-0.1,0.5,2.1,13.2,0,5.5236111111111,-0.766666666666701,3.09999999999999,2.05384615384615,-3.53041666666663,1781,11.2275,12.2583333333333,13.4604166666667,4.92375,4.06166666666667,2.595
"17","2020-01-17",-7.75555555555559,-7.0777777777778,-8.44444444444444,-0.142857142857143,-0.15,-0.75,-6.6,-18.2,0,7.7555555555556,-10.8333333333333,-19.3333333333333,2.99615384615385,68.7254166666666,6335,21.2983333333333,20.6608333333333,20.3491666666667,54.3270833333333,54.0883333333333,53.8845833333333
"18","2020-01-18",7.37777777777781,5.64444444444447,9.12222222222222,16.7571428571429,18.05,1.75,-11.2,16.6,0,-7.3777777777778,17,22.6333333333333,-6.80846153846154,-62.3591666666666,-8053,16.6541666666667,16.5941666666667,15.9408333333333,4.835,4.11083333333333,4.10958333333333
"19","2020-01-19",-1.78888888888889,-0.811111111111069,-2.76666666666667,-16.3857142857143,-17.45,13,14.8,-6.8,0,1.7888888888889,-6.8333333333333,-8.9666666666667,3.13461538461539,-3.8391666666667,-5556,13.0729166666667,11.32,11.6483333333333,2.46125,1.88208333333333,1.88208333333333
"20","2020-01-20",-4.54444444444444,-4.9888888888889,-4.07777777777778,-0.285714285714285,-0.6,-1,4.0666666666667,-9.8,0,4.5444444444444,-15.8333333333334,-0.3333333333333,4.64692307692307,7.4929166666667,15417,20.6954166666667,20.75625,21.0825,4.39916666666667,3.38875,3.17458333333333
"21","2020-01-21",2.27777777777778,2.0555555555555,2.47777777777778,-0.0857142857142857,0,-0.6,-7,1.6666666666667,0,-2.2777777777778,17.5,-1.8333333333333,-5.79538461538461,-3.01375,-371,19.1195833333333,18.7875,19.1729166666667,4.32625,4.14041666666667,3.95375
"22","2020-01-22",4.13333333333333,5.36666666666669,2.92222222222222,0,0,-1.2,-4.6666666666667,2.9333333333333,0,-4.1333333333333,2.3333333333334,-2.1666666666667,2.21307692307692,-5.1854166666667,-2391,NA,NA,NA,8.39291666666667,7.99916666666667,7.09958333333333
"23","2020-01-23",1.62222222222222,0.92222222222222,2.32222222222223,0.1,0,-2,NA,NA,0,-1.6222222222222,-11.8333333333334,6.1666666666667,-0.25846153846154,1.9833333333333,-3633,16.04625,15.7529166666667,17.9216666666667,6.185,5.95833333333333,5.77708333333333
"24","2020-01-24",3.21111111111111,5.56666666666667,0.75555555555555,20.2428571428571,0,-2,NA,NA,0,-3.2111111111111,-1.8333333333333,2.5,1.06769230769231,-10.4133333333333,-2744,10.7575,11.6079166666667,11.6495833333333,15.9445833333333,15.65125,10.7841666666667
"25","2020-01-25",0.78888888888889,2.45555555555555,-0.87777777777778,-13.0857142857142,0,-5.6,1.46666666666667,-2.6666666666667,0,-0.788888888888899,35.1666666666667,5.3333333333333,-4.39153846153846,4.67458333333333,-9317,11.55375,11.5920833333333,9.35375,11.0054166666667,10.4425,10.33
"26","2020-01-26",-0.0736111111111097,-0.60833333333333,0.46666666666667,-5.89047619047619,0.0666666666666667,-1.1,13.5333333333333,-10.6666666666667,0,0.0736111111111004,-8.8333333333334,-2.8333333333333,0.95769230769231,-3.46333333333333,-4176,7.61916666666667,7.06,3.85,11.29375,9.97708333333333,9.97708333333333
"27","2020-01-27",-1.2375,-0.713888888888889,-1.77777777777778,-1.13809523809524,-0.0666666666666667,-0.9,9.4666666666667,-1.3333333333333,0,1.2375,-4.8333333333333,-4.8333333333334,1.14307692307692,12.61,13503,15.18625,14.7845833333333,13.0816666666667,14.8404166666667,14.4966666666667,13.4466666666667
"28","2020-01-28",-1.03333333333333,-1.91111111111111,-0.1,-0.171428571428572,0,-0.2,-11,1.2,0,1.0333333333333,-8.1666666666667,0,0.57153846153846,-1.53625,1427,16.6654166666667,16.61125,18.5820833333333,9.05,8.94916666666667,8.64958333333333
"29","2020-01-29",-5.05555555555556,-6.11111111111111,-3.94444444444444,-0.0571428571428571,0,-0.15,-3.3,-3.7,0,5.0555555555556,-15.5,-7.8333333333333,3.44307692307692,2.3679166666667,2831,17.4425,17.7104166666667,19.23375,3.54416666666667,2.8075,0.810833333333333
"30","2020-01-30",0.23333333333333,0.0888888888888903,0.37777777777778,0,0,0,-10.5,0,0,-0.233333333333299,20.3333333333334,5,-1.76538461538461,2.7,1289,20.64,20.86625,21.1858333333333,4.90708333333333,4.88333333333333,3.06833333333333
"31","2020-01-31",3.26666666666667,3.36666666666666,3.13333333333333,0.285714285714286,0.5,-0.05,8,NA,0,-3.2666666666667,0.3333333333333,4.3333333333333,-2.05538461538462,-1.0295833333334,-1762,19.7558333333333,19.6145833333333,20.1425,2.27208333333333,1.73291666666667,0.260833333333333
"32","2020-02-01",0.17777777777778,0.81111111111112,-0.411111111111112,1.15714285714285,1.65,0,4,NA,0,-0.177777777777798,0,3.6666666666667,-0.13230769230769,-5.3604166666666,-11876,15.5725,15.5929166666667,17.5270833333333,6.81875,6.45083333333333,6.13416666666667
"33","2020-02-02",1.65555555555555,1.67777777777777,1.58888888888889,3.3,0.45,2.6,0.5,1,0,-1.6555555555555,14.1666666666667,1.8333333333333,-1.68923076923077,-3.8433333333334,-3183,12.6016666666667,12.8441666666667,14.1,6.70541666666667,5.62458333333333,4.76208333333333
"34","2020-02-03",2.56666666666667,1.65555555555556,3.42222222222222,-4.67142857142857,-2.6,-0.6,8.5,11.5,0,-2.5666666666667,-27.3333333333334,-6,6.62538461538462,2.94125,7464,16.5095833333333,16.9033333333333,16.6125,5.3425,4.92666666666667,4.39625
"35","2020-02-04",-2.92222222222222,-2.62222222222222,-3.17777777777778,-0.0714285714285714,0,-1.2,3.4,0,0,2.9222222222222,1,-16.3333333333333,-6.05153846153847,-0.2766666666666,3332,17.61625,17.68375,18.1620833333333,7.29916666666667,6.95291666666667,3.21666666666667
"36","2020-02-05",-5.30138888888889,-4.90416666666667,-5.71111111111111,1.83333333333333,2.33333333333333,0,1,0.600000000000001,0,5.3013888888889,-17,12.5,6.78384615384616,3.6216666666666,3876,19.6120833333333,19.4954166666667,19.9283333333333,2.42708333333333,1.64125,0.413333333333333
"37","2020-02-06",1.32361111111111,2.14861111111111,0.51111111111111,2.46666666666667,2.76666666666667,2.2,-28.8,-9,0,-1.3236111111111,31.8333333333334,4.1666666666667,-7.85,0.792499999999997,2560,19.2745833333333,19.28375,20.2775,3.58416666666667,3.19125,1.61916666666667
"38","2020-02-07",-2.01111111111111,-2.81111111111111,-1.17777777777778,-3.21428571428571,-3.3,4.2,28.2,13,0,2.0111111111111,-18.5,-5.5,1.44461538461538,-4.4629166666666,293,16.46625,16.2291666666667,18.5216666666667,3.52875,2.53666666666667,0.90125
"39","2020-02-08",-4.7333333333333,-6.4555555555556,-3.01111111111111,-0.78571428571429,-1.55,0.6,2.2,-10.6,0,4.7333333333333,-7.1666666666667,-12.8333333333334,5.2623076923077,8.38625,-7915,18.7745833333333,18.57125,18.66875,5.04416666666667,2.25458333333333,1.88291666666667
"40","2020-02-09",5.68888888888886,3.1666666666667,8.22222222222222,5.25714285714286,6,-1.6,-15.5,6,0,-5.6888888888889,24.5,24.1666666666667,-3.74076923076924,-5.4083333333334,-4211,17.72875,17.3175,18.3733333333333,2.84,1.81041666666667,1.32666666666667
"41","2020-02-10",7.03333333333333,11.4555555555556,2.47777777777778,-4.02857142857143,-6.2,5.4,10,-13,0,-7.0333333333333,-4.8333333333333,-0.3333333333333,1.42153846153847,2.8054166666667,6809,16.8916666666667,16.9520833333333,18.08625,5.71083333333333,4.13,2.42958333333333
"42","2020-02-11",-1.01111111111111,-0.911111111111107,-1.06666666666666,-1.52857142857143,-0.05,-5,-0.899999999999999,7,0,1.0111111111111,-12.6666666666667,-16,1.34,-4.425,-399,18.1175,18.2658333333333,20.1358333333333,4.54375,4.20541666666667,1.5725
"43","2020-02-12",-1.42222222222222,-1.72222222222223,-1.03333333333334,1.04285714285714,3.05,-2.4,-5.9333333333333,3,0,1.4222222222222,2,4.1666666666666,1.53,1.3220833333333,-520,13.6783333333333,14.15,16.7583333333333,12.25375,11.9145833333333,7.50958333333333
"44","2020-02-13",-5.64444444444445,-9.74444444444443,-1.56666666666666,1.18571428571429,0.75,3.8,11.1333333333333,6,0,5.6444444444445,-0.1666666666667,8.8333333333334,-4.03307692307693,3.405,6087,18.3733333333333,18.33125,18.8154166666667,3.31208333333333,2.79583333333333,1.57708333333333
"45","2020-02-14",-8.45555555555551,-8.2222222222222,-8.66666666666667,-2.14285714285714,-3.8,0,-8.1333333333333,-10,0,8.4555555555555,-8.1666666666666,-23.5,4.88923076923078,2.5458333333334,4932,20.83625,20.8470833333333,20.2291666666667,5.4275,5.1,2.50416666666667
"46","2020-02-15",9.35555555555551,9.1777777777777,9.51111111111111,0,0.05,-2.2,-2.8666666666667,16.2,0,-9.3555555555555,5.8333333333333,12.1666666666666,-0.333076923076931,-11.44625,-14198,14.7125,14.94875,16.0220833333333,3.92958333333333,3.18375,2.60541666666667
"47","2020-02-16",5.53333333333333,8.30000000000004,2.74444444444444,-0.0285714285714286,-0.05,-0.4,4.5333333333333,-9.8666666666667,0,-5.5333333333333,-2,-3.3333333333333,-0.553846153846161,1.80541666666663,-11758,12.7104166666667,12.8179166666667,13.09,3.41041666666667,1.51625,0.820833333333333
"48","2020-02-17",-2.94444444444444,-2.57777777777777,-3.28888888888888,3.2,4,-1.6,-17.3333333333333,0.6666666666667,0,2.9444444444444,-2.6666666666667,1.8333333333333,2.61692307692309,2.71625,1022,18.3179166666667,18.5775,19.4458333333333,5.9225,3.82666666666667,0.6825
"49","2020-02-18",4.36666666666667,3.83333333333333,4.84444444444444,0.71428571428571,-2.6,5,18,8.2,0,-4.3666666666667,7.8333333333334,16.6666666666667,-7.9123076923077,-3.2058333333333,14924,15.9879166666667,13.0975,15.515,9.99083333333333,8.61291666666667,8.19333333333333
"50","2020-02-19",-4.64444444444445,-3.11111111111111,-6.13333333333333,-3.97142857142857,-1.4,-5,3.4,-7.40000000000001,0,4.6444444444445,-10.1666666666667,-27.8333333333333,4.65769230769231,1.8770833333333,2349,18.0395833333333,17.9520833333333,18.6633333333333,1.68291666666667,0.790416666666667,0.34375
"51","2020-02-20",-4.51111111111111,-4.93333333333329,-4.07777777777778,0.142857142857143,0,-1,1.6,-10.1333333333333,0,4.5111111111111,1.5,7.6666666666666,1.04384615384615,6.9695833333334,2516,21.6804166666667,20.9370833333333,21.08125,2.87916666666667,2.18,1.61125
"52","2020-02-21",2.52222222222222,-0.588888888888901,5.66666666666667,-0.114285714285714,0,1,-11.2,10.1333333333333,0,-2.5222222222222,-9.8333333333333,-0.1666666666666,4.54153846153844,-11.8629166666667,-1999,14.6695833333333,15.6529166666667,15.7429166666667,8.38625,7.97666666666667,7.97666666666667
"53","2020-02-22",5.37777777777778,6.52222222222219,4.18888888888888,0,0,0,4.2,-2.8,0,-5.3777777777778,11.5,0.6666666666666,-0.4738461538461,-6.22708333333333,-15179,7.895,7.83083333333333,8.71083333333333,1.89375,1.615,1.615
"54","2020-02-23",2.42222222222222,2.12222222222222,2.68888888888889,0.0857142857142854,0,-1.25,-5.6,-4.2,0,-2.4222222222222,-7.1666666666667,2.6666666666667,-0.390000000000001,-0.30041666666667,-6981,7.34458333333333,7.90458333333333,8.39208333333333,1.48166666666667,1.10458333333333,1.10458333333333
"55","2020-02-24",1.57777777777778,2.13333333333333,1,0.642857142857143,0.25,-0.25,-8.4,-5.8,0,-1.5777777777778,7.1666666666667,3.8333333333333,-1.3061538461539,12.7441666666667,11869,14.3670833333333,13.975,15.08875,3.93708333333333,3.03875,1.07708333333333
"56","2020-02-25",-1.41111111111111,0.977777777777778,-3.78888888888889,0.1,0.7,-0.5,-4,1,0,1.4111111111111,7.3333333333333,10.3333333333334,-7.2030769230769,-1.7325,4756,16.0645833333333,16.3608333333333,18.00375,1.11,0.5125,0.5125
"57","2020-02-26",-3.41111111111111,-3.68888888888889,-3.02222222222222,9.55714285714284,12.4,0.2,8,5,0,3.4111111111111,0.6666666666667,0,-1.19076923076923,3.6979166666666,4688,18.6875,18.6516666666667,19.28375,1.57125,1.49416666666667,1.00125
"58","2020-02-27",-3.83333333333333,-2.87777777777777,-4.84444444444444,-9.57142857142856,-12.75,12,13,34.6,0,3.8333333333333,2,-5.1666666666667,5.11692307692308,-0.411666666666601,2604,NA,NA,NA,4.42916666666667,4.27833333333333,4.2775
"59","2020-02-28",-2,-3.63333333333334,-0.35555555555556,0.0571428571428571,1.2,-2.4,-2.6,-12.4,0,2,-0.8333333333334,0,-0.379230769230769,-0.9491666666667,1474,17.6233333333333,17.6891666666667,16.9,2.11875,1.8825,1.8825
"60","2020-02-29",-2.87777777777778,-5.33333333333332,-0.42222222222222,-0.728571428571429,-1.8,0,4.6,-17.8666666666667,0,2.8777777777778,-7.8333333333333,-9,2.12307692307692,3.4058333333333,-11001,18.70625,18.6479166666667,19.3179166666667,0.860416666666667,0.850833333333333,0.480416666666667
"61","2020-03-01",4.82222222222222,2.3777777777778,7.27777777777778,1.07142857142857,0,-2.2,-14,-8,0,-4.8222222222222,-4.1666666666667,3.5,1.8146153846154,-2.9725,-6950,16.0345833333333,15.9458333333333,16.27125,2.05833333333333,1.69833333333333,1.48083333333333
"62","2020-03-02",7.17777777777778,11.6,2.66666666666666,2.8,0,-4,6.3333333333333,1.3333333333334,0,-7.1777777777778,19.1666666666667,12.5,-9.1546153846154,-3.0466666666666,8831,13.1295833333333,13.48875,14.21875,1.60791666666667,1.45666666666667,1.03208333333333
"63","2020-03-03",-0.75555555555556,0.711111111111111,-2.24444444444444,7.44285714285716,0,-2.4,5.3333333333334,6,0,0.755555555555601,12,0.1666666666667,0.983076923076919,7.71125,2127,18.4216666666667,17.49625,18.2745833333333,3.37958333333333,3.00166666666667,2.99791666666667
"64","2020-03-04",1.75555555555556,1.17777777777778,2.35555555555556,-11.2857142857143,0,-1,3.3333333333333,2.7333333333333,0,-1.7555555555556,-23.1666666666667,-12.3333333333334,7.16999999999998,-5.7670833333334,-2709,14.7045833333333,14.4420833333333,13.8779166666667,1.95375,1.63958333333333,1.63625
"65","2020-03-05",-2.06666666666667,-3.03333333333333,-1.07777777777778,-0.042857142857143,0,-1.2,1,-5.4,0,2.0666666666667,-11.3333333333333,0.3333333333334,5.6907692307693,6.7358333333334,-2382,18.8870833333333,18.77,18.5470833333333,3.47041666666667,3.25458333333333,1.6275
"66","2020-03-06",-0.966666666666666,0.47777777777778,-2.4,0.828571428571429,0.9,-0.6,-28.4,3.2,0,0.966666666666701,13.8333333333333,3.8333333333333,-11.3361538461539,-3.6233333333334,2963,18.5520833333333,18.1308333333333,17.7391666666667,3.93,3.82208333333333,3.82208333333333
"67","2020-03-07",-2.34444444444444,-5.36666666666667,0.72222222222222,-0.828571428571429,-0.9,0.1,16.7333333333333,-8.5333333333333,0,2.3444444444444,-21.6666666666666,-10.6666666666667,12.1861538461539,-1.1875,-11486,16.89,16.79375,17.3075,0.852916666666667,0.514583333333333,0.514583333333333
"68","2020-03-08",6.42222222222222,5.38888888888889,7.3777777777778,-0.0857142857142856,0,0,0,6.6666666666666,0,-6.4222222222222,4,3.8333333333334,-0.554615384615403,-14.1704166666666,-7715,5.53583333333333,5.38208333333333,4.355,0.136666666666667,0.136666666666667,0.136666666666667
"69","2020-03-09",6.09999999999998,7.25555555555556,4.9222222222222,2.22857142857143,0,-0.25,2.0666666666667,-0.533333333333303,0,-6.10000000000002,-1.1666666666667,4.1666666666666,-3.0192307692308,-0.0800000000000001,9071,4.32416666666667,4.42708333333333,4.19166666666667,4.65291666666667,3.39125,3.39125
"70","2020-03-10",-4.77777777777776,-4.93333333333334,-4.6,1.11428571428571,0,0,7,13,0,4.77777777777782,21.6666666666667,10.5,-7.03230769230769,10.7504166666666,2382,11.0345833333333,10.5825,11.7095833333333,3.585,3.4,3.39625
"71","2020-03-11",-6.21111111111111,-4.45555555555555,-7.91111111111111,-3.32857142857142,0,0.25,-18.8,-16.4,0,6.2111111111111,-5.6666666666667,-8,3.90230769230769,10.2466666666667,6171,19.2883333333333,19.0933333333333,19.7475,2.15,1.92458333333333,1.42666666666667
"72","2020-03-12",3.41111111111111,2.94444444444444,3.81111111111111,2.32857142857142,0,-0.25,-2.93333333333333,3.9333333333333,0,-3.4111111111111,12.5,0.8333333333334,-1.25230769230769,-6.505,-2254,17.9195833333333,18.0979166666667,19.375,3.34625,3.09208333333333,1.97333333333333
"73","2020-03-13",1.80555555555556,2.52916666666667,1.0625,1.35238095238096,0,0.416666666666667,19.3333333333333,26.8666666666667,0,-1.8055555555556,-24.5,7.1666666666666,-0.967692307692309,-11.4220833333333,-1994,4.71458333333333,4.49958333333333,3.9725,5.65875,4.8875,4.8125
"74","2020-03-14",-3.67857142857143,-2.67678571428571,-4.64821428571429,-3.76666666666667,0,-0.166666666666667,3,-18.4,0,3.6785714285714,13.5,-24,1.00846153846154,9.71625000000003,-7003,14.9954166666667,14.7683333333333,15.02375,2.26958333333333,1.51708333333333,0.43875
"75","2020-03-15",-1.59642857142857,-2.99821428571429,-0.11428571428571,0.133333333333333,0,-0.166666666666667,-10,-11.8,0,1.5964285714286,-30.6666666666667,-5.8333333333333,10.14,-0.0737500000000004,-3969,17.1008333333333,17.1470833333333,17.9279166666667,5.00041666666667,3.64916666666667,0.55375
"76","2020-03-16",-0.3625,-0.6625,-0.0375000000000001,0.65,0.466666666666667,0.166666666666667,-9.4,0,0,0.362499999999997,11.8333333333334,28,-3.5646153846153,4.7770833333333,12125,21.5741666666667,22.0475,20.8504166666667,7.95291666666667,4.46875,1.44166666666667
"77","2020-03-17",4.2625,3.7375,4.675,-0.65,-0.466666666666667,0.166666666666667,16.4,11.2,0,-4.2625,0.8333333333333,0,-7.77692307692312,-2.02625,243,18.1954166666667,18.0054166666667,17.4745833333333,3.60458333333333,3.07833333333333,2.07125
"78","2020-03-18",-3.44642857142857,-2.69107142857143,-4.18035714285714,1.24666666666667,0,-0.666666666666667,-19,-9.2,0,3.4464285714286,-2.5,-13.5,2.71461538461542,1.4283333333333,-1200,18.5179166666667,18.5645833333333,19.38125,3.44666666666667,3.16541666666667,2.9525
"79","2020-03-19",4.50892857142857,5.12857142857143,3.86785714285714,0.88666666666667,0,0.333333333333333,0.33333333333333,-1.6666666666667,0,-4.5089285714286,31.6666666666667,16,-2.97538461538465,-4.9575,-1361,16.0225,16.24625,16.2083333333333,2.99541666666667,2.78625,2.78625
"80","2020-03-20",2.1875,-4.7125,9.125,1.33333333333333,0,0,21.0666666666667,31.0666666666667,0,-2.1875,-4.3333333333334,1,1.89923076923075,-10.4658333333333,-5744,9.14125,9.55833333333333,8.97583333333333,3.58166666666667,3.07125,3.07125
"81","2020-03-21",-10.975,-5.3875,-16.525,-3.45,0,0,5,-22.8,0,10.975,-32.1666666666666,-25.8333333333333,11.1684615384616,17.0816666666667,-2678,16.0191666666667,16.0216666666667,15.4266666666667,5.58,4.7725,3.83083333333333
"82","2020-03-22",1.425,1.975,0.8875,2.98333333333333,2,0,-25.2,-4.8,0,-1.425,14.5,0.1666666666666,-1.4676923076924,-9.25625,-764,14.9929166666667,15.2579166666667,14.4379166666667,1.5025,0.23,0.23
"83","2020-03-23",3.975,5.9125,1.95,5.5,-0.73333333333333,2.41666666666667,-0.866666666666669,-5.8,0,-3.975,28,25,-14.6715384615384,5.3516666666666,10797,18.0670833333333,17.6766666666667,17.35875,0.498333333333333,0.22875,0.228333333333333
"84","2020-03-24",1.5,0.6625,2.325,-8.6,-1.26666666666667,-2.08333333333333,14.6666666666667,-2,0,-1.5,-7.3333333333334,-4.8333333333333,6.62769230769232,1.1666666666667,-6439,18.7254166666667,18.9158333333333,19.0045833333333,0.305416666666667,0.205,0.205
"85","2020-03-25",2.0375,0.475,3.6,0.133333333333334,0,0,-14.3333333333333,5,0,-2.0375,-0.8333333333333,0.8333333333333,1.8615384615385,-4.6820833333333,-3133,15.4095833333333,15.9025,15.7891666666667,1.26458333333333,0.475833333333333,0.475833333333333
"86","2020-03-26",2.04107142857143,0.317857142857143,3.8267857142857,0.013333333333333,0,0.333333333333333,21.7333333333333,3.8,0,-2.0410714285714,1.8333333333333,0.3333333333334,-4.99923076923082,-5.0916666666667,-1188,8.99291666666667,9.75541666666667,9.42666666666667,2.07875,0.935,0.6
"87","2020-03-27",-1.9,0.114285714285714,-3.95714285714284,0,0,-0.5,-14.4,-5.8,0,1.9,-8.6666666666666,-6.6666666666667,9.97000000000002,6.8441666666667,-2836,15.8383333333333,15.62875,16.2229166666667,2.63375,1.83333333333333,1.21375
"88","2020-03-28",-0.0535714285714306,0.567857142857143,-0.669642857142861,4.18666666666667,0,-0.5,-7.4,10.6,0,0.0535714285714004,1.3333333333333,9.5,-11.4923076923077,-0.554166666666699,-4637,10.64125,10.4741666666667,11.1545833333333,2.90375,2.90333333333333,2.90125
"89","2020-03-29",6.2375,3.1375,9.3125,5.26666666666666,0,0.333333333333333,15,15.8,0,-6.2375,-12.3333333333333,1,2.39538461538462,-13.81625,-2735,0.502083333333333,0.816666666666667,0.475,0.188333333333333,0.188333333333333,0.188333333333333
"90","2020-03-30",-4.5375,0.0250000000000004,-9.05,-7.01666666666666,0,0,1.4,-20.0666666666667,0,4.5375,20.6666666666666,-4.5,-2.61615384615385,5.70416666666667,9004,5.86333333333333,5.83791666666667,4.79416666666667,2.36833333333333,0.275416666666667,0.275416666666667
"91","2020-03-31",-1.5875,-0.775,-2.475,-2.36666666666667,0,0,-17.3333333333333,-1,0,1.5875,-6.3333333333333,3.5,-0.220000000000001,5.41416666666663,1943,13.6475,13.4058333333333,13.71,3.52708333333333,2.17875,1.50291666666667
"92","2020-04-01",0.5625,-2.825,3.9875,-0.15,0,-0.333333333333333,10.3333333333333,-7,0,-0.5625,-29.6666666666667,-28.3333333333333,15.2823076923077,-0.3820833333333,-4023,12.065,12.11,12.1129166666667,4.84166666666667,3.9975,1.95958333333333
"93","2020-04-02",2.2375,0.95,3.525,0.083333333333333,0,0,14.4,11.8666666666667,0,-2.2375,-12.1666666666666,0.6666666666666,0.2438461538461,-8.26208333333333,-3005,10.0525,10.3958333333333,9.465,4.66791666666667,4.04333333333333,1.26166666666667
"94","2020-04-03",-1.3,-0.2125,-2.4,0.916666666666667,0,0,1.6,-6.40000000000001,0,1.3,37.3333333333333,22.1666666666667,-9.7269230769231,7.29416666666663,719,11.35375,10.9541666666667,9.08333333333333,2.645,1.87458333333333,1.24958333333333
"95","2020-04-04",1.4875,3.4375,-0.449999999999999,-1.03333333333333,0,0,-19,-5.8,0,-1.4875,13.5,3.3333333333333,-0.0307692307692005,2.2,-7507,13.1575,13.0445833333333,13.1891666666667,2.87208333333333,1.965,1.59333333333333
"96","2020-04-05",-1.2875,-2.5375,-0.0250000000000004,-0.0666666666666667,0,0,17.6,3,0,1.2875,-18.6666666666667,-3.8333333333333,4.5530769230769,-7.8520833333333,-2462,4.94083333333333,5.78833333333333,7.49166666666667,4.51333333333333,3.21125,0.99125
"97","2020-04-06",-0.0749999999999993,-3.275,3.1125,0.25,0,0,-11.1,6,0,0.0749999999999993,-22,-6,4.7530769230769,3.30208333333333,9427,8.81333333333333,9.3925,9.40208333333333,4.93125,2.12333333333333,1.48125
"98","2020-04-07",1.7875,3.75,-0.1392857142857,5.73,0,0,0.5,-8,0,-1.7875,3.3333333333334,7.5,-7.7223076923076,-2.9975,-268,7.44208333333333,7.56875,7.30625,7.18958333333333,3.13125,2.19708333333333
"99","2020-04-08",1.05714285714286,1.9,0.214285714285699,-3.4,0,0,7,6.3333333333333,0,-1.05714285714286,11.3333333333333,-3,1.4238461538461,7.34541666666667,-1038,8.8625,8.68208333333333,9.25041666666667,12.6458333333333,7.17666666666667,6.60416666666667
"100","2020-04-09",-4.28571428571429,-3.81428571428571,-4.77142857142857,4.34,0.2,0,2.4,14.0666666666667,0,4.28571428571426,-5.8333333333333,5.3333333333333,2.18,-11.76875,101,0.6675,0.447916666666667,0.45625,9.55041666666667,5.30166666666667,4.77375
"101","2020-04-10",-1.53809523809524,-0.952380952380957,-2.1452380952381,-6.88,-0.2,0,-0.199999999999999,4.2,0,1.5380952380953,3.3333333333333,-17.5,0.931538461538498,1.0525,-7121,1.07666666666667,1.34375,1.39583333333333,0.496666666666667,0.496666666666667,0.496666666666667
"102","2020-04-11",0.30952380952381,-1.4047619047619,2.05952380952381,0.16,0,0,-2.4,-16.6,0,-0.3095238095238,-4,0.1666666666667,-0.566153846153899,0.565,73,3.22916666666667,3.05916666666667,2.85041666666667,0.253333333333333,0.253333333333333,0.253333333333333
"103","2020-04-12",3.31964285714286,3.02142857142857,3.58214285714286,4.6,0,0,-20.8,-8,0,-3.3196428571429,7.3333333333333,3.3333333333333,-7.7469230769231,2.50083333333333,-854,3.2125,2.8575,3.24458333333333,4.96666666666667,4.96666666666667,4.87291666666667
"104","2020-04-13",1.26607142857143,0.86428571428571,1.6607142857143,7.24,0,0,20.6,35,0,-1.26607142857143,6.1666666666667,17.5,-5.20307692307688,-4.67166666666666,8257,0.104583333333333,0.204166666666667,0,3.2,3.2,3.19958333333333
"105","2020-04-14",-5.94285714285714,-4.22857142857142,-7.64285714285716,-11.88,0,0,-3.8,-15,0,5.94285714285713,-17.6666666666667,-19.8333333333333,13.2623076923077,2.79916666666666,4153,3.48583333333333,3.38583333333333,2.29958333333333,4.08583333333333,4.08583333333333,2.24208333333333
"106","2020-04-15",-2.2,-2.07142857142858,-2.34285714285714,0.06,0,0,4.6,-8.2,0,2.2,6,-2.5,-1.3569230769231,8.06999999999997,3047,9.89125,9.64541666666667,10.1320833333333,2.105,2.105,1.56
"107","2020-04-16",0.014285714285714,-0.11428571428571,0.12857142857143,-0.08,0,0,-0.399999999999999,7.6,0,-0.0142857142856982,-5.5,-0.3333333333333,1.5246153846154,-4.1820833333333,-622,NA,NA,NA,4.00833333333333,4.00833333333333,3.74083333333333
"108","2020-04-17",1.42857142857143,1.22857142857143,1.67142857142857,0.04,0,0,-9.6,-17.4,0,-1.4285714285714,-1.6666666666666,9.3333333333333,-4.0976923076923,3.19291666666667,-1797,11.2241666666667,10.9870833333333,11.6033333333333,2.71208333333333,2.71208333333333,2.49916666666667
"109","2020-04-18",1.67142857142857,-0.51428571428572,3.8285714285714,0.1,0,0,-0.199999999999999,4.2,0,-1.6714285714286,7.1666666666666,4,7.5476923076923,-5.2675,-9394,4.35083333333333,4.5075,4.57291666666667,1.69083333333333,0.908333333333333,0.908333333333333
"110","2020-04-19",2.41428571428571,2.44285714285715,2.4,0.12,0,0,13.4,7,0,-2.4142857142857,16,-4.3333333333333,-11.9515384615384,-2.64416666666667,-1976,2.92833333333333,2.99083333333333,3.23625,1.40583333333333,0.760833333333333,0.760833333333333
"111","2020-04-20",-4.15714285714285,-2.71428571428572,-5.61428571428569,0.06,0,0,-18.1,-12.7,0,4.1571428571428,-8.1666666666666,-2,15.48,1.10666666666667,8087,6.76708333333333,6.795,6.33666666666667,4.00791666666667,3.43458333333333,3.43375
"112","2020-04-21",1.12857142857143,1.87142857142857,0.4,0.26,0,0,14.5,29.5,0,-1.1285714285714,-10.5,0.8333333333333,-7.1046153846154,-3.10458333333334,2802,-4.33680868994202e-19,-0.00583333333333333,-0.00916666666666667,0.18375,0.18375,0.18375
"113","2020-04-22",-1.5,-1.77142857142857,-1.22857142857142,-0.46,0,0,0.399999999999999,-10.8,0,1.5,-10,-12.1666666666667,6.3730769230769,22.7879166666667,67,10.19625,10.2879166666667,9.68833333333333,14.9033333333333,14.315,7.6075
"114","2020-04-23",0.07678571428571,-0.18035714285714,0.33928571428571,-0.11,0,0,-19.7333333333333,-13.2,0,-0.0767857142856982,-0.6666666666667,-2.1666666666666,-8.1969230769231,-14.1925,-1519,14.3904166666667,14.4204166666667,12.97625,6.94916666666667,6.9275,2.79166666666667
"115","2020-04-24",4.975,6.075,3.9,0.15,0,0,6.00000000000003,-1.3333333333333,0,-4.975,-1.6666666666667,1.8333333333333,-5.7507692307692,2.91,-2692,12.5191666666667,11.50375,9.79208333333333,4.2775,3.48833333333333,0.629166666666667
"116","2020-04-25",0.112500000000001,-2.8625,3.0625,-0.133333333333333,0,0,-8.6666666666667,-0.6666666666667,0,-0.112500000000001,-11,12,14.4176923076923,-8.45,-10610,7.42375,7.79166666666667,7.44666666666667,2.43083333333333,1.54416666666667,0.295833333333333
"117","2020-04-26",2.15,6.1625,-1.8875,1.28333333333333,0,0,-1.4,10.4,0,-2.15,13.3333333333334,0,-16.7953846153846,-1.775,1515,1.92125,2.58541666666667,2.61083333333333,3.12875,2.25416666666667,1.41916666666667
"118","2020-04-27",0.328571428571429,-2.1375,2.7857142857143,-1.05,0,0,12.9,-11.9,0,-0.328571428571429,-0.5,-11.8333333333333,15.2676923076923,1.92166666666667,5885,6.21916666666667,6.80916666666667,6.41416666666667,5.11791666666667,3.91125,1.78958333333333
"119","2020-04-28",-0.38571428571429,1.78571428571429,-2.5428571428572,-0.26,0,0,-9.1,2.7,0,0.38571428571429,17.8333333333333,9.8333333333333,-9.9576923076923,0.965416666666659,2376,5.41708333333333,5.62291666666667,5.07375,9.10625,4.94833333333333,2.24166666666667
"120","2020-04-29",1.94285714285716,1.78571428571428,2.1428571428572,2.32,0,0,-1.4,15.4,0,-1.94285714285715,6.3333333333333,10.8333333333333,-6.08230769230771,-3.69208333333333,1223,1.77875,2.61875,2.05291666666667,0.211666666666667,0.211666666666667,0.211666666666667
"121","2020-04-30",0.0428571428571001,0.528571428571429,-0.4714285714286,5.98,0,0,0.800000000000001,-7.6,0,-0.04285714285714,34.3333333333334,6.1666666666667,0.22461538461539,3.04208333333333,-483,5.11041666666667,5.21083333333333,4.89916666666667,5.77,4.58291666666667,3.12625
"122","2020-05-01",0.9571428571429,-0.94285714285714,2.8428571428572,-7.58,0,0,10.4,-9.4,0,-0.95714285714286,-43.5666666666667,-0.900000000000006,9.52076923076922,-1.7175,-5279,4.26583333333333,4.57958333333333,4.00041666666667,0.939583333333333,0.939583333333333,0.88625
"123","2020-05-02",-1.2857142857143,-2.30714285714286,-0.219642857142901,0.32333333333333,0,0,-3.2,-4.6,0,1.28571428571429,-0.100000000000001,-11.7666666666667,-5.8846153846154,-1.65708333333333,-6654,1.43125,1.2225,0.40125,0.209583333333333,0.209583333333333,0.209583333333333
"124","2020-05-03",3.6285714285714,1.76428571428571,5.5053571428571,-0.90333333333333,0,0,13.8,14,0,-3.62857142857143,-12.8333333333333,3.1666666666667,15.0069230769231,0.47375,-4254,0.800833333333333,0.8575,-0.159166666666667,0.2175,0.2175,0.2175
"125","2020-05-04",-7.08571428571426,-3.84285714285714,-10.3714285714285,-0.12,0,0,3.4,-0.200000000000003,0,7.08571428571433,-0.3333333333334,-10.8333333333333,-5.5769230769231,2.25625,11426,2.8025,3.19541666666667,2.48875,10.1291666666667,10.1291666666667,6.02375
"126","2020-05-05",-1.65714285714285,-2.52857142857143,-0.799999999999999,0.1,0,0,-15.7,-17.05,0,1.6571428571428,-0.1666666666666,-4,2.2276923076923,0.82083333333333,3523,5.03916666666667,5.07666666666667,4.87375,2.48166666666667,2.48166666666667,2.47041666666667
"127","2020-05-06",2.51428571428571,2.45714285714286,2.5857142857143,0,0,0,-11,7.5,0,-2.5142857142857,-4,-7.1666666666667,1.0292307692308,-1.20875,-1282,4.48375,4.50916666666667,4.54,0.278333333333333,0.278333333333333,0.278333333333333
"128","2020-05-07",-0.28571428571429,-0.68571428571429,0.0857142857142001,1.42,0,0,24.3,7.75,0,0.285714285714301,1.1666666666666,12.3333333333333,-6.64,0.95583333333334,1886,4.78125,4.5975,3.89208333333333,1.11458333333333,1.11458333333333,1.11458333333333
"129","2020-05-08",-5.78928571428571,-4.10178571428571,-7.4678571428571,-1.58,0,0,2,2.2,0,5.7892857142857,1.3333333333334,-4.3333333333333,-0.275384615384599,4.0275,2449,9.21,8.945,9.11625,3.23083333333333,3.23083333333333,1.135
"130","2020-05-09",-0.39642857142857,-1.42678571428571,0.66785714285714,0.22,0.2,0,-2.4,14.2,0,0.396428571428601,10.5,8.1666666666667,0.510769230769199,-0.4875,-4120,7.72625,7.05875,6.99416666666667,1.67333333333333,1.67333333333333,1.44916666666667
"131","2020-05-10",2.68392857142857,3.35178571428571,2.04464285714286,1.81333333333333,0.133333333333333,0,-1.4,-31.4,0,-2.6839285714286,14,3.8333333333333,-6.2530769230769,3.95458333333333,-4297,9.38791666666667,8.68666666666667,8.48833333333333,8.95625,8.95625,4.6625
"132","2020-05-11",-0.2875,-0.1625,-0.475,0.98333333333334,0.6,0,1.6,12.2,0,0.2875,-1,8,1.5338461538461,-0.4120833333333,10729,12.9766666666667,12.8729166666667,12.4716666666667,5.95583333333333,5.92875,3.14583333333333
"133","2020-05-12",-0.5375,-1.975,0.9375,-2.83333333333334,-0.933333333333333,0,-2.6,-1.2,0,0.5375,-21.3333333333334,-17,4.6692307692308,-0.436249999999999,823,10.4716666666667,10.2991666666667,9.4375,7.39666666666667,6.28416666666667,3.16958333333333
"134","2020-05-13",2.25535714285714,0.44285714285714,4.05,0.016666666666667,0,0,-10.5,-8,0,-2.2553571428571,-4.5,1.5,11.1076923076923,1.1208333333333,-4140,NA,NA,NA,3.93083333333333,3.87375,3.14166666666667
"135","2020-05-14",2.68571428571429,6.31428571428572,-0.9857142857143,2.22,0,0,-9,-0.5,0,-2.68571428571433,16,18.1666666666667,-17.9946153846154,1.9383333333333,1513,5.70541666666667,5.48416666666667,4.69041666666667,11.3258333333333,9.34458333333333,6.28583333333333
"136","2020-05-15",4.79999999999997,3.21428571428571,6.4571428571429,2.8,0,0,24.9,0.899999999999999,0,-4.8,35.4666666666667,0.533333333333303,-1.15538461538458,-4.5095833333333,-3348,9.84875,9.18708333333333,8.72666666666667,3.24875,2.84291666666667,2.65958333333333
"137","2020-05-16",-0.3410714285714,0.24107142857143,-0.9714285714286,-5.12,0,0,2.6,-2.4,0,0.341071428571429,-18.6333333333333,-2.2,15.67,-4.25583333333333,-13361,4.65791666666667,5.00416666666667,3.62708333333333,0.550416666666667,0.252083333333333,0.252083333333333
"138","2020-05-17",-0.987500000000001,-0.9375,-0.987500000000001,3.75,0,0,-26.2,11.8,0,0.987500000000001,-6.1666666666667,-4.6666666666667,-11.0253846153846,-4.95625,-1144,0.0629166666666667,0.44125,0.167916666666667,0.12,0.12,0.12
"139","2020-05-18",1.1375,3.85,-1.575,5.08333333333333,0,0,-0.600000000000001,3.40000000000001,0,-1.1375,-16.1666666666667,3.1666666666667,-8.09615384615384,0.613333333333333,2971,-0.0191666666666667,-0.0220833333333333,-0.03125,4.8225,4.8225,4.72875
"140","2020-05-19",1.875,0.675000000000001,3.05,-9.03333333333333,0,0,-1.8,-4.40000000000001,0,-1.875,-4.5,-41.5,9.64615384615384,-0.0654166666666667,9225,0.1975,0.19875,0.05625,6.85083333333333,6.83083333333333,6.81208333333333
"141","2020-05-20",-0.625,-2.3125,1.0375,0.0333333333333333,0,0,3.2,-5.8,0,0.625,-0.5,13.3333333333333,12.5076923076923,1.03,1156,0.534583333333333,0.518333333333333,0.25125,4.07375,4.07375,4.055
"142","2020-05-21",-0.612500000000001,-2.925,1.6875,0.0833333333333337,0,0,0.4,-5,0,0.6125,-10.8333333333333,2.4166666666667,1.0892307692308,8.46958333333334,416,8.24125,7.38125,6.78625,4.82291666666667,4.82291666666667,2.93208333333333
"143","2020-05-22",2.8375,1.9875,3.675,0,0,0,NA,NA,0,-2.8375,11,9.75,-4.2169230769231,1.59958333333333,1865,11.7725,11.2608333333333,10.18,2.79083333333333,2.64166666666667,2.3975
"144","2020-05-23",2.3732142857143,4.0928571428571,0.7267857142857,0.123333333333333,0,0,NA,NA,0.885714285714286,-1.4875,12,8.90000000000001,-1.2984615384615,17.8270833333333,-3164,17.5875,12.5925,11.1308333333333,20.5775,18.1433333333333,7.99333333333333
"145","2020-05-24",1.3571428571428,2.5428571428572,0.157142857142901,0.32,0,0,NA,NA,1.2,-0.157142857142857,9.8333333333333,-0.566666666666706,1.16,-24.19125,2984,6.09791666666667,6.81291666666667,6.92791666666667,2.38,2.005,1.86
"146","2020-05-25",3.6142857142858,2.2285714285714,4.9714285714285,1.48,0,0,11,-2.8,3.47142857142857,-0.142857142857143,-0.3333333333333,4.1666666666667,-0.202307692307699,9.50749999999997,29760,18.1595833333333,17.6670833333333,16.3975,4.24666666666667,3.765,0.986666666666667
"147","2020-05-26",-0.1196428571429,-0.9892857142857,0.7946428571429,-1.74,0,0,-4.6666666666667,0,-0.11964285714286,0,-6.1666666666667,1.8333333333333,1.6584615384615,5.2320833333334,11797,19.11375,18.8179166666667,18.3679166666667,2.5875,2.22166666666667,1.69708333333333
"148","2020-05-27",-0.3803571428571,1.775,-2.5517857142857,-0.26,0,0,2.6666666666667,-1,-0.38035714285714,0,-2.5,-2.6666666666666,-4.8884615384615,-4.13125,234,17.5745833333333,17.5233333333333,17.6016666666667,5.63708333333333,5.21208333333333,2.61375
"149","2020-05-28",-2.5428571428572,-0.199999999999999,-4.9285714285714,6.12,0,0,NA,NA,-2.54285714285715,0,25,8.1666666666666,-11.94,-5.54833333333337,-17088,12.5295833333333,13.2916666666667,13.2395833333333,10.6491666666667,5.20625,1.44708333333333
"150","2020-05-29",-1.8142857142857,-4.1571428571429,0.542857142857102,-2.14,0,0,NA,NA,-1.67142857142857,0.142857142857143,1.8333333333334,-2.6666666666666,2.5130769230769,0.87291666666667,-9134,12.86375,13.0883333333333,12.6766666666667,8.88333333333333,7.54041666666667,3.37958333333333
"151","2020-05-30",-5.0875,-5.0803571428571,-5.1,-3.23666666666667,0,0,5.4,6.4,-0.842857142857143,4.24464285714286,-19.6666666666667,-2.3333333333334,4.2176923076923,-9.2425,-23186,4.11541666666667,4.08333333333333,2.97083333333333,4.125,3.755,3.75458333333333
"152","2020-05-31",-2.3875,-1.875,-2.9125,-0.6,0,0,-0.199999999999999,-6,0,2.3875,-17.5,-6.5,9.7430769230769,3.21708333333333,-5129,4.10166666666667,3.93958333333333,2.78458333333333,1.1075,1.1075,1.10541666666667
"153","2020-06-01",4.425,1.2,7.6375,0.2,0,0,-3.8666666666667,1.8666666666667,0,-4.425,-8.5,-13.1666666666666,1.7969230769231,0.24125,14124,5.97,5.47958333333333,5.34041666666667,1.69416666666667,1.69416666666667,1.19875
"154","2020-06-02",3.1071428571429,5.3696428571429,0.917857142857098,9.29666666666667,0,0,-18.6666666666666,-0.6666666666667,1.08571428571429,-2.02142857142857,23.1666666666667,17.6666666666666,-9.0638461538461,6.38166666666667,6547,9.17875,8.40916666666667,7.12416666666667,7.63,7.33541666666667,7.32083333333333
"155","2020-06-03",1.4428571428571,-0.157142857142899,3.0571428571429,-7.59666666666667,0,0,22.3333333333333,-5.2,1.11428571428571,-0.328571428571429,-2.6666666666667,3.6666666666667,-0.573076923077,-1.78458333333333,7991,11.1920833333333,11.165,11.6595833333333,10.9566666666667,10.6091666666667,9.73625
"156","2020-06-04",1.8714285714286,1.9714285714286,1.7428571428571,-2.08333333333333,0,0,-7.5,-2.3,1.87142857142857,0,-5,-11.1666666666667,7.0261538461539,3.11083333333333,10490,15.0720833333333,15.3104166666667,15.1491666666667,7.43833333333333,6.50708333333333,1.84291666666667
"157","2020-06-05",-0.4428571428572,0.785714285714301,-1.6857142857142,10.4,0,0,-2.5,12.9,-0.44285714285714,0,14.3333333333333,4,-0.506923076923098,1.5645833333333,2972,16.3183333333333,16.0391666666667,16.6275,6.18041666666667,5.97583333333333,3.18958333333333
"158","2020-06-06",-1.8714285714285,-1.3857142857143,-2.3571428571429,-10.32,0,0,9.2,-0.600000000000001,-1.87142857142857,0,-16.6666666666666,-12.1666666666666,1.22,-7.46666666666663,-22186,9.99541666666667,10.0254166666667,9.03916666666667,10.7416666666667,10.725,10.725
"159","2020-06-07",-3.4821428571429,-2.9589285714286,-4,-0.08,0,0,0.800000000000001,-16,-1.75714285714286,1.725,3.6666666666666,4,3.7015384615385,13.15375,-12488,5.22125,5.1925,4.21833333333333,19.78125,19.1441666666667,18.8908333333333
"160","2020-06-08",0.6875,-0.862499999999999,2.2375,0.1,0,0,-12,-2.8,0.0625,-0.625,-7.3333333333333,0.6666666666666,-0.66,-9.255,14615,12.4870833333333,12.0220833333333,10.57625,3.49833333333333,2.56541666666667,1.54083333333333
"161","2020-06-09",6.2803571428571,3.7642857142857,8.8196428571429,3.74,0,0,-6.5,2.5,5.18035714285714,-1.1,-4.5,-9.5333333333333,-0.993846153846199,1.64375,22627,12.7125,12.27375,12.4045833333333,3.95583333333333,2.18583333333333,0.237083333333333
"162","2020-06-10",0.5,2.6,-1.6714285714286,12.78,0,0,10.1,30.1,0.5,0,26.3333333333333,25.3666666666667,-4.6307692307692,-3.6266666666667,9241,NA,NA,NA,6.99041666666667,4.17041666666667,0.214166666666667
"163","2020-06-11",-3.9428571428571,-1.4428571428571,-6.3857142857143,-16.62,0,0,4.8,-6.59999999999999,-3.94285714285714,0,-13.8333333333333,0.3333333333333,1.2484615384615,-6.08,-21732,3.95083333333333,4.45041666666667,4.47166666666667,6.81375,6.26958333333333,0.47875
"164","2020-06-12",-5.7142857142857,-5.65714285714289,-5.7714285714286,0.14,0,0,3.2,-2.6,-1.8,3.91428571428571,-2.5,-23.5,4.6646153846154,0.82041666666667,-14343,4.41583333333333,3.90166666666667,2.35916666666667,5.11875,4.6075,0.782916666666667
"165","2020-06-13",-0.6,-1.2,0,0.06,0,0,3.9,-14.4,0,0.6,-9.6666666666667,6.3333333333333,1.8576923076923,-3.71958333333334,-14278,1.20458333333333,1.28791666666667,0.909583333333333,5.3975,4.47208333333333,4.46583333333333
"166","2020-06-14",-0.4,-0.48571428571428,-0.328571428571401,-0.04,0,0,-22,-5.5,0,0.4,3.5,2.6666666666667,-1.23,0.185,-1471,0.478333333333333,0.335416666666667,-0.332083333333333,0.142916666666667,0.142916666666667,0.142916666666667
"167","2020-06-15",2.0571428571428,1.45714285714286,2.6285714285714,0.06,0,0,-1.75,-1,0,-2.05714285714285,-1.6666666666666,-13.1666666666667,0.4215384615385,5.545,15386,5.61666666666667,5.58666666666667,5.49791666666667,6.58166666666667,4.96541666666667,3.1
"168","2020-06-16",1.5,0.242857142857138,2.7428571428572,0.02,0,0,3.25,NA,0.0285714285714286,-1.47142857142857,-1.3333333333334,7.5,-0.941538461538503,5.03083333333337,6403,9.96875,9.56791666666667,9.16083333333333,2.3675,1.99,0.366666666666667
"169","2020-06-17",2.7857142857143,2.17142857142857,3.4428571428571,-0.1,0,0,NA,NA,1.5,-1.28571428571429,2.8333333333334,0,0.543076923076903,3.73,9528,NA,NA,NA,2.65833333333333,1.83875,0.415833333333333
"170","2020-06-18",2,2.4857142857143,1.5428571428572,0.04,0,0,NA,NA,1.9,-0.1,0.1666666666666,0.6666666666667,-1.43,2.1945833333333,9185,13.2154166666667,13.1058333333333,12.4595833333333,4.23041666666667,3.66166666666667,0.815416666666667
"171","2020-06-19",1.4714285714286,1.6142857142857,1.3053571428571,-0.013333333333333,0,0,NA,NA,1.47142857142857,0,12.8333333333334,7.5,-2.1530769230769,-0.268333333333301,9720,16.0233333333333,15.96375,15.38,1.93958333333333,1.49833333333333,0.24375
"172","2020-06-20",1.7,2.0285714285714,1.3375,-0.00666666666666699,0,0,NA,NA,1.7,0,-9.5,2.8333333333333,0.682307692307699,1.1108333333333,-4608,17.0883333333333,16.9445833333333,16.17625,2.79791666666667,2.33833333333333,1.75375
"173","2020-06-21",-0.100000000000001,0.4714285714286,-0.6428571428571,-0.08,0,0,NA,NA,-0.0999999999999996,0,11.8333333333333,2.8333333333334,-0.120769230769199,-0.362916666666703,-12,15.8516666666667,16.09125,15.7058333333333,6.36,5.98875,2.51625
"174","2020-06-22",0.228571428571399,0.942857142857097,-0.457142857142902,0.06,0,0,-4.1666666666667,-2.6666666666667,0.22857142857143,0,-0.5,1.6666666666666,-9.6453846153846,6.22125,11780,22.16875,22.23875,23.6275,6.40041666666667,6.2575,4.6075
"175","2020-06-23",-2.7660714285714,-0.755357142857097,-4.7875,4.26,0,0,9.7,14.4,-2.76607142857143,0,19.5,2,-5.9253846153847,-9.2366666666666,-8571,16.7291666666667,16.9633333333333,16.13625,7.39791666666667,6.7225,6.7225
"176","2020-06-24",-3.3053571428571,-4.1875,-2.4696428571429,-4.26,0,0,3.2,6.6,-2.99107142857143,0.314285714285714,-25.8333333333333,-12.5,8.0469230769231,-8.17625000000003,-23281,8.46708333333333,8.70416666666667,8.31041666666667,4.98208333333333,1.2375,0.230416666666667
"177","2020-06-25",0.5571428571428,-2.1571428571429,3.3,0.08,0,0,0.400000000000002,-16.2,0.242857142857139,-0.314285714285714,-5,1.3333333333334,3.1376923076923,5.72416666666663,2995,12.8741666666667,12.7125,13.3325,7.65458333333333,1.60083333333333,1.2325
"178","2020-06-26",2.4857142857143,2.2285714285715,2.7,1.12,0,0,-1,4.6,2.54285714285715,0.0571428571428571,-1.8333333333334,-3.1666666666667,4.2376923076923,2.8691666666667,12173,14.23625,14.1375,14.3916666666667,1.14083333333333,0.41875,0.2925
"179","2020-06-27",2.1428571428571,3.5714285714285,0.771428571428601,1.74,0,0,0,1.4,2.08571428571428,-0.0571428571428571,13.1666666666667,17,-5.9376923076923,-0.599166666666699,-1979,12.3579166666667,12.5325,11.9954166666667,5.97333333333333,5.00083333333333,3.2325
"180","2020-06-28",-0.9714285714285,-1.4285714285714,-0.5,-2.88,0,0,1,-6.59999999999999,-0.97142857142857,0,-4,-3.3333333333333,6.6353846153846,-0.483750000000001,-1457,12.60375,13.00375,13.09,3.39916666666667,2.87625,2.74625
"181","2020-06-29",1.8857142857143,2.2857142857143,1.4714285714286,-0.02,0,0,-0.300000000000001,-3.7,1.88571428571429,0,-6.1666666666667,-17.5,0.389230769230799,4.0283333333334,20877,18.1579166666667,18.70125,17.8166666666667,5.86208333333333,3.68375,1.99166666666667
"182","2020-06-30",-1.8821428571429,-0.637500000000003,-3.1357142857143,-0.046666666666667,0,0,-17.5,0.5,-1.88214285714286,0,15.8333333333334,9.3333333333333,-1.9684615384615,-1.4995833333334,-3184,15.9783333333333,15.9970833333333,16.9625,5.08166666666667,4.42583333333333,0.837916666666667
"183","2020-07-01",0.737500000000001,-0.9375,2.45,0,0,0,17.5,-0.6666666666667,0.7375,0,-13.3333333333334,3.8333333333333,1.6,0.3783333333334,-6973,15.14875,14.5554166666667,14.9783333333333,15.67125,7.86916666666667,1.05625
"184","2020-07-02",4.5303571428571,4.1464285714286,4.8714285714286,-0.033333333333333,0,0,4.7,8.8666666666667,4.5303571428571,0,-10.3333333333333,-23,-1.2692307692308,-0.810833333333401,21685,19.9675,20.3145833333333,20.6345833333333,5.00708333333333,3.32166666666667,1.17666666666667
"185","2020-07-03",-1.3428571428571,-0.4428571428572,-2.3,0,0,0,1.4,-3.2,-1.3428571428571,0,13.8333333333333,6.3333333333334,-0.104615384615403,1.5733333333334,-1179,19.3166666666667,19.1979166666667,17.3320833333333,6.21958333333333,5.11083333333333,2.59791666666667
"186","2020-07-04",-1.4857142857143,-1.0857142857143,-1.8285714285715,0.1,0,0,1.9,-2,-1.48571428571429,0,-18.1666666666666,-5,2.1253846153846,2.71875,-16708,17.1366666666667,17.5695833333333,16.36,9.87458333333333,5.60375,3.96166666666667
"187","2020-07-05",-0.214285714285698,-2.7,2.2571428571429,-0.1,0,0,-4.1666666666667,-0.6666666666667,-0.21428571428571,0,0.8333333333333,1.8333333333333,-3.4807692307692,-6.2404166666667,-2506,15.9208333333333,15.8833333333333,16.11625,4.07083333333333,3.35333333333333,1.40541666666667
"188","2020-07-06",-0.350000000000001,1.8821428571429,-2.55,-0.0166666666666667,0,0,-21,-2.3333333333333,-0.35,0,16,7.6666666666667,2.2976923076923,20.5316666666667,21479,35.6883333333333,33.2808333333333,26.63625,21.8166666666667,12.8508333333333,11.275
"189","2020-07-07",2.1,0.587500000000002,3.5625,0.0499999999999997,0,0,8.99999999999997,5,2.1,0,-2.8333333333333,0.1666666666666,-1.3761538461538,-10.0095833333334,7351,56.3816666666667,55.0525,52.2245833333333,15.1608333333333,11.9958333333333,5.33916666666667
"190","2020-07-08",0.75,1.7875,-0.262499999999996,6.18333333333334,0,0,2.6666666666667,13.3333333333333,0.75,0,4.1666666666666,8.6666666666667,-1.8923076923077,8.6458333333334,6704,58.885,58.3958333333333,67.1933333333333,18.7808333333333,15.29375,2.31458333333333
"191","2020-07-09",0.414285714285697,0.128571428571401,0.721428571428596,-6.27666666666667,0,0,-3.5,-15.3333333333333,0.4142857142857,0,-0.6666666666666,-1.6666666666667,2.3361538461538,23.0379166666666,1888,79.42875,76.5845833333333,76.7883333333333,14.46875,13.6770833333333,4.63625
"192","2020-07-10",-1.0285714285714,-0.100000000000001,-1.9571428571429,7.72,0,0,8.5,16.4,-1.02857142857141,0,8.6666666666666,8.5,-1.27,-23.9120833333333,-925,37.9425,36.0045833333333,46.3791666666667,9.44791666666667,8.92083333333333,0.305833333333333
"193","2020-07-11",-2.3732142857143,-0.941071428571398,-3.8392857142857,-0.26,0,0,5,-5.8,-2.37321428571429,0,15.5,0.6666666666667,-13.7723076923077,-16.81625,-37948,16.54,16.67125,16.7858333333333,5.0075,4.7875,0.624583333333333
"194","2020-07-12",-1.7553571428571,-2.3589285714286,-1.1464285714286,-4.34,0,0,-0.800000000000001,-6.8,-1.75535714285714,0,-14.3333333333333,-5.8333333333333,10.5930769230769,-3.3616666666667,-11265,12.6054166666667,13.1754166666667,12.8279166666667,1.43708333333333,0.970416666666667,0.85875
"195","2020-07-13",-0.8571428571429,-0.214285714285698,-1.4857142857143,-2.8,0,0,1.8,2.8,-0.85714285714286,0,-0.5,-1.8333333333334,-1.8915384615384,2.0358333333334,5980,14.3895833333333,14.21875,13.805,1.17541666666667,0.973333333333333,0.256666666666667
"196","2020-07-14",0.175000000000001,-0.964285714285701,1.3071428571429,-0.176666666666667,0,0,NA,NA,0.175,0,-2.8333333333333,3.5,4.8576923076923,1.5054166666666,4748,14.8866666666667,15.0895833333333,15.64,0.762916666666667,0.594583333333333,0.31375
"197","2020-07-15",0.853571428571399,0.407142857142901,1.3071428571429,-0.00333333333333299,0,0,NA,NA,0.85357142857143,0,0.1666666666666,-1.3333333333333,1.0146153846154,-0.886666666666599,11640,NA,NA,NA,3.26791666666667,2.58,0.287083333333333
"198","2020-07-16",0.433928571428599,3.4803571428571,-2.6071428571429,3.72,0,0,7,-4.4,0.43392857142857,0,19.6666666666667,10.1666666666667,-18.3453846153846,-0.0608333333334006,-4965,14.2758333333333,14.725,14.9833333333333,3.10791666666667,2.32083333333333,0.585
"199","2020-07-17",2.05,-1.05,5.1125,-3.85,0,0,-3,0.199999999999996,2.05,0,-28.6666666666667,-7.1666666666667,20.2061538461538,0.5,9369,16.9291666666667,16.78125,16.0204166666667,2.0575,1.1475,0.606666666666667
"200","2020-07-18",0.6017857142857,-0.144642857142898,1.3946428571429,0.15,0,0,-1.6,3,0.60178571428571,0,4.8333333333334,-3.8333333333333,-1.7453846153846,-0.786250000000001,-2354,14.6045833333333,14.4883333333333,15.08125,2.33625,1.5025,0.25875
"201","2020-07-19",-0.4714285714286,1.4857142857143,-2.4285714285715,10.86,0,0,7,21.6,-0.471428571428571,0,23.6666666666666,7,-12.9184615384615,-0.320416666666599,-8092,14.6475,14.07375,13.7470833333333,9.87125,7.59625,5.48333333333333
"202","2020-07-20",-1.7285714285714,-3.3142857142857,-0.1428571428571,-11.06,0,0,1.4,-15.2,-1.72857142857143,0,-27.1666666666666,-0.5,11.8015384615384,0.181666666666599,8306,15.5283333333333,15.6,15.3066666666667,5.16583333333333,5.06041666666667,0.305833333333333
"203","2020-07-21",-3.0428571428571,-2.6571428571428,-3.4571428571429,0.42,0,0,NA,NA,-3.04285714285714,0,8.5,-5.6666666666667,-5.5715384615384,0.73625,-14728,15.0029166666667,15.13875,14.6879166666667,6.90083333333333,5.66916666666667,0.420416666666667
"204","2020-07-22",2.0035714285714,3.6803571428571,0.308928571428602,15.88,0,0,NA,NA,2.00357142857143,0,16.5,8.8333333333333,-5.7369230769231,2.0929166666667,3213,15.4204166666667,15.42875,14.6933333333333,4.90875,2.91166666666667,0.7675
"205","2020-07-23",0.0392857142857004,-0.337499999999999,0.4482142857143,-16.22,0,0,-10.3333333333333,2,0.0392857142857101,0,-12.8333333333334,-2.8333333333333,8.49,-1.4458333333333,788,14.97625,14.9666666666667,14.72625,4.70291666666667,2.94958333333333,0.2925
"206","2020-07-24",-0.0428571428571018,-0.842857142857099,0.785714285714299,0.1,0,0,NA,NA,-0.04285714285714,0,-3.6666666666666,-3.5,3.7269230769231,-0.1508333333334,1685,15.8704166666667,16.1816666666667,15.8979166666667,0.991666666666667,0.991666666666667,0.275416666666667
"207","2020-07-25",0.953571428571401,-0.507142857142902,2.3785714285714,-0.063333333333333,0,0,NA,NA,0.95357142857143,0,-12.1666666666667,-0.8333333333333,0.038461538461501,-0.47625,-4699,16.7191666666667,16.6045833333333,15.8929166666667,1.12333333333333,0.74875,0.290416666666667
"208","2020-07-26",2.775,2.3,3.225,0,0,0,4.2,6.1,2.775,0,6.3333333333333,-10,-1.1546153846154,2.2304166666667,11324,14.7070833333333,14.8025,14.7075,4.27458333333333,2.99958333333333,2.83916666666667
"209","2020-07-27",0.537499999999998,2.15,-1.0625,1.93333333333333,0,0,2,10,0.5375,0,7.5,8.8333333333333,-4.5007692307692,11.1145833333333,23362,19.9483333333333,18.395,17.585,6.92083333333333,4.74125,3.44708333333333
"210","2020-07-28",-3.1089285714286,-3.9142857142857,-2.2839285714286,-1.89,0,0,-1,-8.4,-3.10892857142857,0,-19.5,-1.8333333333333,3.4830769230769,-12.9883333333333,-19762,17.535,16.6945833333333,16.5025,1.05916666666667,0.259583333333333,0.249583333333333
"211","2020-07-29",0.128571428571501,0.557142857142797,-0.300000000000001,0.8,0,0,-2.5333333333333,-3.8666666666667,0.12857142857143,0,7.8333333333334,2.8333333333333,-1.4253846153846,3.9883333333333,-2214,16.6320833333333,16.2325,15.5183333333333,7.31458333333333,1.34541666666667,1.34416666666667
"212","2020-07-30",-1.7571428571429,-1.7857142857142,-1.7142857142857,-0.78,0,0,-7.1666666666667,-1.3333333333333,-1.75714285714286,0,1.1666666666666,-4.5,1.8138461538461,-2.12125,-6730,15.5429166666667,15.55875,15.6220833333333,7.65166666666667,0.4575,0.456666666666667
"213","2020-07-31",1,1.6857142857142,0.314285714285703,0.02,0,0,17.5,-5,1,0,3,3.8333333333333,1.473076923077,-1.2116666666666,1799,17.26375,17.3325,17.5879166666667,1.19166666666667,0.296666666666667,0.285416666666667
"214","2020-08-01",0.362500000000001,-0.367857142857101,1.0214285714286,10.5833333333333,0,0,-24,5,0.3625,0,-3.8333333333333,5,-2.7961538461539,6.4345833333333,-11099,20.985,20.50625,19.28625,5.76625,0.4725,0.472083333333333
"215","2020-08-02",-0.4375,1.325,-2.125,16.8833333333334,0,0,11.8,19.4,-0.4375,0,27.8333333333333,4.1666666666667,-9.8776923076923,-6.74875,-11517,14.4591666666667,14.4920833333333,13.5741666666667,6.49375,2.23708333333333,1.07041666666667
"216","2020-08-03",-1.9392857142857,-1.5714285714286,-2.3107142857143,-12.1066666666667,0,0,0.199999999999999,-16.8,-1.93928571428571,0,-3.3333333333333,-0.6666666666667,4.6530769230769,-0.0212500000000002,-8383,15.855,15.9708333333333,15.7683333333333,5.73083333333333,0.354166666666667,0.354166666666667
"217","2020-08-04",-0.242857142857201,-0.228571428571399,-0.257142857142799,-1.76,0,0,6.6666666666667,1.4,-0.24285714285715,0,4.5,0.1666666666667,-3.8692307692307,6.0208333333333,13858,15.36375,15.3125,15.9395833333333,7.03708333333333,4.83875,4.44666666666667
"218","2020-08-05",-2.3428571428571,-4.0714285714286,-0.614285714285803,-13.68,0,0,-3.2666666666667,1.4,-2.22857142857143,0.114285714285714,-32.1666666666667,-7.6666666666667,10.9253846153846,-10.2854166666666,-7444,14.0554166666667,13.9391666666667,14.77875,4.79041666666667,4.0975,2.42875
"219","2020-08-06",-0.5857142857143,-1.1857142857143,0,-0.12,0,0,NA,NA,-0.457142857142857,0.128571428571429,4.8333333333334,-0.5,0.300000000000001,5.6616666666666,-264,15.8179166666667,15.9629166666667,17.25,4.88375,3.02,3.01375
"220","2020-08-07",1.8428571428572,2.0571428571429,1.6,0,0,0,NA,NA,1.6,-0.242857142857143,-0.5,-4.3333333333333,-0.903076923076902,2.67875,5095,16.01625,16.7925,17.3908333333333,1.48333333333333,0.681666666666667,0.5525
"221","2020-08-08",1.4857142857142,1.2,1.7571428571429,0.14,0,0,NA,NA,1.48571428571428,0,-0.5,1.8333333333333,-0.229230769230799,-4.5308333333333,-3445,15.9579166666667,15.97375,16.2483333333333,0.805416666666667,0.275416666666667,0.26375
"222","2020-08-09",3.0571428571429,4.3333333333333,1.7833333333333,-0.14,0,0,4.75,5.25,3.05714285714286,0,19.2333333333333,0.6666666666667,-3.2915384615385,0.179166666666699,13481,15.7720833333333,16.1391666666667,15.6108333333333,1.50833333333333,0.679166666666667,0.668333333333333
"223","2020-08-10",1.9166666666667,1.5333333333334,2.3333333333334,0,0,0,-5.65,-0.850000000000001,1.91666666666667,0,-8.8,3.40000000000001,2.8146153846154,6.5433333333333,31691,36.8470833333333,34.7416666666667,29.47,7.07708333333333,5.495,2.21208333333333
"224","2020-08-11",-3.3595238095238,-4.2809523809524,-2.4595238095238,0,0,0,6,6.2,-3.35952380952381,0,-9.2666666666667,-4.06666666666671,-5.6392307692308,1.9695833333333,-9073,29.0645833333333,28.615,28.6116666666667,7.20666666666667,7.06875,3.16875
"225","2020-08-12",-0.8285714285715,-2.4714285714286,0.857142857142801,0.04,0,0,-5.6,-5.6,-0.82857142857143,0,-11.5,-4.6666666666666,7.5476923076923,3.1575,-12993,22.8841666666667,23.58625,28.935,10.7145833333333,8.85416666666667,3.72916666666667
"226","2020-08-13",1.6214285714286,3.3482142857143,-0.139285714285702,-0.04,0,0,-2,-5,1.62142857142857,0,7.5,4.8333333333333,-0.16,-5.765,6880,23.0970833333333,22.0941666666667,23.735,6.25541666666667,4.75166666666667,0.671666666666667
"227","2020-08-14",0.275000000000002,1.55,-0.962499999999999,0,0,0,-8.33333333333333,3,0.274999999999999,0,-1.6666666666666,-15.8333333333333,-0.289230769230702,-3.8929166666666,-2933,19.9891666666667,21.1541666666667,21.2783333333333,3.68166666666667,2.5925,0.620416666666667
"228","2020-08-15",-2.175,-3.05,-1.325,0,0,0,0.666666666666631,-1,-2.175,0,18.8333333333333,16.1666666666666,-3.3269230769231,10.7920833333333,-16057,21.2920833333333,19.8516666666667,19.42625,12.2879166666667,10.2383333333333,9.54833333333333
"229","2020-08-16",-0.537500000000001,1.2,-2.3125,4.01666666666667,0,0,3.6666666666667,-1,-0.5375,0,6,8.1666666666667,-11.5453846153846,-8.3570833333333,-12031,19.1191666666667,19.0870833333333,20.1770833333333,1.81458333333333,1.12583333333333,0.55375
"230","2020-08-17",-0.487500000000001,-2.4875,1.5625,5.56666666666666,0,0,16.6,7.6,-0.4875,0,-13,0,6.4,-0.0249999999999986,6296,19.7041666666667,19.6575,21.295,2.73375,2.18583333333333,0.764166666666667
"231","2020-08-18",-1.5875,-1.2375,-1.975,-9.36666666666666,0,0,2,4,-1.5875,0,-6,-8.3333333333333,4.2461538461538,-3.67375,-5403,18.00125,18.0645833333333,18.3425,3.58291666666667,2.86875,0.883333333333333
"232","2020-08-19",-1.3875,-1.675,-1.0625,-0.216666666666667,0,0,1.4,-8.4,-1.075,0.3125,-8.8333333333333,-2.5,3.3869230769231,0.717499999999999,-4602,17.1595833333333,17.03125,17.1779166666667,2.56083333333333,1.95708333333333,1.13458333333333
"233","2020-08-20",1.075,-1.325,3.475,0.0333333333333333,0,0,-14.2,5.4,0.8875,-0.1875,10,0,-0.966923076923102,-3.9466666666667,5533,16.3120833333333,16.4116666666667,15.41,2.11041666666667,1.94333333333333,0.973333333333333
"234","2020-08-21",4.4625,6.3,2.6375,0.116666666666667,0,0,3.7,-3.1,4.3375,-0.125,2.5,7,-2.5976923076923,7.6270833333333,12687,20.7175,20.0966666666667,20.2525,2.87875,2.24125,1.40875
"235","2020-08-22",1.1125,2.1482142857143,0.0732142857143003,0.25,0,0,-8.5,NA,1.1125,0,4.5,2.8333333333333,0.846923076923101,3.9429166666667,58,22.2216666666667,21.5279166666667,20.9404166666667,2.67208333333333,1.66,1.08208333333333
"236","2020-08-23",0.228571428571399,-1.3285714285714,1.7428571428571,-0.3,0,0,9,NA,0.22857142857143,0,-12.3333333333334,1.5,0.5753846153846,-3.8791666666667,3614,37.2945833333333,33.4241666666667,28.3270833333333,3.79125,1.8625,0.820416666666667
"237","2020-08-24",1.2089285714286,1.6928571428571,0.746428571428599,2.6,0,0,2.3333333333333,12.6666666666667,1.20892857142857,0,0.5,-3.1666666666667,-0.945384615384601,5.81875,21539,35.0241666666667,36.45,36.2629166666667,6.26625,4.64583333333333,0.522083333333333
"238","2020-08-25",-3.8625,-2.7,-5.0125,-2.7,0,0,4.8666666666667,1.1333333333333,-3.8625,0,0.1666666666667,-0.8333333333333,1.0592307692308,-2.245,-11137,24.31,24.34125,24.94625,1.2525,0.522916666666667,0.24125
"239","2020-08-26",-4.6875,-4.1,-5.3125,8.31666666666667,0,0,NA,NA,-3.9125,0.775,15.3333333333333,6.5,-7.8946153846154,-3.7733333333333,-27402,NA,NA,NA,1.21666666666667,0.272083333333333,0.23375
"240","2020-08-27",6.375,4.75,8.0125,-7.63666666666667,0,0,NA,NA,5.6,-0.775,1.1666666666667,-0.5,-1.6315384615385,-2.1725,19044,19.6320833333333,18.6425,19.215,2.01375,0.897916666666667,0.2725
"241","2020-08-28",-3.95,-1.6625,-6.2125,-0.0800000000000001,0,0,-19.8,-17.2,-3.95,0,2,-1,2.7338461538462,-2.1275,-13845,19.89,19.6066666666667,20.2620833333333,2.4225,1.5375,1.53625
"242","2020-08-29",1.575,0.725000000000001,2.425,0.76666666666667,0,0,22,28.4,1.575,0,-1.5,-0.3333333333333,-1.25,-7.4575,-12225,9.85125,11.0983333333333,11.3066666666667,1.57333333333333,0.7225,0.7225
"243","2020-08-30",-2.9375,-2.425,-3.425,-1.03333333333334,0,0,-0.800000000000001,-27.4,-2.85,0.0875,-11.6666666666667,-6.5,6.5869230769231,3.3895833333333,-11767,11.03875,11.12375,11.475,0.672083333333333,0.50375,0.498333333333333
"244","2020-08-31",0.3125,-0.5625,1.1625,-0.333333333333333,0,0,-21.6,8.4,0.225,-0.0875,2.8333333333334,-1,1.8353846153846,4.0029166666667,17463,16.4854166666667,16.1495833333333,16.8,2.105,1.23291666666667,1.19791666666667
"245","2020-09-01",4.2660714285714,5.025,3.5303571428571,2.48,0,0,8.9,-6.4,4.26607142857143,0,10.1666666666666,6,-3.8146153846154,2.6804166666667,17028,18.5641666666667,18.5408333333333,18.8716666666667,2.80708333333333,0.871666666666667,0.284583333333333
"246","2020-09-02",-0.4428571428571,-1.2428571428571,0.3285714285715,2.14,0,0,9.1,15,-0.44285714285714,0,-11.1666666666666,1.6666666666666,-6.2046153846154,0.315000000000001,1550,18.2966666666667,17.9458333333333,17.7775,2.47583333333333,0.765833333333333,0.507083333333333
"247","2020-09-03",-2.0107142857143,-3.6196428571429,-0.383928571428598,-2.82,0,0,-5.6,-1.8,-2.01071428571429,0,-2.1666666666667,-5.3333333333333,7.6523076923077,-5.7791666666667,-9153,17.9841666666667,18.00625,17.1120833333333,3.92125,3.42,3.39541666666667
"248","2020-09-04",-2.8035714285714,-0.9375,-4.7017857142857,-1.66,0,0,4.6,-0.200000000000003,-2.34642857142857,0.457142857142857,-11,-3,1.1638461538461,-3.71291666666667,-15034,15.0029166666667,15.695,15.055,3.985,3.20291666666667,1.86208333333333
"249","2020-09-05",-1.4714285714286,-1.5428571428571,-1.3571428571429,0.18,0,0,-0.933333333333302,-15.6666666666667,-0.428571428571429,1.04285714285714,9.8333333333333,-2.8333333333333,-9.1092307692307,10.6004166666667,-16086,14.5625,14.7725,14.4758333333333,2.91458333333333,2.07208333333333,2.06958333333333
"250","2020-09-06",-1.1142857142857,-2.48571428571433,0.242857142857201,1.48,0,0,-11.6666666666667,-1.3333333333333,0,1.11428571428571,-6.5,4.3333333333333,8.4846153846154,-11.3633333333333,-4530,11.5520833333333,11.1275,9.97125,1.32291666666667,0.962083333333333,0.8775
"251","2020-09-07",4.2,6.15714285714283,2.2428571428571,3.46,0,0,5.2,22.6,1.58571428571429,-2.61428571428571,27,3.5,-11.8169230769231,4.31458333333333,6867,10.6766666666667,10.705,10.42375,1.815,1.70166666666667,1.57625
"252","2020-09-08",-4.1714285714286,-0.857142857142799,-7.5,-5.26,0,0,-0.199999999999999,-22.6,-1.58571428571429,2.58571428571429,3,-7,-0.98692307692307,6.1225,8312,18.2675,17.9295833333333,18.8870833333333,2.94958333333333,2.05291666666667,0.5
"253","2020-09-09",0.714285714285701,-0.3714285714286,1.8428571428572,0.6,0,0,NA,NA,0,-0.71428571428572,18.1666666666667,12.5,0.841538461538461,2.7320833333333,2808,NA,NA,NA,1.24166666666667,0.735833333333333,0.550416666666667
"254","2020-09-10",0.683928571428599,-0.4625,1.8303571428571,-0.466666666666667,0,0,NA,NA,0,-0.68392857142857,-18.6666666666667,0.6666666666667,1.71538461538463,0.129999999999999,597,20.72125,20.4479166666667,20.2729166666667,0.697083333333333,0.398333333333333,0.31875
"255","2020-09-11",-2.875,-3.275,-2.525,-0.016666666666666,0,0,-11.6666666666667,1,0,2.875,-11.1666666666666,-9.1666666666667,6.8292307692308,-1.2491666666666,-5237,18.1470833333333,17.9945833333333,17.5454166666667,3.08875,2.16291666666667,1.53875
"256","2020-09-12",1.3375,-0.5,3.1625,0.05,0,0,-11.6666666666667,-0.6666666666667,0,-1.3375,8.1666666666666,3.3333333333333,-0.00769230769239826,-8.2808333333334,-10115,14.495,14.7333333333333,13.38,3.70125,2.82,1.21875
"257","2020-09-13",5.225,5.25,5.1875,6.26666666666666,0,0,18.0666666666667,15.2666666666667,2.5,-2.725,-14.8333333333333,3.3333333333334,-5.0592307692307,-2.84791666666663,5225,9.98916666666667,9.84541666666667,9.65125,3.62291666666667,3.065,3.065
"258","2020-09-14",-7.375,-6.325,-8.3875,-6.43333333333333,0,0,4,-13.4,-2.5,4.875,-10.5,-12.3333333333334,7.7161538461538,3.37041666666663,4004,13.5308333333333,13.2545833333333,13.5325,5.14375,4.22833333333333,2.85166666666667
"259","2020-09-15",-0.367857142857099,-2.57321428571429,1.8464285714286,0.04,0,0,-9.9,-2.2,0,0.36785714285714,13.3,0.466666666666697,-4.9746153846154,1.5458333333334,-443,14.5591666666667,15.1595833333333,14.51375,7.04708333333333,6.7775,6.7775
"260","2020-09-16",5.7053571428571,6.77321428571429,4.6410714285714,-0.04,0,0,-0.5,6.6,0.65,-5.05535714285714,-2.6333333333333,-0.133333333333297,-0.6523076923077,-9.13958333333337,4283,7.86125,8.08291666666667,7.67541666666667,7.13541666666667,6.95666666666667,6.95666666666667
"261","2020-09-17",-3.9875,-3.175,-4.85,0,0,0,4,-5.1,-0.65,3.3375,-3.8333333333334,3.1666666666666,0.9176923076924,9.49041666666667,-1281,NA,NA,NA,3.99416666666667,3.41083333333333,3.41083333333333
"262","2020-09-18",-3.5375,-3.7,-3.325,0.0333333333333333,0,0,4.4,4.1,0,3.5375,-13.5,-15.8333333333333,4.1092307692307,-4.1541666666667,-4693,13.9358333333333,14.1158333333333,13.3516666666667,3.79916666666667,1.3675,1.28958333333333
"263","2020-09-19",-2.125,-3.175,-1.125,0.0999999999999997,0,0,-19.9,-9.6,0,2.125,1.6666666666667,1.5,0.3369230769231,1.1445833333334,-9855,12.3454166666667,12.94375,10.715,6.16083333333333,1.08958333333333,1.08958333333333
"264","2020-09-20",3,3.925,2.075,0.05,0,0,2.5,3,0,-3,8,4.5,-0.2176923076923,-2.31083333333337,-2281,9.89916666666667,9.50916666666667,8.31416666666667,2.36125,1.16875,1.03375
"265","2020-09-21",0.6160714285714,-1.04821428571429,2.3410714285714,-0.043333333333333,0,0,4,-3,0,-0.61607142857143,-0.1666666666667,7.1666666666667,0.289230769230802,2.63916666666667,13878,12.7354166666667,12.7466666666667,11.98375,2.16166666666667,0.48875,0.409583333333333
"266","2020-09-22",1.5428571428572,1.17142857142858,1.9285714285715,-0.14,0,0,NA,NA,0,-1.54285714285714,0.6666666666667,5.3333333333333,-3.48,0.8470833333333,2071,13.4358333333333,13.24125,13.2554166666667,2.55625,1.64875,0.395416666666667
"267","2020-09-23",5.2857142857143,4.72857142857141,5.8285714285714,0.42,0,0,NA,NA,1.51428571428571,-3.77142857142857,-11.3333333333333,0.5,1.9930769230769,4.1779166666667,5418,13.38125,13.1525,12.1091666666667,3.70958333333333,2.705,2.65875
"268","2020-09-24",-1.3285714285715,-0.5285714285714,-2.1857142857143,1.6,0,0,-10,-2.2,-1.12857142857142,0.2,17.3333333333333,4.8333333333333,-6.0215384615385,-1.5754166666667,122,15.1270833333333,14.8625,14.7116666666667,3.47208333333333,2.79166666666667,0.452083333333333
"269","2020-09-25",1.1089285714286,2.7267857142857,-0.512499999999999,-1.53666666666667,0,0,NA,NA,0.751785714285714,-0.357142857142857,9.6666666666667,2.3333333333334,3.3615384615385,1.5629166666667,1854,17.6679166666667,17.6425,18.0920833333333,2.28583333333333,0.456666666666667,0.379583333333333
"270","2020-09-26",0.137499999999999,-0.7125,1.0125,-0.333333333333333,0,0,NA,NA,0.1125,-0.025,-0.1666666666667,0.3333333333333,-0.470000000000001,-6.61,-10686,12.8820833333333,13.2579166666667,13.2020833333333,4.66833333333333,2.89625,0.785833333333333
"271","2020-09-27",2.65,4.9625,0.362500000000001,-0.0666666666666667,0,0,1.2,7.2,2.575,-0.075,2.1666666666667,-10.8333333333333,-0.0546153846153992,-0.674583333333331,1579,10.4495833333333,10.6320833333333,10.4483333333333,2.74166666666667,0.72625,0.352083333333333
"272","2020-09-28",-1.225,-2.775,0.337499999999999,7.83333333333334,0,0,2.4,3.59999999999999,-1.225,0,-2.3333333333334,8.1666666666666,-0.7961538461538,16.8241666666666,16929,20.9583333333333,18.9125,19.3116666666667,7.78625,4.39041666666667,3.13958333333333
"273","2020-09-29",-4.775,-2.625,-6.925,-5.53333333333334,0,0,0.100000000000001,-2.8,-2.6,2.175,-3.5,-2,-4.0461538461539,-11.3466666666666,-11840,16.6170833333333,16.2995833333333,16.3591666666667,1.19708333333333,0.360416666666667,0.332916666666667
"274","2020-09-30",-1.4,-2.3125,-0.537500000000001,5.88333333333334,0,0,0.100000000000001,15.2,0,1.4,-0.3333333333333,0.8333333333334,-0.526153846153839,-6.86125000000003,-4028,11.7133333333333,11.8516666666667,11.4425,4.66708333333333,0.805833333333333,0.805833333333333
"275","2020-10-01",-1.2,-1.4875,-0.875,-7.43333333333334,0,0,2.6,-17,0,1.2,-2.8333333333333,-3.1666666666667,3.72692307692304,3.67166666666663,-1919,11.9554166666667,11.8004166666667,12.0541666666667,2.22333333333333,0.290416666666667,0.290416666666667
"276","2020-10-02",-2.6821428571429,-2.7625,-2.6339285714286,-0.193333333333333,0,0,8.3,-5.2,0,2.68214285714286,4.1666666666666,2.1666666666667,-3.42615384615381,0.8716666666667,-21,13.0320833333333,12.9516666666667,12.3316666666667,0.50875,0.234166666666667,0.234166666666667
"277","2020-10-03",-2.22857142857139,-2.78571428571429,-1.7142857142857,0.82,0,0,NA,NA,0,2.22857142857143,-10.8333333333333,-3.8333333333334,0.55769230769231,1.1779166666667,-9717,13.6941666666667,13.7841666666667,13.5354166666667,0.815833333333333,0.3175,0.3175
"278","2020-10-04",0.614285714285721,2.9,-1.6,1.28,0,0,NA,NA,0,-0.614285714285721,36.8333333333333,8.6666666666667,-5.04461538461538,-1.6970833333334,917,10.1266666666667,10.5095833333333,10.7254166666667,0.597083333333333,0.225416666666667,0.225416666666667
"279","2020-10-05",2.15892857142857,0.39821428571429,3.8732142857143,-2.62333333333333,0,0,NA,NA,0,-2.15892857142857,-29.3333333333333,0.1666666666667,7.47384615384618,-2.78749999999997,10109,9.74791666666667,9.845,9.98666666666667,0.235833333333333,0.235833333333333,0.235833333333333
"280","2020-10-06",1.35,0.15,2.6,0.35,0,0,-1.6,NA,0,-1.35,9.5,-8.3333333333334,-1.6469230769231,-7.10125,363,4.74125,5.34375,4.73291666666667,1.45,0.503333333333333,0.503333333333333
"281","2020-10-07",1.95,3.45,0.412500000000001,1.98333333333333,0,0,9,30.6,0,-1.95,-12,1.8333333333334,0.403076923076901,0.33666666666667,-167,NA,NA,NA,6.40041666666667,5.72041666666667,5.71541666666667
"282","2020-10-08",-4.77321428571429,-5.36964285714286,-4.1285714285714,-1.51,0,0,-6.4,-23,0,4.77321428571429,6.8333333333333,4.8333333333333,0.105384615384599,11.1570833333333,-641,11.595,11.8029166666667,11.8620833333333,1.27166666666667,0.469583333333333,0.469583333333333
"283","2020-10-09",0.38571428571429,-1.8,2.5714285714285,-0.9,0,0,-3,-14,0,-0.38571428571429,-4.5,0.3333333333333,1.6061538461539,-3.29375,-2472,11.0525,10.9704166666667,10.9491666666667,1.04125,0.360833333333333,0.360833333333333
"284","2020-10-10",5.2428571428571,5.22857142857143,5.2285714285715,0.24,0,0,10,11,0,-5.24285714285714,0.6666666666667,-9.6666666666666,-7.16076923076925,-7.72374999999997,-9791,3.625,4.07666666666667,3.17333333333333,2.81791666666667,0.670833333333333,0.670833333333333
"285","2020-10-11",-7.1428571428571,-3.75892857142857,-10.5464285714286,-0.28,0,0,-24,-4.6666666666667,0,7.14285714285714,6.6666666666667,-7.1666666666667,7.68307692307695,3.06666666666667,-4030,5.425,5.39166666666667,3.78958333333333,0.290833333333333,0.21125,0.21125
"286","2020-10-12",3.3375,2.4375,4.2625,1.96666666666667,0,0,3.4,3.4666666666667,0,-3.3375,10.8333333333333,11,-5.55307692307695,-3.13458333333333,-14,3.43625,3.59416666666667,2.96083333333333,1.01666666666667,0.269583333333333,0.269583333333333
"287","2020-10-13",2.4625,2.65,2.2625,1.86666666666666,0,0,20.8,-5.4,0,-2.4625,-33.6666666666667,6.1666666666667,6.58307692307695,4.945,13350,9.80375,10.1366666666667,10.0766666666667,4.31375,3.52916666666667,1.57916666666667
"288","2020-10-14",-1.8375,-2.4,-1.3,-3.38333333333333,0,0,-7.7,-5.4,0,1.8375,-1,-7.6666666666667,-2.2592307692308,3.56000000000003,1807,11.96625,11.5020833333333,9.19541666666667,8.3875,7.08625,7.05125
"289","2020-10-15",0.225,1.5125,-1.025,10.9,0,0,1.9,10.8,0,-0.225,28.3333333333334,3.8333333333333,-10.3253846153846,-2.41083333333337,3346,7.74583333333333,7.7825,7.14916666666667,5.47083333333333,5.41541666666667,3.11416666666667
"290","2020-10-16",-4.575,-5.6375,-3.4875,-8.86666666666667,0,0,3.9333333333333,-5.8,0,4.575,-31.8333333333334,-4.8333333333333,11.1153846153846,3.57791666666667,-2825,14.0083333333333,13.7325,14.24,4.70125,4.2025,2.68875
"291","2020-10-17",-0.2,-1.65,1.2125,-2.3,0,0,-7.1333333333333,1,0,0.200000000000001,10,-2.3333333333333,-0.5461538461538,-5.15083333333333,-9788,6.7825,6.60416666666667,4.04583333333333,3.16791666666667,2.4075,1.3625
"292","2020-10-18",2.7017857142857,5.24642857142857,0.149999999999999,2.09666666666667,0,0,3.8,-1.4,0,-2.70178571428571,13.1666666666667,7.8333333333333,-9.06153846153851,-3.11791666666667,-1427,3.08583333333333,2.31833333333333,1.23458333333333,1.24291666666667,0.327083333333333,0.327083333333333
"293","2020-10-19",-3.14285714285713,-0.61428571428571,-5.64285714285714,4.16,0,0,-6.5,-3.6,0,3.14285714285711,26.1666666666667,1.6666666666667,-0.21153846153846,19.3866666666667,15076,23.7779166666667,22.2429166666667,21.13375,2.14333333333333,1.57375,1.14625
"294","2020-10-20",1.78571428571429,-0.21428571428572,3.72857142857144,-4.4,0,0,-10.1666666666667,-1,0,-1.78571428571426,-20.6666666666667,-0.6666666666667,5.53846153846154,-8.3845833333334,-1259,19.3766666666667,20.5245833333333,20.5483333333333,3.1625,2.57041666666667,1.47916666666667
"295","2020-10-21",2.89285714285714,0.51964285714286,5.3142857142857,3.32666666666667,0,0,19.6666666666667,13.8,0,-2.89285714285714,-2,3,-3.33153846153846,-3.35625,-70,9.69375,9.385,7.0425,4.93416666666667,3.53625,2.58875
"296","2020-10-22",-1.7625,1.125,-4.6125,-4,0,0,-18.3333333333333,-13.8,0,1.7625,15.6666666666667,0.1666666666667,-2.13307692307693,5.6741666666667,716,19.1916666666667,18.4516666666667,18.2966666666667,6.89458333333333,3.88666666666667,2.49625
"297","2020-10-23",6.1410714285714,1.39821428571429,10.8553571428571,1.73333333333333,0,0,12.3333333333333,23.8,0,-6.14107142857143,-12,0.8333333333333,7.81538461538462,-16.79,-3284,3.65625,3.92333333333333,2.32583333333333,4.32916666666667,2.53208333333333,1.67833333333333
"298","2020-10-24",-10.4410714285714,-6.23571428571429,-14.6803571428571,-3.1,0,0,8.4,-10.8,0,10.4410714285714,-7.3333333333334,-16.1666666666667,-2.55307692307692,11.1520833333333,-9161,10.7025,9.71041666666667,9.69833333333333,7.22958333333333,2.8825,1.27375
"299","2020-10-25",-1.2625,-0.9625,-1.55,0.266666666666667,0,0,-23.4,-5.5,0,1.2625,-4.3333333333333,2.5,-2.05461538461539,0.578333333333401,1164,14.7025,14.2045833333333,13.2179166666667,2.63166666666667,2.43166666666667,2.43166666666667
"300","2020-10-26",1.1875,1.175,1.2125,0.750000000000003,0,0,0,4.5,0,-1.1875,11.8333333333333,3.6666666666667,-3.59769230769231,10.8729166666666,14282,23.4933333333333,23.1116666666667,22.8758333333333,4.84208333333333,4.50541666666667,1.11583333333333
"301","2020-10-27",-0.98392857142857,-0.10535714285714,-1.83928571428571,4.94333333333333,0,0,NA,NA,0,0.983928571428601,16.6666666666667,5,0.19,1.095,1642,24.82875,23.48625,23.2275,11.4870833333333,11.0629166666667,2.68541666666667
"302","2020-10-28",2.1547619047619,-0.90714285714286,5.23095238095241,-5.96,0,0,NA,NA,0,-2.1547619047619,-37.75,-1.5,7.57769230769232,-15.9320833333333,-2960,20.3641666666667,21.9679166666667,19.8316666666667,18.3708333333333,11.8504166666667,8.69958333333333
"303","2020-10-29",-0.31190476190476,0.50714285714286,-1.202380952381,0.56,0,0,-20.0666666666667,-3.8666666666667,0,0.3119047619047,28.4166666666667,-2.3333333333333,-7.10000000000001,4.9570833333333,1015,22.0029166666667,23.2966666666667,22.6633333333333,16.2233333333333,12.5583333333333,8.31166666666667
"304","2020-10-30",-6.31428571428571,-5.11428571428572,-7.42857142857141,-0.56,0,0,6.0666666666667,-3.4666666666667,0,6.3142857142857,-9.5,-10.8333333333334,1.48153846153846,4.8075,3323,22.1683333333333,22.10375,22.4945833333333,8.4925,1.30291666666667,0.68875
"305","2020-10-31",1.30535714285714,-2.59285714285714,5.18928571428571,0,0,0,6.8333333333333,0.6666666666667,0,-1.3053571428571,-8.5,6.3333333333334,5.12923076923075,-10.5708333333333,-11412,10.3520833333333,10.9141666666667,10.4529166666667,12.87875,5.96125,5.96125
"306","2020-11-01",4.1875,5.4375,2.9,4.58333333333333,1.66666666666667,0.333333333333333,6.5,28.4,0,-4.1875,7,9.8333333333333,-6.20461538461536,-4.29583333333333,-2585,3.86125,3.88208333333333,3.24125,0.37125,0.341666666666667,0.341666666666667
"307","2020-11-02",-3.05,-2.2125,-3.925,-4.58333333333333,-1.66666666666667,0.416666666666667,7.2,-2.4,0,3.05,-11.3333333333334,-17,2.83076923076923,3.80916666666666,15447,17.745,18.76625,13.2070833333333,12.5441666666667,6.98333333333333,5.865
"308","2020-11-03",3.0625,5.3375,0.824999999999999,0,0,-0.75,-3,-15.2,0,-3.0625,8.1666666666667,14,-2.49692307692308,12.1304166666667,-681,21.3883333333333,21.3404166666667,22.53375,5.39,4.38125,4.22125
"309","2020-11-04",4.20892857142857,-1.0125,9.4678571428571,0,0,0,-7.5333333333333,-3.1333333333333,0,-4.20892857142857,-3,4.8,6.76307692307691,-18.5466666666667,-4984,6.36833333333333,8.81916666666667,9.67125,4.8125,4.19833333333333,1.105
"310","2020-11-05",3.84285714285713,7.51428571428571,0.114285714285803,0,0,0,0,-8.3333333333334,0,-3.84285714285714,6,-17.3,-4.08615384615383,3.2675,-3185,6.73625,6.76666666666667,6.45625,6.68541666666667,4.46041666666667,1.02583333333333
"311","2020-11-06",-0.7642857142857,-3.36428571428571,1.8303571428571,0,0,0,1.3333333333333,2,0,0.76428571428571,-5.8333333333333,10.8333333333333,2.21846153846154,-0.50833333333333,-1837,8.225,8.4575,7.77458333333333,13.4575,5.24166666666667,1.37791666666667
"312","2020-11-07",0.992857142857101,1.66428571428571,0.3410714285714,0,0,0,1.5,-2.8333333333333,0,-0.99285714285714,-1.6666666666667,0.1666666666667,0.32692307692307,-1.00375,-10193,4.89583333333333,5.3075,4.61041666666667,3.54291666666667,0.607916666666667,0.607916666666667
"313","2020-11-08",-1.2428571428571,-2.87142857142857,0.371428571428599,0,0,0,NA,NA,0,1.24285714285714,-4.1666666666667,2.3333333333333,1.01230769230772,3.42416666666667,-2217,7.4225,7.36375,6.4075,11.8275,4.55458333333333,1.85208333333333
"314","2020-11-09",0.571428571428601,2.22857142857143,-1.0285714285714,0,0,0,NA,NA,0,-0.571428571428569,1.1666666666667,-1.6666666666666,-1.23000000000002,-1.13541666666667,12956,9.13375,9.37916666666667,9.56541666666667,10.3145833333333,3.25458333333333,3.25458333333333
"315","2020-11-10",1.8785714285714,0.0285714285714302,3.6785714285714,0.233333333333333,0,0,NA,NA,0,-1.87857142857143,8,-5,-0.636923076923081,-3.045,1468,4.77416666666667,5.41166666666667,5.53333333333333,9.62,5.98166666666667,5.97333333333333
"316","2020-11-11",-2.25,0.0249999999999995,-4.5,-0.05,0,0,1.2,7.1,0,2.25,-15.1666666666667,8.3333333333333,-0.60692307692308,4.04875,-964,NA,NA,NA,11.4879166666667,3.94041666666667,2.61375
"317","2020-11-12",-6.575,-4.8875,-8.2875,-0.183333333333333,0,0,NA,NA,0,6.575,6,-10.6666666666667,2.26153846153848,6.7754166666667,1958,14.2479166666667,14.3145833333333,14.4754166666667,12.5483333333333,9.24583333333333,5.50791666666667
"318","2020-11-13",-0.5875,-0.375,-0.8125,0.05,0,0,NA,NA,0,0.587499999999999,11.1666666666667,3.3333333333334,-5.45846153846155,18.1208333333333,2282,16.4475,16.1141666666667,14.39375,16.7991666666667,15.3308333333333,11.4808333333333
"319","2020-11-14",-1.1375,-1.05,-1.2125,1.41666666666667,0,0,-17.6666666666667,-2.4,0,1.1375,-14.1666666666667,-13.5,4.80076923076925,-20.49625,-9688,13.695,13.4020833333333,12.5041666666667,4.8625,2.96458333333333,1.43
"320","2020-11-15",3.3125,1.975,4.6625,5.96666666666666,0,0,11.2666666666667,51.8,0,-3.3125,15.6666666666667,18,-8.21923076923079,-8.21083333333333,-375,2.3325,2.3075,2.29333333333333,7.12791666666667,3.53458333333333,3.53458333333333
"321","2020-11-16",-4.3125,-0.675,-7.9625,-7.4,0,0.333333333333333,3,-30,0,4.3125,-3.6666666666667,-18.1666666666667,1.17692307692307,5.36916666666666,14732,8.48916666666667,8.49166666666667,8.93125,15.7533333333333,6.00125,3.13458333333333
"322","2020-11-17",-4.24285714285714,-7.15535714285714,-1.28035714285714,0.246666666666667,0.3,0,5.6,-2,0,4.2428571428571,-14.8333333333333,9.3333333333333,3.65538461538462,-0.28666666666666,2651,10.5225,10.7504166666667,11.9679166666667,15.535,9.31875,2.62041666666667
"323","2020-11-18",-0.757142857142857,-0.98571428571429,-0.48571428571429,-0.28,-0.3,-0.333333333333333,NA,NA,0,0.757142857142899,21.8333333333333,-1.5,-0.88076923076923,47.4495833333333,4854,17.71875,17.6729166666667,18.4475,51.1504166666667,45.1858333333333,32.9283333333333
"324","2020-11-19",9.37142857142857,7.04285714285714,11.6142857142857,0,0,0,NA,NA,0,-9.3714285714286,-23.8333333333333,-1.8333333333333,-0.47461538461539,-52.9016666666667,-8252,3.99375,3.81541666666667,3.61458333333333,3.00166666666667,3.00166666666667,3.00166666666667
"325","2020-11-20",3.72857142857143,5.76071428571429,1.6642857142857,0,0,0,3.8,2.4,0,-3.7285714285714,6,2.1666666666667,2.19461538461539,0.14875,-6708,2.83916666666667,3.17708333333333,2.68916666666667,2.46083333333333,2.46083333333333,1.65916666666667
"326","2020-11-21",-7.7625,-5.525,-9.9875,0,0,0,3.0666666666667,-7,0,7.7625,7.1666666666667,-11,-3.76461538461539,12.755,-3593,12.1133333333333,11.6625,11.9579166666667,13.5145833333333,4.59625,2.9475
"327","2020-11-22",-3.6125,-2.725,-4.425,17.8666666666667,18.2666666666667,2.33333333333333,-6,3.3333333333333,0,3.6125,9,26.3333333333333,-2.41230769230769,-2.37875,4518,14.7154166666667,14.7833333333333,15.1054166666667,8.87208333333333,2.29708333333333,1.3625
"328","2020-11-23",0.775,-0.3125,1.85,-16.4166666666667,-18.2666666666667,8.91666666666667,7,-1.6666666666666,0,-0.775000000000002,15.8333333333333,-3.8333333333333,2.62384615384616,0.68375,10675,15.8091666666667,16.0945833333333,15.2966666666667,14.7975,12.5645833333333,10.83
"329","2020-11-24",-0.95,-0.67916666666667,-1.22083333333333,0.425,0.666666666666667,0.4166666666667,-18.6666666666667,-7.3333333333334,0,0.950000000000003,-10,2.5833333333333,0.16153846153846,3.24625,2212,18.28375,18.22125,20.2666666666667,9.33708333333333,4.045,0.32875
"330","2020-11-25",3.8375,2.79166666666667,4.83333333333333,5.04166666666667,-0.666666666666667,-2.00000000000003,-4,-0.8333333333333,0,-3.8375,16.7,3.25,-1.38153846153846,-3.9483333333333,-1718,14.1141666666667,13.52,14.4,16.11625,13.1629166666667,6.70416666666667
"331","2020-11-26",4.525,5.0375,4.05,-6.2,0,-9.66666666666667,13.6666666666667,3.8333333333333,0,-4.525,-8.8,-0.799999999999997,-0.4223076923077,-1.0891666666667,-5150,13.12625,13.7545833333333,13.0445833333333,15.96125,12.6154166666667,10.1845833333333
"332","2020-11-27",-1.7625,-0.0874999999999995,-3.4875,-0.716666666666667,0,0,3.3333333333333,NA,0,1.7625,-6.40000000000001,-10.7,0.29461538461539,1.8045833333334,-1991,15.43625,15.3425,15.3316666666667,14.2275,10.9325,4.0975
"333","2020-11-28",-1.775,-2.9375,-0.575,0.0333333333333333,0,0,-0.600000000000001,NA,0,1.775,-19.8333333333333,1.8333333333333,5.45153846153846,-8.7979166666667,-9905,9.48208333333333,10.6166666666667,9.50916666666667,15.6454166666667,9.12166666666667,6.43166666666667
"334","2020-11-29",0.350000000000001,-2.375,3.0375,0.25,0,0,-2.2,-5,0,-0.35,9.6333333333333,-9.3333333333333,-0.0999999999999996,1.88791666666667,-2043,7.27416666666667,7.37625,6.38541666666667,10.1829166666667,9.06833333333333,2.21416666666667
"335","2020-11-30",-2.2625,0.275,-4.75,19.7333333333334,3.6,0.333333333333333,12.8,16.4,0,2.2625,20.7,13.5,-6.59230769230769,3.1175,16316,11.9045833333333,12.01125,12.0533333333333,16.33125,9.45166666666667,5.8175
"336","2020-12-01",-4.075,-2.675,-5.4125,-15.8166666666667,4.26666666666667,4.16666666666667,-2.6,-3.2,0,4.075,0,-0.3333333333333,2.02538461538461,-2.03958333333334,6383,9.4675,9.7475,8.81625,7.00666666666667,5.40916666666667,1.91041666666667
"337","2020-12-02",2.0875,0.1375,3.975,-4.03333333333333,-7.86666666666667,2,-2,3.6,0,-2.0875,-31.5,-7,4.54307692307693,-1.37666666666666,-2620,9.88541666666667,10.5470833333333,9.79,16.2691666666667,8.6475,3.0125
"338","2020-12-03",0.8,0.7375,0.837499999999999,0.883333333333333,1,-0.16666666666667,-6.4,-6.6,0,-0.800000000000001,11,-10,-2.07692307692308,0.35083333333333,-2584,10.0675,10.44125,11.2958333333333,13.26875,12.3220833333333,3.61416666666667
"339","2020-12-04",0.0625,1.5625,-1.45,3.65,-1,-3.33333333333333,-1.3333333333333,-3.9333333333333,0,-0.0625,12.2,19.0333333333333,-3.74692307692308,8.3408333333333,2297,13.8816666666667,13.6570833333333,14.1245833333333,10.43375,9.39458333333333,6.71125
"340","2020-12-05",-2.8125,-3.675,-1.9,-4.7,0,-2.5,12.1333333333333,7.9333333333333,0,2.8125,0.200000000000003,-5.8,1.85769230769231,2.1158333333334,-9156,17.9679166666667,17.9458333333333,20.1125,9.1475,5.05291666666667,2.54958333333333
"341","2020-12-06",-1.45,-2.0625,-0.8,0,0,-0.5,-1.4,-10.2,0,1.45,-11.9,-4.23333333333331,3.70692307692308,4.3370833333333,-1517,20.6495833333333,20.6920833333333,22.0895833333333,7.08291666666667,3.91458333333333,3.00208333333333
"342","2020-12-07",-0.8125,-0.8375,-0.75,0,0,0,0.399999999999999,3.8,0,0.8125,4,0.6666666666666,0.413076923076919,-1.07625,13962,23.1129166666667,23.5458333333333,24.30875,15.1104166666667,11.4470833333333,8.28333333333333
"343","2020-12-08",0.675,-0.637499999999999,1.95,1.33333333333333,4.5,0,-8.2,-0.400000000000006,0,-0.675000000000001,-8.8333333333333,-4.8333333333333,0.110000000000001,-1.3933333333333,829,21.3929166666667,21.54375,23.1704166666667,8.06916666666667,7.29125,7.15625
"344","2020-12-09",4.4375,6.65,2.15,2.66666666666667,-3.1,3.5,-0.100000000000001,-1.3,0,-4.4375,19.5333333333333,15,-5.58384615384615,-0.395,-221,NA,NA,NA,3.11208333333333,2.24375,0.7925
"345","2020-12-10",0.975,0.4,1.5125,-3.93333333333333,-1.4,-2.5,-1.5,-9.5,0,-0.974999999999998,-6.40000000000001,-1.2,1.96153846153846,3.8804166666666,-4587,NA,NA,NA,4.26291666666667,4.0775,3.41291666666667
"346","2020-12-11",1.0875,-0.75,2.925,0.0333333333333333,0,-1,-18,9,0,-1.0875,3.60000000000001,1.8,1.78923076923077,-2.4495833333333,-2498,20.7141666666667,20.6470833333333,21.76,2.95666666666667,2.18666666666667,0.871666666666667
"347","2020-12-12",1.775,3.5625,-0.0125000000000011,8.38333333333333,0,0,13,10.6,0,-1.775,12.1,1.06666666666671,-3.96461538461539,-11.5316666666667,-7364,12.5141666666667,13.0116666666667,13.61375,6.05916666666667,0.7575,0.7575
"348","2020-12-13",-3.575,-3.525,-3.5875,-8.48333333333333,0,0,8.8,-2,0,3.575,-12.6666666666667,-16.3333333333334,1.67461538461539,12.0216666666667,-1193,18.2825,18.1316666666667,18.1404166666667,3.28,1.24916666666667,1.24125
"349","2020-12-14",-2.3125,-1.4625,-3.125,0.0166666666666667,0,0,0,11,0,2.3125,-14,-5,-1.42692307692308,1.55,13924,22.6545833333333,22.8416666666667,24.2720833333333,3.32416666666667,2.74333333333333,1.70416666666667
"350","2020-12-15",-4.5375,-5.1,-3.9,0.0333333333333333,0.0666666666666667,0,1.6,-22.6,0,4.5375,-7.6666666666666,2.6666666666667,3.99846153846154,0.547500000000003,3646,21.9679166666667,21.91125,22.4475,3.3725,2.05166666666667,1.44958333333333
"351","2020-12-16",-2.575,-1.7375,-3.4375,0.5,1.26666666666666,0,-22.6,13.4,0,2.575,3,5.1666666666667,-3.46923076923077,1.4595833333333,7466,30.0358333333333,29.5991666666667,29.92375,3.09666666666667,2.71833333333333,1.5675
"352","2020-12-17",1.6375,0.625,2.6125,-0.433333333333333,-1.13333333333333,0.5,-1.8,-14.4,0,-1.6375,0,-3.8333333333334,1.39615384615385,12.0654166666667,-4602,65.9633333333333,68.0475,56.36,9.35375,9.0075,5.99916666666667
"353","2020-12-18",0.524999999999999,-1.3125,2.3875,-0.116666666666667,-0.2,-0.5,NA,NA,0,-0.525000000000002,-21.8333333333334,-2.3333333333333,2.88230769230769,-3.7220833333333,-1543,46.5108333333333,47.1195833333333,46.86625,4.33666666666667,3.36833333333333,2.92791666666667
"354","2020-12-19",4.525,5.2875,3.7375,2.36666666666667,0.733333333333333,0,NA,NA,0,-4.525,41.8333333333334,18,-4.54923076923077,-14.4058333333334,-10944,22.64875,22.8608333333333,22.915,0.571666666666667,0.198333333333333,0.198333333333333
"355","2020-12-20",3.1875,5.075,1.275,-1.43333333333334,-0.733333333333333,0,7,4.25,0,-3.1875,-1.1666666666667,1.3333333333333,-0.46461538461539,-0.859583333333301,-5170,19.6170833333333,18.8075,20.64375,1.85916666666667,0.174166666666667,0.174166666666667
"356","2020-12-21",-1.4,-2.4375,-0.4,-0.733333333333333,0,0,-0.199999999999999,-3,0,1.4,5.8333333333333,-3.1666666666666,0.24538461538462,3.8945833333333,9024,22.1779166666667,22.0975,21.70625,1.72083333333333,1.15833333333333,0.39625
"357","2020-12-22",-0.0125000000000002,1.0625,-1.1,-0.2,0,0,3.8,22.8,0,0.0125000000000028,-16.1666666666666,-2.5,1.67307692307692,-6.85625,493,17.23,17.2245833333333,18.32375,1.74791666666667,1.305,0.984166666666667
"358","2020-12-23",2.725,1.075,4.375,2.38333333333333,0,0,-13.05,-20.55,0,-2.725,-1.1666666666667,-9.5,-0.37153846153846,-7.25791666666663,-4030,11.4008333333333,11.27875,11.1483333333333,4.7,4.45166666666667,4.45166666666667
"359","2020-12-24",-0.0750000000000002,-1.7375,1.6125,9.71666666666667,7.66666666666667,0.333333333333333,8.65,12.95,0,0.0749999999999993,13.8333333333333,15.1666666666666,-3.03615384615384,2.14916666666666,-9162,4.92083333333333,5.03291666666667,6.37041666666667,5.5225,5.47875,2.45791666666667
"360","2020-12-25",-6.3125,-3.15,-9.4125,-8.7,-2.46666666666667,8.16666666666667,4.6,3.59999999999999,0,6.3125,0.5,-3.8333333333333,2.02692307692308,-1.7325,-3086,4.97875,4.5375,4.66625,3.16875,2.96416666666667,1.10875
"361","2020-12-26",-1.2125,-0.712499999999999,-1.7125,-2.9,-4.46666666666667,3,-3.8,-0.799999999999997,0,1.2125,1.1666666666667,-2,0.27846153846154,4.03749999999997,2268,7.45208333333333,6.97875,7.17791666666667,5.27583333333333,5.06583333333333,1.59958333333333
"362","2020-12-27",3.425,1.5,5.3375,2.28333333333333,-0.666666666666666,-0.5,-9.2,-18.2,0,-3.425,-7.3333333333333,-2.8333333333333,0.0323076923076902,-0.608333333333301,214,12.4766666666667,11.9408333333333,11.8854166666667,4.3175,3.9325,1.01541666666667
"363","2020-12-28",0.95,1.05,0.8,0.53333333333334,0,-6,10.2,32.8,0,-0.949999999999999,-6,5.1666666666666,-1.32538461538461,-6.03583333333333,2450,6.17541666666667,6.435,6.75083333333333,5.89791666666667,5.51875,1.30416666666667
"364","2020-12-29",-3.8875,-2.7625,-4.9125,-2.41666666666667,1.66666666666666,-2.33333333333333,2,-31.4,0,3.8875,-7.3333333333334,-15.1666666666666,4.38307692307692,7.64333333333333,6308,13.92625,13.41125,13.1245833333333,3.8775,3.80166666666667,1.51291666666667
"365","2020-12-30",3.3875,0.775,5.95,4.01666666666667,-1.2,2,-1.4,16.2,0,-3.3875,11.1666666666667,16.5,-4.64076923076923,-4.42916666666667,586,9.85791666666667,9.87333333333333,9.90583333333333,6.09916666666667,4.66541666666667,4.66541666666667
"366","2020-12-31",-0.65,1.925,-3.2125,-4.91666666666667,-0.533333333333333,-3.33333333333334,1.6,-0.399999999999999,0,0.649999999999999,-4,-14.8333333333334,2.38153846153846,12.5183333333334,-5902,17.07375,16.4179166666667,16.3020833333333,6.97916666666667,6.1875,1.8375
