"","MEAN_TEMPERATURE","MIN_TEMPERATURE","MAX_TEMPERATURE","TOTAL_PRECIPITATION","TOTAL_SNOW","SNOW_ON_GROUND","DIRECTION_MAX_GUST","SPEED_MAX_GUST","COOLING_DEGREE_DAYS","HEATING_DEGREE_DAYS","MIN_REL_HUMIDITY","MAX_REL_HUMIDITY","Demand","Time"
"1",-1.02719644386155,-0.834994954158445,-1.17077937257906,-0.447908530227788,-0.219429834285548,-0.179636135848301,0.573512126500499,-0.343740598173034,-0.52244999591232,1.08326405233596,0.78211841300289,0.069524700450389,-0.866449451134849,1
"2",-0.734418129714817,-0.704685696321259,-0.748305451478359,-0.447908530227788,-0.219429834285548,-0.32368614655594,-0.187300233191639,-0.366254236545277,-0.52244999591232,0.73031718732934,0.700450175532043,-0.0304204698749886,-0.231798132064175,2
"3",-0.482178351373014,-0.287213444361383,-0.6437224465,-0.374614976007595,0.488283589652685,-0.305679895217485,0.573512126500499,-1.0529202068987,-0.52244999591232,0.426239888246716,1.02712312541542,0.189458904840847,-0.24228631030809,3
"4",-0.858285878007667,-0.599714349730192,-1.06516089230389,-0.243297358029749,0.205198220077392,0.252513896274616,0.880291303795716,-0.602647439453832,-0.52244999591232,0.879640860985983,1.19045960035711,1.0689764037042,-0.45216641050021,4
"5",-1.0249443029835,-0.813276744518914,-1.18216960084403,0.3064042986217,2.27172141797703,-0.251661141202121,0.892562470887525,-0.568876981895467,-0.52244999591232,1.08054907645129,0.7471177398011,1.08896543776928,-0.483339606947401,5
"6",-0.999044682885905,-0.833788386956249,-1.12107655833192,-0.30437531987991,-0.219429834285548,1.33288897658191,0.720766131602203,1.09713225765054,-0.52244999591232,1.04932685377763,0.0471042757652878,0.909064131183594,0.344177656497487,6
"7",-1.11728207898363,-1.25367377332052,-0.97093264029368,-0.350183791267531,0.176889683119862,0.540613917689894,0.0213096073691084,-0.32122695980079,-0.52244999591232,1.19186308772261,0.735450848733834,-0.230310810525756,0.429598041528483,7
"8",-1.4551032106914,-1.45879019769387,-1.41618701792432,-0.298267523694894,0.205198220077392,0.684663928397533,0.892562470887525,1.50237774835092,-0.52244999591232,1.59910947042255,-0.209567327714512,-0.0504095039400689,0.686849746788952,8
"9",-1.43933822454504,-1.94383021297673,-0.974039066184126,-0.417369549302708,-0.191121297328019,0.540613917689894,-1.24262060308719,-0.163631491195087,-0.52244999591232,1.58010463922989,0.677116393397519,-0.270288878655904,0.880240100075361,9
"10",-0.583524690885346,-0.608160320145565,-0.55260062038024,0.94466899995588,-0.219429834285548,-0.251661141202121,-0.040046228089935,-0.163631491195087,-0.52244999591232,0.548413803056698,1.14379203608806,1.36881191468035,0.382867380686151,10
"11",-0.27160317927517,-0.330649863640446,-0.214000198321592,11.6882824893992,-0.0495786125403725,-0.305679895217485,0.287184894358301,0.166568538264478,-0.52244999591232,0.172389643030416,2.80049056763948,1.36881191468035,-0.325783862661035,11
"12",-1.28394050395946,-1.24764093730954,-1.28468165522876,1.31419066914935,-0.0778871494979018,-0.107611130494482,1.21161281527455,0.89450951230035,-0.52244999591232,1.39277130318791,1.55213322344228,1.0689764037042,-0.129888000127468,12
"13",-1.20286343234959,-1.17886660678435,-1.19459530440582,-0.42958514167274,-0.16281276037049,-0.251661141202121,-1.75800962094315,-0.264942863870182,-0.52244999591232,1.29503217133992,2.43415018812741,0.921057551622639,0.635457673393769,13
"14",-0.909602516586133,-0.740193245414461,-1.03483625861143,-0.454016326412804,-0.219429834285548,-0.251661141202121,-1.67620184033109,0.0164776157828598,-0.52244999591232,0.941503525786592,2.04214264826735,1.28885577842005,0.552775868237573,14
"15",-0.743285934422146,-0.509825093166577,-0.931325710190489,-0.423477345487724,-0.0778871494979018,-0.215648638525211,0.880291303795716,-0.208658767939574,-0.52244999591232,0.741007404875214,0.824119220845039,0.417333893182718,0.431346071235802,15
"16",-1.3030837014229,-1.42741945043677,-1.1666374713918,-0.423477345487724,-0.13450422341296,-0.0355861251406622,1.1379858127237,1.27724136462849,-0.52244999591232,1.41584859820757,0.770451521935624,0.789129926793136,0.535120768193649,16
"17",-2.08908086786299,-2.19600275823573,-1.95359869697154,-0.454016326412804,-0.219429834285548,-0.305679895217485,0.328088784664325,-0.771499727245657,-0.52244999591232,2.36337518195611,0.0121036025634972,-1.52959802475571,0.904246374722544,17
"18",-1.34137009634978,-1.58306661952007,-1.10347347828606,3.12820613609914,9.99995200738254,0.324538901628435,-1.04628192961825,1.09713225765054,-0.52244999591232,1.4620031882469,1.20212649142438,1.18491280128165,0.435016933621172,18
"19",-1.52266743703295,-1.67114602528039,-1.3613068271931,-0.374614976007595,0.120272609204804,5.0061642496267,0.769850799969438,0.331668552994266,-0.52244999591232,1.68055874696254,0.723783957666575,0.109502768580538,0.111281831825665,19
"20",-1.98323024659455,-2.21289469906647,-1.74132626112437,-0.435692937857756,-0.219429834285548,4.64603922285761,1.268878261703,-0.771499727245657,-0.52244999591232,2.23577131537679,-0.384570693723465,0.069524700450389,1.00959429841698,20
"21",-1.75238580659424,-1.98967976666019,-1.51041526993453,-0.454016326412804,-0.219429834285548,4.42996420679615,0.409896565276387,-0.583886074143625,-0.52244999591232,1.95748628719849,0.840452868339206,-0.150354674265446,0.987976997703132,21
"22",-1.3334876032766,-1.40690780799943,-1.23808526687207,-0.454016326412804,-0.219429834285548,3.99781417467323,-0.162757899008022,-0.25368604468406,-0.52244999591232,1.45250077265057,1.0037893432809,-0.410212117111443,0.848659030029795,22
"23",-1.16908131917882,-1.30676273021715,-1.02167092983764,-0.432639039765248,-0.219429834285548,3.27756412113504,NA,NA,-0.52244999591232,1.25430753306993,0.175440077505184,0.329382143296385,0.636972632473446,23
"24",-0.843646962300331,-0.702272561916867,-0.951258609654187,3.89473455731864,-0.219429834285548,2.55731406759684,-1.83981740155521,0.766932228190975,-0.52244999591232,0.861993517735657,0.0471042757652878,0.62921765427253,0.477086181910653,24
"25",-0.763695961129491,-0.435621210231513,-1.03306115810261,1.09736390458128,-0.219429834285548,0.540613917689894,-1.65984028420868,0.466750383227726,-0.52244999591232,0.765611873830003,2.5088182909579,1.26886674435497,-0.0657935775257656,25
"26",-0.771156177788038,-0.501680764551753,-0.989571195636358,-0.161860075562867,-0.181685118342176,0.144476388243887,0.000857662216089887,-0.733976996625255,-0.52244999591232,0.774605231447959,1.89047306439292,0.929053165248674,-0.309119312784592,26
"27",-0.896572272934548,-0.579202707292857,-1.15524724312683,-0.405153956932675,-0.219429834285548,-0.179636135848301,1.16252814690732,-0.884067919106874,-0.52244999591232,0.925795451025312,1.55213322344228,0.349371177361453,0.47766885847976,27
"28",-1.00129682376396,-0.786732266070599,-1.16456652079817,-0.441800734042772,-0.219429834285548,-0.251661141202121,-0.187300233191639,-0.748986088873413,-0.52244999591232,1.05204182966229,0.980455561146368,0.349371177361453,0.560816804891241,28
"29",-1.51365887352074,-1.45034422727849,-1.53216025116765,-0.454016326412804,-0.219429834285548,-0.305679895217485,-0.592248747221326,-1.16548839875992,-0.52244999591232,1.66969884342387,-0.10456530810914,-0.590113423697129,0.725772541605259,29
"30",-1.4900113943012,-1.44069168966092,-1.49695409107593,-0.454016326412804,-0.219429834285548,-0.305679895217485,-1.88072129186124,-1.16548839875992,-0.52244999591232,1.64119159663488,1.31879540209702,0.00955759825516006,0.800879551363072,30
"31",-1.15894668522758,-1.07510182739548,-1.20495005737397,-0.392938364562643,0.0636555352897449,-0.32368614655594,-0.899027924516543,NA,-0.52244999591232,1.24209014158893,1.34212918423154,0.52927248394714,0.698211939886527,31
"32",-1.14092955820317,-0.987022421635163,-1.24326264335614,-0.145572619069492,0.997837254888213,-0.32368614655594,-0.408181240844195,-1.16548839875992,-0.52244999591232,1.2203703345116,1.34212918423154,0.969031233378823,0.00622524641578362,32
"33",-0.97314506278831,-0.804830774103542,-1.09518967591153,0.559877840299866,1.25261408750598,0.612638923043713,-0.346825405385152,-1.0529202068987,-0.52244999591232,1.01810463110397,2.33381492494894,1.18891060809466,-0.179240705530779,33
"34",-0.713022791373325,-0.625052260976312,-0.776263284492377,-0.438746835950264,-0.219429834285548,0.396563906982255,0.696223797418586,0.241613999505293,-0.52244999591232,0.704524916425012,0.420444789917719,0.469305381751911,0.255669085650227,34
"35",-1.00917931683714,-0.909802120694608,-1.07240921938159,-0.454016326412804,-0.219429834285548,-0.0355861251406622,1.11344347854008,0.241613999505293,-0.52244999591232,1.06154424525862,0.4904461363213,-1.48961995662556,0.449816918476475,35
"36",-1.54645567505737,-1.44235071956394,-1.60464352194473,-0.0620994045409391,1.10163522373249,-0.0355861251406622,1.23615514945817,0.309154914622023,-0.52244999591232,1.70923567974433,-0.699576752539581,0.00955759825516006,0.675662356662109,36
"37",-1.41231253400841,-1.20903078683926,-1.55701165829122,0.465206999432117,2.66804093538244,0.756688933751353,-2.29794097298273,-0.703958812128927,-0.52244999591232,1.54752492861389,1.52879944130776,0.509283449882072,0.824827558353344,37
"38",-1.6161312834721,-1.51429228899489,-1.66677203975366,-0.221920071382192,0.799677496185508,2.26921404618156,1.16252814690732,0.75942768206689,-0.52244999591232,1.79323024617619,0.233774532841507,-0.150354674265446,0.841899981828161,38
"39",-2.09583729049713,-2.21530783347087,-1.94738584519064,-0.389884466470135,-0.0778871494979018,2.48528906224302,1.43249382292711,-0.433795151662007,-0.52244999591232,2.3715201096101,-0.267901783050828,-1.68951029727633,0.380711477380457,39
"40",-1.51928922571587,-1.87143618084496,-1.18113412554722,0.733950031572826,3.31913728540562,1.90908901941247,-0.469537076303239,0.241613999505293,-0.52244999591232,1.67648628313553,1.44713120383691,1.20889964215974,0.135346374129759,40
"41",-0.806486637812475,-0.627465395380704,-0.950223134357371,-0.127249230514443,-0.191121297328019,3.85376416396559,0.757579632877629,-1.22177249469052,-0.52244999591232,0.81719641563866,1.10879136288627,1.16892157402959,0.532090850034296,41
"42",-0.908959047763833,-0.72640390596079,-1.04962876285165,-0.454016326412804,-0.219429834285548,2.0531390301201,0.647139129051351,-0.433795151662007,-0.52244999591232,0.940727818390974,0.222107641774241,-0.750025696217736,0.508842054926951,42
"43",-1.05309606395915,-0.913421822301197,-1.14592796545549,-0.231081765659717,1.50739092012374,1.18883896587427,-0.0809501183959598,-0.0960905760783569,-0.52244999591232,1.11448627500961,0.362110334581403,-0.250299844590836,0.478542873333419,43
"44",-1.62513984698431,-1.97158125862724,-1.29192998230647,0.0223917760184512,1.93201897448668,2.55731406759684,1.2852398178254,0.579318575088943,-0.52244999591232,1.80409014971485,0.350443443514137,0.809118960858217,0.833218100948476,44
"45",-2.48207945108302,-2.8644409882524,-2.09960071382252,-0.435692937857756,-0.219429834285548,2.55731406759684,0.287184894358301,-0.546363343523224,-0.52244999591232,2.83713847383037,-0.221234218781771,-2.00933484231754,1.12059418483175,45
"46",-1.53392814142321,-1.86781647923837,-1.21323385974849,-0.435692937857756,-0.191121297328019,1.76503900870483,-0.0645885622735523,1.27724136462849,-0.52244999591232,1.69413362638587,0.18710696857245,-0.550135355566981,0.2933099920145,46
"47",-0.97314506278831,-0.966510779197829,-0.95747146143508,-0.441800734042772,-0.219429834285548,1.62098899799719,0.491704345888437,0.166568538264478,-0.52244999591232,1.01810463110397,0.0471042757652878,-0.949916036868503,-0.391801117940788,47
"48",-1.27155372913017,-1.24643437010734,-1.26397214929245,0.242272438679031,2.0452531223168,1.04478895516663,-1.63529795002506,0.241613999505293,-0.52244999591232,1.37783893582225,-0.139565981310931,-0.730036662152667,-0.332251572578115,48
"49",-0.829008046592993,-0.830168685349661,-0.812504919880917,0.394967343304432,0.573209200525273,2.84541408901212,0.573512126500499,1.16467317276727,-0.52244999591232,0.84434617448532,0.40877789885046,1.26886674435497,0.537334939156254,49
"50",-1.29970549010582,-1.16800750196459,-1.38408728372304,-0.454016326412804,-0.219429834285548,1.04478895516663,0.990731807621994,0.331668552994266,-0.52244999591232,1.41177613438058,-0.302902456252618,-2.06930194451277,0.674205665239344,50
"51",-1.75689008835034,-1.70372333973968,-1.76410671765431,-0.423477345487724,-0.219429834285548,0.684663928397533,1.18707048109093,-0.809022457866059,-0.52244999591232,1.96291623896783,-0.197900436647246,-1.14980637751927,0.82080709002651,51
"52",-1.50127209869146,-1.76767140145608,-1.23601431627843,-0.447908530227788,-0.219429834285548,1.04478895516663,-0.187300233191639,0.331668552994266,-0.52244999591232,1.65476647605821,-0.886247009615792,-1.16979541158434,0.704330043862144,52
"53",-0.956254006202921,-1.05941645376693,-0.845640129379012,-0.447908530227788,-0.219429834285548,1.04478895516663,0.328088784664325,0.0164776157828598,-0.52244999591232,0.99774231196897,-0.0812315259746087,-1.08983927532404,-0.180114720384438,53
"54",-0.710770650495274,-0.828962118147465,-0.595055107549674,-0.42958514167274,-0.219429834285548,0.594632671705259,-0.359096572476961,-0.456308790034251,-0.52244999591232,0.701809940540348,-0.582907841866943,-0.770014730282816,-0.586881233277606,54
"55",-0.550868648153595,-0.5973012153258,-0.501862330836284,-0.292159727509878,-0.0778871494979018,0.504601415012984,-1.38987460818889,-1.10920430282931,-0.52244999591232,0.50904665272904,-0.0812315259746087,-0.310266946786065,0.104697586594763,55
"56",-0.693879593909885,-0.491123301532537,-0.854959407050351,-0.270782440862321,0.318432367907509,0.324538901628435,-1.88072129186124,-0.99663611096809,-0.52244999591232,0.681447621405347,0.432111680984984,0.929053165248674,0.38181856286176,56
"57",-1.03958321869084,-0.891703612661666,-1.13660868778415,1.77227538302556,7.33894953337478,0.396563906982255,-0.899027924516543,-0.433795151662007,-0.52244999591232,1.09819641970162,0.478779245254041,0.929053165248674,0.654977338458833,57
"58",-1.42807752015478,-1.20420451803047,-1.58807591719569,-0.273836338954829,0.120272609204804,4.71806422821143,0.696223797418586,3.46106428673609,-0.52244999591232,1.56652975980655,0.618781938061203,0.309393109231305,0.806706317054136,58
"59",-1.63077019917944,-1.59875199314862,-1.62121112669378,-0.261620746584797,0.799677496185508,3.85376416396559,0.37717345303156,2.065218707657,-0.52244999591232,1.81087758942651,0.560447482724881,0.309393109231305,0.892592843340417,59
"60",-1.92242244288715,-2.17790425020278,-1.66055918797277,-0.417369549302708,-0.219429834285548,3.85376416396559,0.94164713925476,0.0540003464032616,-0.52244999591232,2.1624669664908,0.0121036025634972,-0.770014730282816,0.251590349666482,60
"61",-1.43370787234991,-1.9196988689328,-0.98232286855865,-0.188327192364605,-0.219429834285548,3.06148910507358,-0.776316253598456,-0.846545188486472,-0.52244999591232,1.57331719951822,-0.279568674118093,-0.350245014916214,-0.153369865862455,61
"62",-0.706266368739169,-0.660042709840001,-0.733808797322944,0.410236833766972,-0.219429834285548,1.62098899799719,0.000857662216089887,-0.696454266004842,-0.52244999591232,0.696379988771009,1.06212379861722,1.14893253996451,0.361191812315393,62
"63",-0.782839158592932,-0.582822408899446,-0.942974807279663,2.00131773996367,-0.219429834285548,0.756688933751353,0.655319907112561,-0.021045114837542,-0.52244999591232,0.788689168849668,1.90213995546019,1.16892157402959,0.485127118564322,63
"64",-0.604920029226838,-0.454926285466652,-0.723454044354789,-0.411261753117692,-0.219429834285548,0.396563906982255,1.06435881017285,0.28664127624978,-0.52244999591232,0.574206073961026,0.280442097110556,-0.310266946786065,0.327280035993402,64
"65",-0.814369130885657,-0.784319131666207,-0.823895148145887,-0.420423447395216,-0.219429834285548,-0.0355861251406622,1.18707048109093,-0.32122695980079,-0.52244999591232,0.826698831234994,-0.512906495463362,-0.270288878655904,0.188486477232261,65
"66",-0.912337259080911,-0.732436741971771,-1.04755781225802,-0.243297358029749,0.29012383094998,-0.251661141202121,-2.29794097298273,0.0389912541551035,-0.52244999591232,0.944800282217982,0.455445463119509,0.189458904840847,0.361133544658483,66
"67",-1.14993812171538,-1.31520870063252,-0.980251917965019,-0.420423447395216,-0.219429834285548,-0.215648638525211,-0.244565679620084,-0.921590649727275,-0.52244999591232,1.23123023805027,-1.06125037562475,-1.08983927532404,-0.308128762617111,67
"68",-0.499069407958403,-0.730023607567379,-0.292696320879562,-0.438746835950264,-0.219429834285548,-0.215648638525211,-0.244565679620084,-0.171136037319172,-0.52244999591232,0.446602207381717,-0.781244990010421,-0.630091491827278,-0.757663735682687,68
"69",0.119143263066817,0.0578647754667221,0.166019235609678,0.0376612664809911,-0.219429834285548,-0.305679895217485,0.00903844027729957,-0.231172406311817,-0.52244999591232,-0.298658672959179,-0.862913227481268,-0.130365640200378,-0.229117819846285,69
"70",-0.365067025714321,-0.477851062308379,-0.262667537271916,0.275865317696618,-0.219429834285548,-0.305679895217485,0.868020136703907,1.232214087884,-0.52244999591232,0.285061142244076,0.653782611262994,1.12894350589943,-0.0903242610851444,70
"71",-0.994540401129802,-0.961684510389044,-0.999925948604513,-0.435692937857756,-0.219429834285548,-0.215648638525211,-1.43895927655612,-0.613904258639954,-0.52244999591232,1.0438969020083,0.257108314976031,0.169469870775767,0.269245449710406,71
"72",-0.648836776348849,-0.641944201807058,-0.644757921796815,0.0620924512210546,-0.219429834285548,-0.305679895217485,-1.79891351124918,-0.171136037319172,-0.52244999591232,0.627148103712027,1.1321251450208,0.269415041101156,0.137910151033827,72
"73",-0.465850330007139,-0.367299342407154,-0.545740596538838,0.351194803978485,-0.219429834285548,-0.155627800730361,0.573512126500499,2.85319605068552,-0.52244999591232,0.406556313082886,-0.582907841866943,1.12894350589943,0.0217244431540135,73
"74",-0.838660078927501,-0.65797430892195,-0.9789205925834,-0.454016326412804,-0.219429834285548,-0.215648638525211,0.94164713925476,0.781941320439133,-0.52244999591232,0.855981785419605,0.362110334581403,-1.74947739947156,-0.386323958191188,74
"75",-1.00045227093469,-0.98355354092885,-0.989571195636358,-0.425513277549396,-0.219429834285548,-0.275669476320061,-0.285469569926109,-0.546363343523224,-0.52244999591232,1.05102371370554,-1.78459762179509,-2.44909359174923,-0.617588288469512,75
"76",-1.03719031900791,-1.0554951103598,-0.99306592476311,-0.28656091434028,0.0447831773180588,-0.215648638525211,-1.43895927655612,-0.546363343523224,-0.52244999591232,1.09531175782416,-0.956248356019374,0.909064131183594,0.0889070515719797,76
"77",-0.605201546836595,-0.649636067721059,-0.557389693628012,-0.425513277549396,-0.219429834285548,-0.155627800730361,0.573512126500499,0.714400405322403,-0.52244999591232,0.574545445946612,-0.897913900683058,0.909064131183594,0.103066092201265,77
"78",-0.954484466941594,-0.941862334924393,-0.946968783424523,-0.159009770676527,-0.219429834285548,-0.39571115190976,-1.75800962094315,-0.32122695980079,-0.52244999591232,0.99560911663102,-1.07291726669201,-0.710047628087587,0.0331449039084986,78
"79",-0.497521061104742,-0.384945387739273,-0.586512436350946,0.0305355042651398,-0.219429834285548,-0.275669476320061,-1.71710573063712,-0.508840612902822,-0.52244999591232,0.444735661461006,1.14379203608806,1.20889964215974,-0.0461573771468804,79
"80",-0.275825943421517,-0.896680702370725,0.263871651158738,0.315565992899223,-0.219429834285548,-0.275669476320061,0.868020136703907,2.98827788091898,-0.52244999591232,0.177480222814169,0.840452868339206,1.3288338465502,-0.380846798441588,80
"81",-1.38810201956936,-1.48171497453559,-1.27613898403003,-0.42195039644147,-0.219429834285548,-0.275669476320061,1.48157849129434,0.42172310648324,-0.52244999591232,1.51833893785373,-1.41125710764265,-1.76946643353663,-0.536887583648278,81
"82",-1.24368348576428,-1.26724765434522,-1.1934303946969,0.215805321877293,0.912911644015625,-0.275669476320061,-1.61075561584145,-0.118604214450601,-0.52244999591232,1.3442411092495,-0.396237584790724,-1.74947739947156,-0.581404073528006,82
"83",-0.840831786202766,-0.625203081876586,-1.01170448010579,1.39155608749289,0.49771976863853,0.594632671705259,-1.71710573063712,-0.771499727245657,-0.52244999591232,0.858599797879822,1.56380011450955,1.24887771028989,0.0477118181361582,83
"84",-0.688812276934268,-0.553261512445639,-0.795031274247157,-0.446890564196952,-0.219429834285548,-0.155627800730361,0.0826654428281518,-0.99663611096809,-0.52244999591232,0.675338925664848,1.05045690754995,0.669195722402678,-0.327473624711443,84
"85",-0.482319110177893,-0.501680764551753,-0.459537278078952,-0.418387515333544,-0.219429834285548,-0.155627800730361,-1.67620184033109,-0.433795151662007,-0.52244999591232,0.426409574239509,0.992122452213634,0.769140892728056,-0.510026193812474,85
"86",-0.275463992208973,-0.467164324231784,-0.102908491477534,-0.415537210447203,-0.219429834285548,-0.0355861251406622,0.990731807621994,-0.00603602258938384,-0.52244999591232,0.177043887404137,1.12045825395353,0.809118960858217,-0.579248170222312,86
"87",-0.468022037282403,-0.454753918723481,-0.471685622186233,-0.415537210447203,-0.219429834285548,-0.215648638525211,-0.776316253598456,-0.65893153538444,-0.52244999591232,0.409174325543104,0.513779918455831,0.00955759825516006,-0.744495245220883,87
"88",-0.473451305470564,-0.393089716354098,-0.534091499449664,0.479458523863822,-0.219429834285548,-0.39571115190976,-1.6843826183923,0.534291298344457,-0.52244999591232,0.415719356693635,0.607115046993937,1.14893253996451,-1.01468237031551,88
"89",0.158696487237605,-0.0523853026339534,0.33376623369378,1.60532895396845,-0.219429834285548,-0.275669476320061,0.156292445379004,2.31286872975168,-0.52244999591232,-0.346340436933631,-0.256234891983562,1.26886674435497,-1.17404441196611,89
"90",-0.3011625282996,-0.049670526429012,-0.509628395562399,0.105356007531587,-0.219429834285548,-0.275669476320061,0.328088784664325,0.0540003464032616,-0.52244999591232,0.208023701516665,1.19045960035711,0.729162824597907,-0.649402429142721,90
"91",-0.462049842275426,-0.133828588782195,-0.74028051792804,-0.400573109793913,-0.219429834285548,-0.275669476320061,-1.79891351124918,-0.058567845457955,-0.52244999591232,0.401974791277512,0.7471177398011,1.14893253996451,-0.53618837176535,91
"92",-0.40504252629974,-0.440598299940572,-0.368674320783397,-0.432639039765248,-0.219429834285548,-0.39571115190976,-0.530892911762282,-0.846545188486472,-0.52244999591232,0.333251964196897,-1.32958887017181,-2.24920325109846,-0.770599155516849,92
"93",-0.178280091640898,-0.337436804152799,-0.0401697828686972,-0.414824634225618,-0.219429834285548,-0.39571115190976,1.23615514945817,0.48926402159997,-0.52244999591232,0.059887829809561,-2.18127191808204,-2.16924711483816,-0.945693464533318,93
"94",-0.310030333006929,-0.360512401894801,-0.263832446980833,-0.218866173289685,-0.219429834285548,-0.39571115190976,1.43249382292711,-0.231172406311817,-0.52244999591232,0.218713919062538,0.432111680984984,0.489294415816992,-0.903799019214569,94
"95",-0.159277652982336,0.0127693262846399,-0.305769196501859,-0.4397648019811,-0.219429834285548,-0.39571115190976,-0.899027924516543,-0.884067919106874,-0.52244999591232,0.0369802207826893,1.37712985743333,0.889075097118514,-1.34121431964273,95
"96",-0.289761065104463,-0.262780458516911,-0.308099015919694,-0.454016326412804,-0.219429834285548,-0.39571115190976,1.26069748364179,-0.546363343523224,-0.52244999591232,0.194279136100542,0.0704380578998126,0.429327313621763,-1.48466929095672,96
"97",-0.297362040567887,-0.618416141364233,-0.018036498399267,-0.400573109793913,-0.219429834285548,-0.39571115190976,-0.101402063548978,0.129045807644076,-0.52244999591232,0.20344217971129,-1.46959156297897,-0.290277912720985,-0.935380089260135,97
"98",-0.116205458689595,-0.211199710623025,-0.0310169208700593,0.824345415111064,-0.219429834285548,-0.39571115190976,-0.040046228089935,-0.771499727245657,-0.52244999591232,-0.0149436930115534,-1.2362537416337,0.60922862020745,-0.950995821312186,98
"99",-0.00906789977655826,-0.00487671904747915,-0.0110470401457628,0.0975176690941488,-0.219429834285548,-0.39571115190976,0.818935468336673,-0.058567845457955,-0.52244999591232,-0.144098974382107,-0.442905149059781,0.249426007036076,-1.01147764918543,99
"100",-0.443409354829408,-0.419074002887108,-0.455709717606795,1.02529190959809,-0.106195686455431,-0.39571115190976,1.11344347854008,1.52489138672316,-0.52244999591232,0.379503517660672,-0.851246336414002,0.889075097118514,-1.00559261583745,100
"101",-0.599289677031709,-0.522494048789637,-0.655630412413378,-0.445465411753782,-0.219429834285548,-0.39571115190976,1.08890114435646,1.99767779254027,-0.52244999591232,0.567418634249367,-0.617908515068733,-1.2097734797145,-1.42051660069811,101
"102",-0.567920571944559,-0.675038616495867,-0.463697669896515,-0.411261753117692,-0.219429834285548,-0.39571115190976,0.794393134153055,0.129045807644076,-0.52244999591232,0.529602898712946,-0.897913900683058,-1.18978444564942,-1.41626306174363,102
"103",-0.231486919884872,-0.346938520870094,-0.129867830455335,0.572093432669899,-0.219429834285548,-0.39571115190976,-1.75800962094315,-0.771499727245657,-0.52244999591232,0.124029135084802,-0.384570693723465,-0.790003764347896,-1.46602364074532,103
"104",-0.103175215038009,-0.253084829213549,0.0248987451579747,2.11980898595298,-0.219429834285548,-0.39571115190976,0.769850799969438,3.16838698789693,-0.52244999591232,-0.030651767772837,0.0471042757652878,1.30884481248512,-0.984907597634178,104
"105",-0.705462032711294,-0.712269833020778,-0.687360334008651,-0.419812667776714,-0.219429834285548,-0.39571115190976,0.303546450480708,1.47986410997868,-0.52244999591232,0.695410354526486,-1.18958617736465,-1.06985024125896,-0.742922018484296,105
"106",-0.928423979638423,-0.937208432858779,-0.905697696594307,-0.40698629578818,-0.219429834285548,-0.39571115190976,0.868020136703907,0.5568049367167,-0.52244999591232,0.964192967108448,-0.769578098943162,-1.36968575223511,-0.56538046787758,106
"107",-0.926976174788247,-0.949618838367082,-0.893715768159728,-0.424088125106225,-0.219429834285548,-0.39571115190976,0.818935468336673,1.41232319486195,-0.52244999591232,0.962447625468307,-1.15458550416286,-1.40966382036525,-0.601622950475997,107
"108",-0.782195689770631,-0.816206979152819,-0.737950698510205,-0.415537210447203,-0.219429834285548,-0.39571115190976,-0.359096572476961,-0.546363343523224,-0.52244999591232,0.78791346145405,-1.27125441483549,-0.290277912720985,-0.706329929944415,108
"109",-0.61280252230002,-0.872053803940186,-0.381155496236086,-0.394159923799646,-0.219429834285548,-0.39571115190976,-0.383638906660578,-0.0735769377061132,-0.52244999591232,0.583708489557361,-0.769578098943162,0.189458904840847,-1.25369629896295,109
"110",-0.368123502620248,-0.606781386200198,-0.15749283212395,-0.368507179822579,-0.219429834285548,-0.39571115190976,1.26069748364179,0.714400405322403,-0.52244999591232,0.288745752373262,0.350443443514137,-0.330255980851133,-1.36883318901837,110
"111",-0.789434714021511,-0.901528517022406,-0.680703707100552,-0.355680807834045,-0.219429834285548,-0.39571115190976,-0.960383759975586,-0.715215631315049,-0.52244999591232,0.796640169654754,-0.221234218781771,-0.570124389632049,-0.897622647582041,111
"112",-0.675058130857594,-0.698308126823937,-0.643426596415196,-0.300099862550399,-0.219429834285548,-0.39571115190976,0.818935468336673,2.60554602859084,-0.52244999591232,0.658758180083492,-0.956248356019374,-0.470179219306671,-0.734356672918432,112
"113",-0.827077640126092,-0.890669412202641,-0.757920579234503,-0.398435381129158,-0.219429834285548,-0.39571115190976,0.868020136703907,1.3898095564897,-0.52244999591232,0.842019052298465,-1.65626182005519,-1.92937870605725,-0.730452739905419,113
"114",-0.819295689056395,-0.910254583395432,-0.726301601421031,-0.42195039644147,-0.219429834285548,-0.39571115190976,-1.55349016941301,-0.0960905760783569,-0.52244999591232,0.832637840982701,-1.70292938432424,-2.18923614890323,-0.818961310752679,114
"115",-0.315097649982546,-0.250563965594675,-0.36284977223881,-0.389884466470135,-0.219429834285548,-0.39571115190976,-0.817220143904481,-0.246181498559975,-0.52244999591232,0.224822614803037,-1.81959829499688,-1.96935677418739,-0.975817843156118,115
"116",-0.303696186787408,-0.561405841060464,-0.0774468935540532,-0.418387515333544,-0.219429834285548,-0.39571115190976,-1.88072129186124,-0.32122695980079,-0.52244999591232,0.211078049386914,-2.58961310543627,-0.5301463215019,-1.59403768297799,116
"117",-0.0858015568358953,0.107786493457589,-0.253348259600577,-0.144045670023238,-0.219429834285548,-0.39571115190976,-2.05251763114656,0.849482235555863,-0.52244999591232,-0.0515958674545483,-1.65626182005519,-0.5301463215019,-1.50576218275838,117
"118",-0.0525020452818434,-0.1243268720649,0.00626018981529663,-0.368507179822579,-0.219429834285548,-0.39571115190976,-0.469537076303239,-0.490079247592615,-0.52244999591232,-0.0917387251778283,-1.69126249325698,-1.94936774012231,-1.16285702183927,118
"119",-0.0915927762366003,0.0695857140023423,-0.230715728113043,-0.424088125106225,-0.219429834285548,-0.39571115190976,-1.58621328165783,-0.18614512956733,-0.52244999591232,-0.0446145008939774,-0.442905149059781,-0.770014730282816,-1.02441306901959,119
"120",0.10530868338736,0.263498300069584,-0.0310169208700593,0.0718649251170812,-0.219429834285548,-0.39571115190976,-1.75800962094315,1.54740502509541,-0.52244999591232,-0.281980963953373,0.00043671149623139,0.52927248394714,-0.95315172461788,120
"121",0.109652097937884,0.320896425545487,-0.0749506584635172,1.35022666664095,-0.219429834285548,-0.39571115190976,-1.65984028420868,0.69188676695016,-0.52244999591232,-0.2872169888738,2.40381627135252,1.26886674435497,-0.981295002905718,121
"122",0.206655022899691,0.218510580101984,0.18998309247884,-0.27017166124382,-0.219429834285548,-0.39571115190976,-0.383638906660578,-0.366254236545277,-0.52244999591232,-0.404154878763356,-0.645909053630166,1.16092596040356,-1.28888996373698,122
"123",0.0763525863838352,-0.032024481096893,0.16951396473643,-0.201051767750055,-0.219429834285548,-0.39571115190976,-0.776316253598456,-0.884067919106874,-0.52244999591232,-0.24707413115052,-0.652909188270524,-0.250299844590836,-1.67660295282037,123
"124",0.444095018328578,0.159561153937542,0.682573483678179,-0.394159923799646,-0.219429834285548,-0.39571115190976,0.917104805071142,0.69188676695016,-0.52244999591232,-0.690390907746743,-1.55125980044981,0.129491802645618,-1.92447356531822,124
"125",-0.274016187358797,-0.257738731279163,-0.283968743377831,-0.419812667776714,-0.219429834285548,-0.39571115190976,1.33432448619264,0.669373128577916,-0.52244999591232,0.175298545763996,-1.57459358258435,-1.16979541158434,-1.25870731745727,125
"126",-0.441961549979232,-0.532318953150377,-0.358522964748543,-0.398435381129158,-0.219429834285548,-0.39571115190976,-0.592248747221326,-1.24991454265583,-0.52244999591232,0.377758176020532,-1.5862604736516,-1.64953222914617,-1.05343036216109,126
"127",-0.187147896348227,-0.265495234721852,-0.117553070675347,-0.398435381129158,-0.219429834285548,-0.39571115190976,-1.94207712732028,-0.405653103696703,-0.52244999591232,0.0705780473554343,-1.86626585926593,-2.50906069394446,-1.12812949832053,127
"128",-0.216103993351751,-0.339957667771674,-0.109565118385636,-0.0948779107338581,-0.219429834285548,-0.39571115190976,1.03981647598923,0.466750383227726,-0.52244999591232,0.105484880158288,-1.78459762179509,-1.02987217312881,-1.01823669738706,128
"129",-0.802826908885641,-0.785374877968128,-0.805515461627413,-0.432639039765248,-0.219429834285548,-0.39571115190976,1.2852398178254,0.714400405322403,-0.52244999591232,0.812784579826078,-1.69126249325698,-1.54958705882079,-0.875539205612909,129
"130",-0.84300349347803,-0.940311034235854,-0.743276000036685,-0.385609009140624,-0.106195686455431,-0.39571115190976,0.990731807621994,2.31286872975168,-0.52244999591232,0.861217810340039,-0.956248356019374,-0.570124389632049,-1.11560195208474,130
"131",-0.570997157251183,-0.576337110187641,-0.552730054792342,0.00203245540172992,-0.0307062545686864,-0.39571115190976,0.818935468336673,-1.22177249469052,-0.52244999591232,0.533311749698243,0.0237704936307631,-0.110376606135298,-1.36597807382975,131
"132",-0.600134229860978,-0.59398315551976,-0.596996623731203,0.212242440769368,0.308996188921666,-0.39571115190976,1.01527414180561,0.15155944601632,-0.52244999591232,0.568436750206113,-0.0462308527728181,0.849097028988365,-0.740824382835513,132
"133",-0.654607887348856,-0.80845047571013,-0.509628395562399,-0.393447347578061,-0.219429834285548,-0.39571115190976,0.696223797418586,0.0164776157828598,-0.52244999591232,0.634105229416479,-1.53959290938255,-1.18978444564942,-0.692870101198057,133
"134",-0.426035696627294,-0.760360154365454,-0.13219764987317,-0.389884466470135,-0.219429834285548,-0.39571115190976,-0.592248747221326,-0.884067919106874,-0.52244999591232,0.35855941797897,-1.85459896819867,-1.00988313906373,-0.934098200808101,134
"135",-0.153848384794175,-0.0746852500316859,-0.224059101204941,0.084691297105615,-0.219429834285548,-0.39571115190976,-1.69665378548411,-0.940352015037482,-0.52244999591232,0.0304351896321542,-0.734577425741371,1.16892157402959,-0.845939235902305,135
"136",0.332614044865014,0.274357404889349,0.377699971287238,0.683255323237192,-0.219429834285548,-0.39571115190976,1.35886682037625,-0.839040642362387,-0.52244999591232,-0.555999601455762,1.74813699337231,1.23288648303783,-1.04101935123912,136
"137",0.29804770406706,0.300535604008427,0.287169845337085,-0.411261753117692,-0.219429834285548,-0.39571115190976,1.67791716476328,-1.10920430282931,-0.52244999591232,-0.514329569797357,0.44377857205225,0.969031233378823,-1.81953351522216,137
"138",0.197968193798633,0.198731496323125,0.195141978332613,0.39038649616567,-0.219429834285548,-0.39571115190976,-1.53712861329059,0.21910036113305,-0.52244999591232,-0.393682828922499,0.0121036025634972,0.409338279556682,-1.88619171472793,138
"139",0.31324965499391,0.616807031884099,0.0483633550090233,1.47706523408312,-0.219429834285548,-0.39571115190976,-1.61075561584145,0.601832213461187,-0.52244999591232,-0.532655657018854,-1.11958483096107,0.789129926793136,-1.71307850604643,139
"140",0.503274041579532,0.690105989417516,0.332601323984863,-0.454016326412804,-0.219429834285548,-0.39571115190976,-1.831636623494,0.106532169271833,-0.52244999591232,-0.761731747287572,-1.43459088977718,-4.18813955541087,-1.17555937104579,140
"141",0.439932579384325,0.438989190460438,0.429288829825005,-0.446890564196952,-0.219429834285548,-0.39571115190976,-1.43895927655612,-0.546363343523224,-0.52244999591232,-0.685373050531333,-1.46959156297897,-2.58901683020476,-1.10820195965709,141
"142",0.377857946433022,0.121360374482295,0.586551640528851,-0.429076158657322,-0.219429834285548,-0.39571115190976,-1.38987460818889,-1.10920430282931,-0.52244999591232,-0.610541527710218,-2.2279394823511,-2.29917583626115,-1.08396261438226,142
"143",0.665428184799262,0.337185082775136,0.929035094950559,-0.429076158657322,-0.219429834285548,-0.39571115190976,NA,NA,-0.52244999591232,-0.957210010983544,-1.45792467191171,-1.12981734345419,-0.975293434243922,143
"144",0.905944765534779,0.78163273004125,0.996766273740468,-0.402710838458669,-0.219429834285548,-0.39571115190976,NA,NA,-0.157780044738494,-1.13894370926339,-0.617908515068733,-0.062402924379114,-1.15965230070918,144
"145",1.04348622630151,1.05776425260101,1.01141085293829,-0.334303521186489,-0.219429834285548,-0.39571115190976,-1.2671629372708,-0.794013365617901,0.33628892136798,-1.15814246730496,0.0704380578998126,-0.130365640200378,-0.985781612487837,145
"146",1.40978085339609,1.29976716001292,1.47471208574199,-0.0179196788026553,-0.219429834285548,-0.39571115190976,0.0826654428281518,-1.10920430282931,1.76555985903313,-1.17559588370639,0.0471042757652878,0.369360211426534,0.748263857172765,146
"147",1.39765548777586,1.19233958733167,1.5487670600946,-0.389884466470135,-0.219429834285548,-0.39571115190976,-0.489989021456257,-1.10920430282931,1.71630000675764,-1.17559588370639,-0.384570693723465,0.589239586142369,1.43564740574757,147
"148",1.35910768363992,1.38508869788251,1.31095906380276,-0.445465411753782,-0.219429834285548,-0.39571115190976,-0.162757899008022,-1.22177249469052,1.5596977898221,-1.17559588370639,-0.559574059732418,0.269415041101156,1.44928203746466,148
"149",1.10139842030856,1.36337048824298,0.851651807143909,0.862824531076665,-0.219429834285548,-0.39571115190976,NA,NA,0.51274212354886,-1.17559588370639,1.19045960035711,1.24887771028989,0.453604316175666,149
"150",0.917527204336187,0.911941987878436,0.90224217164546,0.40535059681896,-0.219429834285548,-0.39571115190976,0.450800455582412,0.174073084388563,-0.175425364956583,-1.15814246730496,1.31879540209702,0.929053165248674,-0.0786124620461061,150
"151",0.4019277020672,0.360260680517138,0.42695901040717,-0.28656091434028,-0.219429834285548,-0.39571115190976,1.11344347854008,0.89450951230035,-0.52244999591232,-0.639557832477589,-0.0578977438400839,0.649206688337598,-1.42960635517617,151
"152",0.159963316481509,0.156652465146534,0.155535048229422,-0.414824634225618,-0.219429834285548,-0.39571115190976,1.08890114435646,0.21910036113305,-0.52244999591232,-0.347867610868756,-1.28292130590275,-0.130365640200378,-1.72846116747084,152
"153",0.608420868823576,0.28696172298372,0.867294880377938,-0.372070060930505,-0.219429834285548,-0.39571115190976,0.614416016806524,0.429227652607325,-0.52244999591232,-0.888487183902929,-1.8779327503332,-1.7094993313414,-0.905488781264977,153
"154",0.923318423736896,0.870056869287921,0.95283253614701,1.61530502107065,-0.219429834285548,-0.39571115190976,-1.67620184033109,0.35418219136651,-0.0754352170540805,-1.13545302598311,-0.256234891983562,0.409338279556682,-0.524010431471027,154
"155",1.06954671360468,0.852992561714,1.23773616781366,-0.00865618792204829,-0.219429834285548,-0.39571115190976,1.06435881017285,-0.231172406311817,0.383343108616214,-1.17559588370639,-0.442905149059781,0.849097028988365,-0.0583935850981145,155
"156",1.25920914897777,1.06707205673224,1.40015786437128,-0.454016326412804,-0.219429834285548,-0.39571115190976,0.144021278287195,-0.490079247592615,1.15385542480607,-1.17559588370639,-0.792911881077687,-0.490168253371752,0.552834135894484,156
"157",1.2143271986223,1.15239359460183,1.24306146934015,1.76922148493305,-0.219429834285548,-0.39571115190976,-0.162757899008022,0.96205042741708,0.971520449219159,-1.17559588370639,0.210440750706975,-0.0104314358099202,0.726005612232901,157
"158",1.02466476324923,1.00191742781364,1.02339278137287,-0.436914497094759,-0.219429834285548,-0.39571115190976,0.966189473438377,0.89450951230035,0.201008133029303,-1.17559588370639,-0.956248356019374,-1.46963092256048,-0.566720623986525,158
"159",0.671762331018783,0.680604272700221,0.650621674519307,-0.454016326412804,-0.219429834285548,-0.39571115190976,1.06435881017285,-0.906581557479117,-0.52244999591232,-0.964845880659168,-0.699576752539581,-0.989894104998652,-1.29436712348658,159
"160",0.741437939433511,0.586944493629744,0.859140512415517,-0.432639039765248,-0.219429834285548,-0.39571115190976,-0.408181240844195,-1.22177249469052,-0.496717237260941,-1.04120457741541,-1.21291995949917,-0.909937968738354,-0.442785317737597,160
"161",1.3779291466922,0.995712225059488,1.68106751989308,0.366871480853358,-0.219429834285548,-0.39571115190976,-1.20580710181176,-0.940352015037482,1.63616084410048,-1.17559588370639,-1.52792601831529,-2.05331071726072,0.875636955179421,161
"162",1.42860231644837,1.27804895037339,1.52530245024355,3.09888871441106,-0.219429834285548,-0.39571115190976,0.0335807744609173,2.44795055998514,1.84202291331151,-1.17559588370639,0.315442770312347,0.989020267443903,1.41408837269063,162
"163",1.02900817779975,1.12136758083107,0.930200004659477,-0.454016326412804,-0.219429834285548,-0.39571115190976,0.622596794867734,1.70500049370111,0.21865345324739,-1.17559588370639,-0.652909188270524,1.02899833557405,0.147815652708635,163
"164",0.449886237729287,0.507052508170039,0.392344550485052,-0.424088125106225,-0.219429834285548,-0.39571115190976,1.01527414180561,1.41232319486195,-0.52244999591232,-0.697372274307314,-0.827912554279477,-1.78945546760171,-0.687917350360653,164
"165",0.389078434021888,0.376743250332853,0.392344550485052,-0.411261753117692,-0.219429834285548,-0.39571115190976,1.49384965838615,-0.208658767939574,-0.52244999591232,-0.624067925421324,-1.50459223618076,-1.02987217312881,-1.51986295573075,165
"166",0.348539898216956,0.323999026922563,0.361724066707797,-0.419812667776714,-0.219429834285548,-0.39571115190976,-1.20580710181176,-0.827783823176265,-0.52244999591232,-0.575198359497331,-1.25958752376823,-0.710047628087587,-1.6055746790463,166
"167",0.557023796642318,0.482231697153433,0.606687936925849,-0.40698629578818,-0.219429834285548,-0.39571115190976,-1.42055252591841,-0.940352015037482,-0.52244999591232,-0.826527555677866,-1.37625643444086,-2.28918131922862,-0.709068509819215,167
"168",0.709043305910815,0.508603808858578,0.862302410196866,-0.402710838458669,-0.219429834285548,-0.39571115190976,-1.02173959543463,NA,-0.510686449100261,-1.00629774461255,-1.46959156297897,-1.38967478630019,-0.335980702620396,168
"169",0.991365251695169,0.744401513516344,1.18315182716725,-0.424088125106225,-0.219429834285548,-0.39571115190976,NA,NA,0.106899758532831,-1.16337849222539,-1.27125441483549,-1.38967478630019,0.219193532424167,169
"170",1.19405793071983,1.01432783332195,1.3269349683822,-0.415537210447203,-0.219429834285548,-0.39571115190976,NA,NA,0.889175621534747,-1.17559588370639,-1.25958752376823,-1.30971865003988,0.754381961148382,170
"171",1.34318183028798,1.18962481112673,1.44858482512771,-0.418387515333544,-0.219429834285548,-0.39571115190976,NA,NA,1.49499828235578,-1.17559588370639,-0.361236911588933,-0.410212117111443,1.32074358631979,171
"172",1.51547060745894,1.40990950889912,1.57323016398187,-0.419812667776714,-0.219429834285548,-0.39571115190976,NA,NA,2.19492931767328,-1.17559588370639,-1.02624970242295,-0.0703985380051492,1.05224622327557,172
"173",1.50533597350771,1.46110243162087,1.51332052180898,-0.436914497094759,-0.219429834285548,-0.39571115190976,-0.571796802068307,-0.809022457866059,2.15375690383108,-1.17559588370639,-0.197900436647246,0.269415041101156,1.05154701139264,173
"174",1.52850085111053,1.56348827706437,1.47071810959714,-0.424088125106225,-0.219429834285548,-0.39571115190976,-1.08309543089367,-1.10920430282931,2.24786527832755,-1.17559588370639,-0.232901109849037,0.469305381751911,1.73794000979996,174
"175",1.24816963699517,1.48146325315793,1.02455769108178,0.486584286079674,-0.219429834285548,-0.39571115190976,0.107207777011769,0.511777659972213,1.1090069025851,-1.17559588370639,1.1321251450208,0.709173790532827,1.23852792241888,175
"176",0.913183789785663,1.02673823883025,0.794404815734247,-0.424088125106225,-0.219429834285548,-0.39571115190976,0.499885123949647,1.25472772625624,-0.122489404302318,-1.13719836762325,-0.676242970405049,-0.790003764347896,-0.118001398117698,176
"177",0.969648178942528,0.792491834861015,1.10194097888843,-0.40698629578818,-0.219429834285548,-0.39571115190976,0.548969792316882,-0.568876981895467,-0.0224992563998191,-1.17559588370639,-1.02624970242295,-0.630091491827278,0.0565102343296647,177
"178",1.22156622287318,1.03449474227294,1.35356147601459,-0.167560685335549,-0.219429834285548,-0.39571115190976,0.426258121398795,-0.0510632993338703,1.02445640987342,-1.16861451714582,-1.15458550416286,-1.00988313906373,0.765802421902867,178
"179",1.4387369503996,1.42231991440742,1.42545304662206,0.20440410233193,-0.219429834285548,-0.39571115190976,0.426258121398795,0.106532169271833,1.88319532715372,-1.17559588370639,-0.232901109849037,1.02899833557405,0.650490728876714,179
"180",1.34028622058763,1.26718984555363,1.37885665826537,-0.411261753117692,-0.219429834285548,-0.39571115190976,0.548969792316882,-0.636417897012197,1.48323473554372,-1.17559588370639,-0.512906495463362,0.62921765427253,0.565594752757913,180
"181",1.53139646081089,1.5153979557197,1.51598317257222,-0.415537210447203,-0.219429834285548,-0.39571115190976,0.512156291041456,-1.0529202068987,2.25962882513961,-1.17559588370639,-0.944581464952115,-1.46963092256048,1.78204862608131,181
"182",1.34064817180017,1.44617116249369,1.22375725130666,-0.425513277549396,-0.219429834285548,-0.39571115190976,-1.63529795002506,-0.99663611096809,1.48470517889523,-1.17559588370639,0.163773186437925,-0.350245014916214,1.59652440647784,182
"183",1.41539109719052,1.34436705480839,1.45207955425446,-0.425513277549396,-0.219429834285548,-0.39571115190976,0.512156291041456,-1.07168157220891,1.7883517309815,-1.17559588370639,-0.769578098943162,0.109502768580538,1.19022403483996,183
"184",1.87452621030263,1.79463207965653,1.90606150938683,-0.432639039765248,-0.219429834285548,-0.39571115190976,1.08890114435646,-0.0735769377061132,3.65360912236857,-1.17559588370639,-1.4929253451135,-2.64898393239999,2.45375817494715,184
"185",1.73843255438607,1.74654175831185,1.69171812294604,-0.432639039765248,-0.219429834285548,-0.39571115190976,1.26069748364179,-0.433795151662007,3.10072242220182,-1.17559588370639,-0.524573386530628,-1.88940063792709,2.38506060744951,185
"186",1.58786084996775,1.62864290598296,1.52130847409869,-0.411261753117692,-0.219429834285548,-0.39571115190976,1.49384965838615,-0.65893153538444,2.48901798797475,-1.17559588370639,-1.79626451286235,-2.48907165987938,1.41152459578656,186
"187",1.56614377721511,1.33544707584929,1.73165788439463,-0.432639039765248,-0.219429834285548,-0.39571115190976,0.982551029560784,-0.733976996625255,2.40079138688431,-1.17559588370639,-1.73793005752603,-2.26919228516354,1.2655058475685,187
"188",1.53067255838579,1.53983094156417,1.49401630377549,-0.436201920873174,-0.219429834285548,-0.39571115190976,-1.59439405971903,-0.99663611096809,2.25668793843659,-1.17559588370639,-0.617908515068733,-1.34969671817003,2.51703685035211,188
"189",1.74349987136169,1.60362818238029,1.82601557081694,-0.425513277549396,-0.219429834285548,-0.39571115190976,-0.489989021456257,-0.433795151662007,3.12130862912292,-1.17559588370639,-0.816245663212211,-1.32970768410496,2.94536239630221,189
"190",1.81950962599594,1.7977346810336,1.80155246692967,0.89631561349117,-0.219429834285548,-0.39571115190976,-0.162757899008022,1.06711407315421,3.43010173293947,-1.17559588370639,-0.524573386530628,-0.290277912720985,3.33598876823113,190
"191",1.86149596665105,1.81169638723044,1.86878439870148,-0.445465411753782,-0.219429834285548,-0.39571115190976,-0.592248747221326,-0.65893153538444,3.60067316171431,-1.17559588370639,-0.571240950799677,-0.490168253371752,3.44599810447842,191
"192",1.75725401743836,1.80083728241068,1.68639282141955,1.20486111743757,-0.219429834285548,-0.39571115190976,0.450800455582412,1.18718681113951,3.1771854764802,-1.17559588370639,0.035437384698022,0.52927248394714,3.39210052183608,192
"193",1.51673743670285,1.69864534955324,1.32859912510922,1.14928017215392,-0.219429834285548,-0.39571115190976,1.06435881017285,0.534291298344457,2.20007586940356,-1.17559588370639,1.12045825395353,0.60922862020745,1.18095947739117,193
"194",1.33883841573746,1.44248682335841,1.22176026323422,0.221505931649975,-0.219429834285548,-0.39571115190976,0.966189473438377,-0.231172406311817,1.47735296213769,-1.17559588370639,0.117105622168869,-0.0903875720702175,0.524574322292824,194
"195",1.25197012472688,1.41921731303034,1.08330242354576,-0.377058094481601,-0.219429834285548,-0.39571115190976,1.18707048109093,0.08401853089959,1.12444655777592,-1.17559588370639,0.0821049489670784,-0.310266946786065,0.873014910618442,195
"196",1.26970573414154,1.31450451655404,1.20511869596398,-0.414824634225618,-0.219429834285548,-0.39571115190976,NA,NA,1.19649828199978,-1.17559588370639,-0.116232199176399,0.109502768580538,1.14966974563015,196
"197",1.35621207393956,1.35871658617737,1.3269349683822,-0.415537210447203,-0.219429834285548,-0.39571115190976,-0.530892911762282,-0.433795151662007,1.54793424301004,-1.17559588370639,-0.10456530810914,-0.0504095039400689,1.82790527206999,197
"198",1.40018914626367,1.73665221642242,1.08396808623657,0.379697852841892,-0.219429834285548,-0.39571115190976,0.328088784664325,-0.92909519585136,1.72659311021819,-1.17559588370639,1.27212783782796,1.16892157402959,1.53860635550867,198
"199",1.60794914226395,1.62263161581488,1.56041615718378,-0.443327683089026,-0.219429834285548,-0.39571115190976,-0.040046228089935,-0.906581557479117,2.57062759398341,-1.17559588370639,-0.734577425741371,0.309393109231305,2.08451603310444,199
"200",1.66893792157762,1.60692469634343,1.69038679756442,-0.411261753117692,-0.219429834285548,-0.39571115190976,-0.236384901558874,-0.568876981895467,2.8183972987124,-1.17559588370639,-0.396237584790724,-0.150354674265446,1.9473539687368,200
"201",1.6211603615218,1.76825996795138,1.46406148268904,1.91031157680692,-0.219429834285548,-0.39571115190976,0.622596794867734,1.86259596230681,2.62429877631343,-1.17559588370639,1.26046094676069,0.689184756467759,1.47585208901591,201
"202",1.44597597465049,1.40835820821058,1.45074822887284,-0.454016326412804,-0.219429834285548,-0.39571115190976,0.794393134153055,0.15155944601632,1.91260419418387,-1.17559588370639,-0.641242297203258,0.62921765427253,1.95982324731567,202
"203",1.13759354156297,1.11981628014253,1.12856748652083,-0.364231722493068,-0.219429834285548,-0.39571115190976,NA,NA,0.659786458699598,-1.17559588370639,-0.0462308527728181,-0.0504095039400689,1.10165719633579,203
"204",1.34064817180017,1.51947012002711,1.15735739789837,3.03048139713888,-0.219429834285548,-0.39571115190976,1.55520549384519,-1.22177249469052,1.48470517889523,-1.17559588370639,1.10879136288627,1.00900930150897,1.28887117798967,204
"205",1.34462963513815,1.4828206412604,1.19912773174669,-0.436914497094759,-0.219429834285548,-0.39571115190976,0.287184894358301,-0.99663611096809,1.50088005576181,-1.17559588370639,0.210440750706975,0.669195722402678,1.33478609163525,205
"206",1.34028622058763,1.39129390063667,1.27235062773578,-0.415537210447203,-0.219429834285548,-0.39571115190976,NA,NA,1.48323473554372,-1.17559588370639,-0.0462308527728181,0.249426007036076,1.43296709352968,206
"207",1.43692719433689,1.33622272619357,1.49401630377549,-0.429076158657322,-0.219429834285548,-0.39571115190976,0.0826654428281518,-0.940352015037482,1.87584311039619,-1.17559588370639,-0.897913900683058,0.149480836710698,1.15916737370659,207
"208",1.71816328648361,1.58598213704817,1.79456300867617,-0.429076158657322,-0.219429834285548,-0.39571115190976,0.598054460684116,-0.25368604468406,3.0183775945174,-1.17559588370639,-0.454572040127046,-1.04986120719388,1.81899032056266,208
"209",1.77263694397148,1.81945289067313,1.69554568341819,-0.0157819501378997,-0.219429834285548,-0.39571115190976,0.84347780252029,0.871995873928107,3.23967931891926,-1.17559588370639,0.0704380578998126,0.00955759825516006,3.180239321309,209
"210",1.45755841345189,1.39439650201374,1.48270003803172,-0.419812667776714,-0.219429834285548,-0.39571115190976,0.720766131602203,-0.0735769377061132,1.95965838143211,-1.17559588370639,-1.29458819697002,-0.210321776460675,2.02875388544096,210
"211",1.47058865710349,1.45489722886671,1.4547422050177,-0.248794374596264,-0.219429834285548,-0.39571115190976,0.409896565276387,-0.508840612902822,2.01259434208637,-1.17559588370639,-0.74624431680863,0.129491802645618,1.8997492930408,211
"212",1.29250866053181,1.26098464279948,1.29498315922332,-0.415537210447203,-0.219429834285548,-0.39571115190976,-0.469537076303239,-0.65893153538444,1.28913621314475,-1.17559588370639,-0.66457607933779,-0.410212117111443,1.50760796203221,212
"213",1.39385500004415,1.44403812404695,1.32427231761895,-0.411261753117692,-0.219429834285548,-0.39571115190976,1.67791716476328,-1.22177249469052,1.70086035156681,-1.17559588370639,-0.454572040127046,0.0495356663853087,1.61243147681444,213
"214",1.43059304811737,1.4040921313171,1.41946208240477,1.85116775041534,-0.219429834285548,-0.39571115190976,-1.2671629372708,-0.65893153538444,1.85011035174481,-1.17559588370639,-0.722910534674105,0.649206688337598,0.965718752763268,214
"215",1.38625402458072,1.54797527017899,1.22142743188882,5.46036631274445,-0.219429834285548,-0.39571115190976,0.180834779562621,1.52489138672316,1.66998104118515,-1.17559588370639,1.2254602735589,1.14893253996451,0.294650148123444,215
"216",1.18971451616931,1.37733219443982,1.00608555141181,2.87228947594696,-0.219429834285548,-0.39571115190976,0.205377113746239,-0.366254236545277,0.87153030131666,-1.17559588370639,0.992122452213634,1.0689764037042,-0.193807619758438,216
"217",1.16510183371631,1.35251138342321,0.982121694542655,2.49604923094997,-0.219429834285548,-0.39571115190976,1.02345491986682,-0.208658767939574,0.771540153414156,-1.17559588370639,1.30712851102975,1.08896543776928,0.61366556970919,217
"218",0.92766183828742,0.9103906871899,0.924874703132993,-0.428363582435737,-0.219429834285548,-0.39571115190976,0.622596794867734,-0.0510632993338703,-0.146016497926436,-1.16163315058525,-0.944581464952115,0.169469870775767,0.179921131666397,218
"219",0.868301839430196,0.78163273004125,0.924874703132993,-0.454016326412804,-0.219429834285548,-0.39571115190976,NA,NA,-0.334233246919378,-1.14592507582396,-0.606241624001468,0.109502768580538,0.164538470241988,219
"220",1.05506866510293,1.00502002919072,1.07398314587442,-0.454016326412804,-0.219429834285548,-0.39571115190976,NA,NA,0.324525374555921,-1.17559588370639,-0.641242297203258,-0.410212117111443,0.461412182201692,220
"221",1.20564036952124,1.1353292870279,1.23773616781366,-0.424088125106225,-0.219429834285548,-0.39571115190976,-0.224113734467065,-1.22177249469052,0.936229808782981,-1.17559588370639,-0.676242970405049,-0.190332742395607,0.260680104144542,221
"222",1.51547060745894,1.60589049588441,1.40392995295254,-0.454016326412804,-0.219429834285548,-0.39571115190976,0.358766702393847,-0.630789487419136,2.19492931767328,-1.17559588370639,0.67011625875716,-0.110376606135298,1.04618638695686,222
"223",1.70971775819092,1.77239676978749,1.62137976528379,-0.454016326412804,-0.219429834285548,-0.39571115190976,-0.334554238293343,-0.72647245050117,2.9840672496489,-1.17559588370639,0.0541044104056461,0.29739968879226,2.89274670211191,223
"224",1.36924231759116,1.30752366345562,1.39216991208157,-0.454016326412804,-0.219429834285548,-0.39571115190976,0.401715787215178,-0.0285496609616267,1.60087020366431,-1.17559588370639,-0.594574732934209,-0.190332742395607,2.36408425096168,224
"225",1.28526963628093,1.03914864433855,1.47204943497876,-0.445465411753782,-0.219429834285548,-0.39571115190976,-0.285469569926109,-0.65893153538444,1.2597273461146,-1.17559588370639,-1.39959021657539,-0.750025696217736,1.60701258472176,225
"226",1.44959548677593,1.40273474321463,1.45906901250797,-0.454016326412804,-0.219429834285548,-0.39571115190976,-0.530892911762282,-1.22177249469052,1.92730862769894,-1.17559588370639,-0.874580118548534,-0.170343708330527,2.00789406426695,226
"227",1.47746573014182,1.571050867921,1.36937096492133,-0.454016326412804,-0.219429834285548,-0.39571115190976,-1.55349016941301,-0.884067919106874,2.04053276576501,-1.17559588370639,-0.991249029221164,-2.06930194451277,1.83699502654805,227
"228",1.2570374417025,1.23984817091815,1.24589053577609,-0.454016326412804,-0.219429834285548,-0.39571115190976,-1.47168238880095,-0.99663611096809,1.14503276469703,-1.17559588370639,0.327109661379613,-0.130365640200378,0.901391259533923,228
"229",1.20256378421462,1.37015742875533,1.03038223962637,0.404638020597375,-0.219429834285548,-0.39571115190976,-1.02173959543463,-1.10920430282931,0.923731040295169,-1.17559588370639,0.7471177398011,0.849097028988365,0.200373079242031,229
"230",1.15315744370236,1.10003719636367,1.17599595324104,1.59464031064468,-0.219429834285548,-0.39571115190976,1.01527414180561,-0.25368604468406,0.723015522814415,-1.17559588370639,-0.162899763445456,0.849097028988365,0.567226247151411,230
"231",0.992270129726532,0.965655774219067,0.991940219232098,-0.407698872009765,-0.219429834285548,-0.39571115190976,1.26069748364179,0.196586722760807,0.0694034530693927,-1.17559588370639,-0.582907841866943,-0.150354674265446,0.252406096863231,231
"232",0.851652083653172,0.783765768487994,0.892922893974121,-0.454016326412804,-0.219429834285548,-0.39571115190976,1.43249382292711,-0.748986088873413,-0.373199995734323,-1.13741653532827,-1.20125306843191,-0.450190185241591,-0.0157416602395271,232
"233",0.960599398628928,0.639882629626101,1.21676779305315,-0.446890564196952,-0.219429834285548,-0.39571115190976,-0.310011904109726,-0.141117852822843,-0.00779482288474371,-1.16032414435514,-0.501239604396096,-0.450190185241591,0.306653285447036,233
"234",1.41285743870271,1.32400623327133,1.46256374163472,-0.42195039644147,-0.219429834285548,-0.39571115190976,0.144021278287195,-0.490079247592615,1.77805862752095,-1.17559588370639,-0.326236238387143,0.389349245491614,1.04589504867231,234
"235",1.52560524141018,1.55728307431022,1.46938678421552,-0.368507179822579,-0.219429834285548,-0.39571115190976,-0.899027924516543,NA,2.23610173151549,-1.17559588370639,-0.0112301795710275,0.729162824597907,1.04927457277312,235
"236",1.54877011901299,1.4130121102762,1.63180848077314,-0.432639039765248,-0.219429834285548,-0.39571115190976,0.205377113746239,-0.65893153538444,2.33021010601196,-1.17559588370639,-0.874580118548534,0.909064131183594,1.25985388484817,236
"237",1.67129060445915,1.59684124186794,1.70137023196278,0.123170413071216,-0.219429834285548,-0.39571115190976,0.491704345888437,0.766932228190975,2.8279551804972,-1.17559588370639,-0.839579445346743,0.52927248394714,2.51488094704641,237
"238",1.27984036809277,1.30364541173427,1.23424143868691,-0.454016326412804,-0.219429834285548,-0.39571115190976,1.08890114435646,0.89450951230035,1.23767069584199,-1.17559588370639,-0.827912554279477,0.429327313621763,1.86595405203263,238
"239",0.804779401628718,0.858422114123882,0.739154812397027,1.3238613464423,-0.219429834285548,-0.39571115190976,NA,NA,-0.373199995734323,-1.08091109972865,0.245441423908766,1.20889964215974,0.269303717367317,239
"240",1.45086231601983,1.37422959306275,1.48586193581306,-0.308650777209421,-0.219429834285548,-0.39571115190976,0.917104805071142,0.82696859718362,1.93245517942922,-1.17559588370639,0.327109661379613,1.14893253996451,1.37895297557352,240
"241",1.05054427494612,1.19369697543414,0.906901810481129,-0.325752606527466,-0.219429834285548,-0.39571115190976,-1.51258627910698,-1.10920430282931,0.306144832662078,-1.17559588370639,0.467112354186775,1.02899833557405,0.572237265645726,241
"242",1.21016475967804,1.27242548537744,1.1328942940111,-0.161860075562867,-0.219429834285548,-0.39571115190976,1.18707048109093,2.08773234602925,0.954610350676824,-1.17559588370639,0.362110334581403,0.989020267443903,-0.14008484008683,242
"243",0.91245988736057,1.00909219349813,0.813709033767739,-0.382758704254283,-0.219429834285548,-0.39571115190976,1.08890114435646,-0.99663611096809,-0.21880344382605,-1.16490566616051,-0.454572040127046,0.209447938905927,-0.825720358954313,243
"244",0.944130618458174,0.948009728886948,0.922045636697055,-0.454016326412804,-0.219429834285548,-0.39571115190976,-1.56167094747421,-0.0510632993338703,-0.126165512681086,-1.17559588370639,-0.256234891983562,0.0895137345154693,0.191807733676167,244
"245",1.37648134184203,1.49367974608017,1.25104942162986,0.0761403824465925,-0.219429834285548,-0.39571115190976,-0.469537076303239,-0.771499727245657,1.63027907069446,-1.17559588370639,0.455445463119509,0.809118960858217,1.18398939555052,245
"246",1.33159939148657,1.35871658617737,1.28166990540712,0.533614316704298,-0.219429834285548,-0.39571115190976,0.647139129051351,0.917023150672593,1.44794409510755,-1.17559588370639,-0.326236238387143,1.00900930150897,1.27430426376201,246
"247",1.12782085882428,0.965655774219067,1.24589053577609,-0.0692251667567905,-0.219429834285548,-0.39571115190976,-0.040046228089935,0.714400405322403,0.620084488208899,-1.17559588370639,-0.477905822261571,0.369360211426534,0.740980400058935,247
"248",0.843689156977206,0.863851666533765,0.807718069550451,-0.424088125106225,-0.219429834285548,-0.39571115190976,0.524427458133265,0.69188676695016,-0.345996793731436,-1.11974495122182,-1.24792063270096,0.00955759825516006,-0.135015553935604,248
"249",0.694565257409058,0.696311192171673,0.681242158296561,-0.385609009140624,-0.219429834285548,-0.39571115190976,0.409896565276387,-1.07168157220891,-0.52244999591232,-0.992335011491414,-0.559574059732418,-0.330255980851133,-1.07230908300014,249
"250",0.581636479095318,0.426384872366067,0.703874689784104,-0.0692251667567905,-0.219429834285548,-0.39571115190976,-1.02173959543463,-1.22177249469052,-0.52244999591232,-0.856198363560291,-1.0145828113557,0.189458904840847,-1.33626156880533,250
"251",1.00729110504711,1.09499546912591,0.912892774698417,0.670428951248658,-0.219429834285548,-0.39571115190976,-0.383638906660578,1.32226864137297,0.13042685215695,-1.17559588370639,0.875453541540996,0.60922862020745,-0.936137568799973,251
"252",0.584532088795668,1.00191742781364,0.213946949347992,-0.454016326412804,-0.219429834285548,-0.39571115190976,-0.408181240844195,-1.22177249469052,-0.52244999591232,-0.859689046840575,1.08545758075174,-0.230310810525756,-0.451816804558746,252
"253",0.656922331304475,0.961583609911655,0.385687923576959,-0.325752606527466,-0.219429834285548,-0.39571115190976,NA,NA,-0.52244999591232,-0.946956128847706,2.35714870708347,1.26886674435497,-0.288201223953673,253
"254",0.726235988506661,0.911360250120239,0.556263988096999,-0.425513277549396,-0.219429834285548,-0.39571115190976,1.268878261703,-0.771499727245657,-0.52244999591232,-1.03051435986953,1.05045690754995,1.34882288061528,-0.253415432778022,254
"255",0.434865262408708,0.555724567272917,0.320952226895689,-0.429076158657322,-0.219429834285548,-0.39571115190976,-0.162757899008022,-0.65893153538444,-0.52244999591232,-0.679264354790834,0.268775206043297,0.249426007036076,-0.558563152019036,255
"256",0.570415991506452,0.50142904317409,0.615674383251785,-0.418387515333544,-0.219429834285548,-0.39571115190976,-1.59439405971903,-0.733976996625255,-0.52244999591232,-0.842671965849185,0.840452868339206,0.649206688337598,-1.14794050167014,256
"257",1.09995061545838,1.07153204621178,1.0991119124525,0.921255781246651,-0.219429834285548,-0.39571115190976,0.622596794867734,0.984564065789323,0.506860350142832,-1.17559588370639,-0.197900436647246,1.04898736963913,-0.843491994312058,257
"258",0.352521361554939,0.38469366636161,0.317457497768937,-0.454016326412804,-0.219429834285548,-0.39571115190976,1.11344347854008,-0.52384970515098,-0.52244999591232,-0.579998049007723,-0.932914573884849,-0.430201151176523,-0.610188296041861,258
"259",0.315240386662907,0.105265629838714,0.489531303343306,-0.445465411753782,-0.219429834285548,-0.39571115190976,-0.101402063548978,-0.771499727245657,-0.52244999591232,-0.535055501774051,-0.00189666671721919,-0.374231855794306,-0.636000868053274,259
"260",0.893457448702008,0.840776068791763,0.922045636697055,-0.454016326412804,-0.219429834285548,-0.39571115190976,-0.162757899008022,-0.0285496609616267,-0.25482930593798,-1.15268827467952,-0.18623354557998,-0.390223083046362,-0.386440493505009,260
"261",0.489338919896586,0.495999490764207,0.470060669637113,-0.454016326412804,-0.219429834285548,-0.39571115190976,0.328088784664325,-0.602647439453832,-0.52244999591232,-0.744932834001199,-0.454572040127046,-0.0104314358099202,-0.461081362007537,261
"262",0.130826243871713,0.0942126124328816,0.160194687065091,-0.446890564196952,-0.219429834285548,-0.39571115190976,0.868020136703907,-0.141117852822843,-0.52244999591232,-0.312742610360886,-1.39959021657539,-1.90938967199217,-0.734531475889164,262
"263",-0.0845347275919912,-0.250563965594675,0.0553528132625277,-0.425513277549396,-0.219429834285548,-0.39571115190976,-1.57394211456602,-1.22177249469052,-0.52244999591232,-0.053123041389673,-1.28292130590275,-1.72948836540648,-1.30875923474351,263
"264",0.219504290945003,0.175655898581123,0.248727824942812,-0.414824634225618,-0.219429834285548,-0.39571115190976,-1.2671629372708,-0.884067919106874,-0.52244999591232,-0.419644785819621,-0.722910534674105,-1.18978444564942,-1.44166776015667,264
"265",0.281940875108848,0.0618292105596517,0.466898771855764,-0.424088125106225,-0.219429834285548,-0.39571115190976,-0.776316253598456,-1.22177249469052,-0.52244999591232,-0.494912644050771,-0.734577425741371,-0.330255980851133,-0.633029217550832,265
"266",0.438303798927879,0.189035867019763,0.646627698374451,-0.454016326412804,-0.219429834285548,-0.39571115190976,NA,NA,-0.52244999591232,-0.683409541186172,-0.687909861472315,0.309393109231305,-0.512356900088899,266
"267",0.973991593493062,0.702516394925818,1.18980845407535,-0.364231722493068,-0.219429834285548,-0.39571115190976,0.818935468336673,-0.636417897012197,0.101017985126799,-1.14417973418382,-1.48125845404623,0.369360211426534,-0.19666273494706,267
"268",0.839345742426671,0.645118269449918,0.986115670687511,-0.0221951361321666,-0.219429834285548,-0.39571115190976,-0.408181240844195,-0.884067919106874,-0.363642113949525,-1.11974495122182,-0.267901783050828,0.949042199313743,-0.189554080803962,268
"269",0.951731593921599,0.941222788374594,0.938354372621898,-0.350692774282949,-0.219429834285548,-0.39571115190976,NA,NA,-0.0541137884572256,-1.16337849222539,0.40877789885046,1.22888867622482,-0.081525844891638,269
"270",0.965666715604545,0.863851666533765,1.03271205904421,-0.42195039644147,-0.219429834285548,-0.39571115190976,-0.432723575027813,-1.10920430282931,-0.00779482288474371,-1.16643284009564,0.397111007783194,1.26886674435497,-0.704174026638721,270
"271",1.23423451531222,1.40273474321463,1.06649444060281,-0.436201920873174,-0.219429834285548,-0.39571115190976,-0.285469569926109,-0.298713321428547,1.05239483355206,-1.17559588370639,0.548780591657622,-0.0304204698749886,-0.612169396376823,271
"272",1.11008524940962,1.10139458446614,1.09794700274358,1.23835219985207,-0.219429834285548,-0.39571115190976,0.00903844027729957,0.106532169271833,0.548032763985039,-1.17559588370639,0.385444116715928,0.949042199313743,0.374243767463377,272
"273",0.626156478238234,0.816343082947291,0.452587024003353,0.0554756720206207,-0.219429834285548,-0.39571115190976,0.0213096073691084,-0.208658767939574,-0.52244999591232,-0.909867618994676,0.140439404303394,0.709173790532827,-0.315645290358584,273
"274",0.48427160292097,0.565226283990212,0.402495906519906,1.31317270311852,-0.219429834285548,-0.39571115190976,0.0335807744609173,1.50237774835092,-0.52244999591232,-0.7388241382607,0.117105622168869,0.809118960858217,-0.550347412394635,274
"275",0.362655995506172,0.4036970997962,0.320952226895689,-0.275872271016502,-0.219429834285548,-0.39571115190976,0.352631118847943,-0.411281513289763,-0.52244999591232,-0.592215440488721,-0.0812315259746087,0.429327313621763,-0.662163046006151,275
"276",0.0908306348855925,0.103714329150176,0.0754891096595253,-0.317201691868444,-0.219429834285548,-0.39571115190976,1.37113798746806,-0.99663611096809,-0.52244999591232,-0.264527547551946,0.210440750706975,0.689184756467759,-0.663386666801274,276
"277",-0.135026921741885,-0.198789305114722,-0.0842699361348564,-0.141907941358482,-0.219429834285548,-0.39571115190976,NA,NA,-0.52244999591232,0.00774574831030106,-0.547907168665152,0.229436972970996,-1.22957348900195,277
"278",-0.0727713131843097,0.116124734658479,-0.23337837887628,0.131721327730239,-0.219429834285548,-0.39571115190976,NA,NA,-0.52244999591232,-0.0673039422158319,2.03047575720009,1.26886674435497,-1.17614204761489,278
"279",0.146028194798563,0.159367241351475,0.127577215215405,-0.429076158657322,-0.219429834285548,-0.39571115190976,-0.040046228089935,NA,-0.52244999591232,-0.331068697582383,-0.0228970706382934,1.28885577842005,-0.587114303905248,279
"280",0.282845753140211,0.175655898581123,0.369878434670219,-0.354255655390875,-0.219429834285548,-0.39571115190976,-0.236384901558874,-0.163631491195087,-0.52244999591232,-0.49600348257586,0.642115720195728,0.289404075166224,-0.565963144446687,280
"281",0.480471115189257,0.550295014863035,0.408320455064492,0.0697271964523256,-0.219429834285548,-0.39571115190976,0.868020136703907,3.28095517975814,-0.52244999591232,-0.734242616455326,-0.197900436647246,0.509283449882072,-0.575693843150763,281
"282",-0.00327668037585434,-0.0328001314411623,0.0235674197763562,-0.253069831925775,-0.219429834285548,-0.39571115190976,0.0826654428281518,0.69188676695016,-0.52244999591232,-0.151080340942676,0.280442097110556,1.08896543776928,-0.613043411230483,282
"283",0.0358140505789025,-0.228264018196942,0.263205988467924,-0.445465411753782,-0.219429834285548,-0.39571115190976,-0.285469569926109,-0.884067919106874,-0.52244999591232,-0.198204565226527,-0.0345639617055592,1.12894350589943,-0.757081059113581,283
"284",0.567158430593551,0.339512033807943,0.750471078140798,-0.394159923799646,-0.219429834285548,-0.39571115190976,0.94164713925476,0.35418219136651,-0.52244999591232,-0.838744947158864,0.0121036025634972,-0.0304204698749886,-1.32757968792564,284
"285",-0.156743994494527,-0.0686739598636017,-0.232379884840064,-0.454016326412804,-0.219429834285548,-0.39571115190976,-2.00343296277932,-0.171136037319172,-0.52244999591232,0.0339258729124397,0.478779245254041,-0.889948934673274,-1.56239834527552,285
"286",0.181499413627879,0.196016720118184,0.164854325900761,-0.0335963556775292,-0.219429834285548,-0.39571115190976,-1.58621328165783,0.21910036113305,-0.52244999591232,-0.373829567765877,1.23712716462617,0.429327313621763,-1.56321409247226,286
"287",0.431064774676996,0.483782997841971,0.375702983214806,0.365446328410187,-0.219429834285548,-0.39571115190976,0.966189473438377,-0.38876787491752,-0.52244999591232,-0.674682832985459,-1.11958483096107,1.16892157402959,-0.785340872715241,287
"288",0.244840875823086,0.223164482167597,0.254552373487399,-0.357818536498801,-0.219429834285548,-0.39571115190976,0.0213096073691084,-0.99663611096809,-0.52244999591232,-0.450188264522116,-1.18958617736465,0.249426007036076,-0.680051216677717,288
"289",0.267643802213361,0.387408442566551,0.159029777356174,1.97230570808484,-0.219429834285548,-0.39571115190976,0.254461782113473,0.21910036113305,-0.52244999591232,-0.477677395354362,0.793785304070156,0.709173790532827,-0.48508763665472,289
"290",-0.196015701055556,-0.224773591647732,-0.165980031431774,0.0768529586681769,-0.219429834285548,-0.39571115190976,0.737127687724611,-0.433795151662007,-0.52244999591232,0.0812682649013078,-1.43459088977718,0.129491802645618,-0.649693767427274,290
"291",-0.216284968958022,-0.403948821173863,-0.0529837896667882,-0.414824634225618,-0.219429834285548,-0.39571115190976,-0.138215564824405,-0.32122695980079,-0.52244999591232,0.105703047863304,-0.734577425741371,-0.150354674265446,-1.2200175932686,291
"292",0.0575311233315435,0.165766356691694,-0.0390048731597799,0.0333858091514798,-0.219429834285548,-0.39571115190976,0.328088784664325,-0.478822428406493,-0.52244999591232,-0.224384689828666,0.18710696857245,0.789129926793136,-1.30316553968009,292
"293",-0.260985943707211,0.0990604270845629,-0.564878398899623,0.922680933689823,-0.219429834285548,-0.39571115190976,-0.469537076303239,-0.884067919106874,-0.52244999591232,0.159590471002704,2.01880886613283,0.989020267443903,-0.424722344095299,293
"294",-0.0800103374351905,0.0757909167564932,-0.217402474296839,-0.0179196788026553,-0.219429834285548,-0.39571115190976,-1.71710573063712,-0.99663611096809,-0.52244999591232,-0.0585772340151189,0.572114373792147,0.909064131183594,-0.498081324145793,294
"295",0.213170144725483,0.132219479302061,0.277850567665747,0.693231390339386,-0.219429834285548,-0.39571115190976,0.696223797418586,0.5568049367167,-0.52244999591232,-0.412008916143997,0.432111680984984,1.26886674435497,-0.502160060129537,295
"296",0.0345472213349985,0.254384408524423,-0.152001114924765,-0.161860075562867,-0.219429834285548,-0.39571115190976,-1.55349016941301,-0.99663611096809,-0.52244999591232,-0.196677391291403,1.52879944130776,1.28885577842005,-0.46044041778152,296
"297",0.656922331304475,0.406217963415074,0.85963975943362,0.208679559661442,-0.219429834285548,-0.39571115190976,-0.040046228089935,1.68248685532887,-0.52244999591232,-0.946956128847706,0.688783284464784,1.38880094874543,-0.651791403076057,297
"298",-0.401242038568027,-0.270924787131735,-0.508463485853482,-0.454016326412804,-0.219429834285548,-0.39571115190976,0.990731807621994,0.466750383227726,-0.52244999591232,0.328670442391522,0.175440077505184,-0.550135355566981,-1.18558140803442,298
"299",-0.529191792202346,-0.375443671021979,-0.652912289759237,-0.397010228685987,-0.219429834285548,-0.39571115190976,-1.88072129186124,-0.152374672008965,-0.52244999591232,0.482915009839125,-0.127899090243665,-0.250299844590836,-1.11775785539043,299
"300",-0.408843014031452,-0.247849189389733,-0.539916047994251,-0.236680578829314,-0.219429834285548,-0.39571115190976,-1.88072129186124,0.35418219136651,-0.52244999591232,0.337833486002271,0.700450175532043,0.189458904840847,-0.285579179392694,300
"301",-0.508560573087335,-0.2592900319677,-0.711324190877808,0.820069957781552,-0.219429834285548,-0.39571115190976,NA,NA,-0.52244999591232,0.458043891467097,1.8671392822584,0.789129926793136,-0.189903686745426,301
"302",-0.290183341519098,-0.35779762568986,-0.223837213641334,-0.454016326412804,-0.219429834285548,-0.39571115190976,0.287184894358301,-0.133613306698759,-0.52244999591232,0.194788194078921,-0.775411544476791,0.60922862020745,-0.362375951200916,302
"303",-0.32179374741461,-0.302726451246763,-0.335890433261009,-0.334303521186489,-0.219429834285548,-0.39571115190976,-2.17522930206465,-0.568876981895467,-0.52244999591232,0.232894819888693,1.21379338249164,0.329382143296385,-0.303234279436618,303
"304",-0.961723491192475,-0.858092097743344,-1.02817963170333,-0.454016326412804,-0.219429834285548,-0.39571115190976,-1.43077849849491,-0.959113380347688,-0.52244999591232,1.00433582483172,0.548780591657622,-0.969905070933583,-0.109610855522566,304
"305",-0.829430323007628,-1.13965317271298,-0.544575686829921,-0.454016326412804,-0.219429834285548,-0.39571115190976,-0.592248747221326,-0.884067919106874,-0.52244999591232,0.844855232463699,-0.0462308527728181,-0.210321776460675,-0.774561356186772,305
"306",-0.40504252629974,-0.549189348138227,-0.27431663436109,0.52577597826686,0.724188064298765,-0.275669476320061,0.205377113746239,2.31286872975168,-0.52244999591232,0.333251964196897,0.44377857205225,0.969031233378823,-0.925183249300773,306
"307",-0.714148861812351,-0.78944704227554,-0.640098282961146,-0.454016326412804,-0.219429834285548,-0.125617381832937,1.08890114435646,2.04270506928476,-0.52244999591232,0.705882404367344,-0.349570020521675,-1.06985024125896,-0.0251227530021399,307
"308",-0.403775697055836,-0.209842322520554,-0.563214242172599,-0.454016326412804,-0.219429834285548,-0.39571115190976,0.720766131602203,0.331668552994266,-0.52244999591232,0.331724790261772,0.222107641774241,0.60922862020745,-0.0648030273582847,308
"309",0.0227838069273169,-0.31979075882068,0.319121654495958,-0.454016326412804,-0.219429834285548,-0.39571115190976,-0.203661789314047,-0.021045114837542,-0.52244999591232,-0.182496490465244,0.0121036025634972,1.18491280128165,-0.355209029400907,309
"310",0.412243311624704,0.496193403350274,0.329772257548925,-0.454016326412804,-0.219429834285548,-0.39571115190976,-0.203661789314047,-0.959113380347688,-0.52244999591232,-0.651993391663605,0.432111680984984,-0.889948934673274,-0.540791516661291,310
"311",0.334785752140281,0.13086209119959,0.500348322068965,-0.454016326412804,-0.219429834285548,-0.39571115190976,-0.040046228089935,-0.733976996625255,-0.52244999591232,-0.558617613915976,0.0237704936307631,0.409338279556682,-0.647829202406134,311
"312",0.43540818922752,0.311588621414259,0.532133715555137,-0.454016326412804,-0.219429834285548,-0.39571115190976,0.144021278287195,-1.0529202068987,-0.52244999591232,-0.679918857905887,-0.0928984170418745,0.429327313621763,-1.24175142929627,312
"313",0.309449167262198,-0.000222816981865648,0.566748175477255,-0.454016326412804,-0.219429834285548,-0.39571115190976,NA,NA,-0.52244999591232,-0.52807413521348,-0.384570693723465,0.709173790532827,-1.37093082466716,313
"314",0.367361361269247,0.241780090430053,0.470892748000628,-0.454016326412804,-0.219429834285548,-0.39571115190976,NA,NA,-0.52244999591232,-0.597887800819184,-0.302902456252618,0.509283449882072,-0.616015061732925,314
"315",0.55774769906741,0.244882691807129,0.813709033767739,-0.404135990901839,-0.219429834285548,-0.39571115190976,-0.162757899008022,-1.0529202068987,-0.52244999591232,-0.827400226497937,0.257108314976031,-0.0903875720702175,-0.530478141388108,315
"316",0.329718435164664,0.24759746801207,0.394341538557484,-0.414824634225618,-0.219429834285548,-0.39571115190976,-0.0155038939063177,-0.25368604468406,-0.52244999591232,-0.552508918175477,-0.804578772144952,0.909064131183594,-0.586648162649963,316
"317",-0.336633747128916,-0.283141280053971,-0.377993598454736,-0.454016326412804,-0.219429834285548,-0.39571115190976,NA,NA,-0.52244999591232,0.250784571700159,-0.384570693723465,-0.370234048981294,-0.472560090418933,317
"318",-0.396174721592411,-0.323862923128092,-0.453712729534366,-0.443327683089026,-0.219429834285548,-0.39571115190976,0.818935468336673,-0.38876787491752,-0.52244999591232,0.322561746651023,0.397111007783194,0.0295466323202404,-0.339593297348856,318
"319",-0.511456182787688,-0.43788352373563,-0.566708971299351,-0.140482788915311,-0.219429834285548,-0.39571115190976,-1.34897071788287,-0.65893153538444,-0.52244999591232,0.461534574747379,-0.594574732934209,-1.58956512695094,-0.904090357499122,319
"320",-0.17574643315309,-0.223416203545261,-0.13219764987317,1.13502864772221,-0.219429834285548,-0.39571115190976,0.0335807744609173,5.17210080302658,-0.52244999591232,0.0568334819393114,0.502113027388566,0.569250552077301,-0.925940728840611,320
"321",-0.61280252230002,-0.296715161078678,-0.874245134453538,-0.446890564196952,-0.219429834285548,-0.275669476320061,0.401715787215178,1.79505504719008,-0.52244999591232,0.583708489557361,0.245441423908766,-1.60955416101602,-0.0675416072330847,321
"322",-1.04280056280234,-1.07372289345012,-0.993565171781218,-0.394159923799646,-0.0495786125403725,-0.275669476320061,1.08890114435646,1.56991866346765,-0.52244999591232,1.10207495667971,-0.792911881077687,-0.490168253371752,0.086925951237018,322
"323",-1.11953421986168,-1.18076264095923,-1.03883023475629,-0.454016326412804,-0.219429834285548,-0.39571115190976,NA,NA,-0.52244999591232,1.19457806360727,0.735450848733834,-0.670069559957439,0.369757157881257,323
"324",-0.169774238146113,-0.415971401510033,0.0435373005006527,-0.454016326412804,-0.219429834285548,-0.39571115190976,0.0581231086445346,0.196586722760807,-0.52244999591232,0.0496339476737196,-0.932914573884849,-0.889948934673274,-0.111067546945332,324
"325",0.208102827749866,0.209590601142891,0.198636707459365,-0.454016326412804,-0.219429834285548,-0.39571115190976,0.524427458133265,0.466750383227726,-0.52244999591232,-0.405900220403498,-0.512906495463362,-0.630091491827278,-0.501926989501895,325
"326",-0.578598132714608,-0.390374940149156,-0.732126149965618,-0.454016326412804,-0.219429834285548,-0.39571115190976,0.900743248948735,-0.32122695980079,-0.52244999591232,0.542474793308992,-0.0112301795710275,-1.94936774012231,-0.711282680781819,326
"327",-0.944711784202905,-0.686285546487768,-1.14450418692237,3.36539222128393,10.1226223341985,0.444580577218133,0.164473223440214,0.0540003464032616,-0.52244999591232,0.983828060560054,0.618781938061203,1.20889964215974,-0.448029406859554,327
"328",-0.866168371080848,-0.720220249049535,-0.972097550002598,-0.144045670023238,-0.219429834285548,3.65569539924259,1.02345491986682,-0.133613306698759,-0.52244999591232,0.889143276582317,1.72713658945124,0.749151858662988,0.173977830661512,328
"329",-0.962447393617563,-0.793971669283776,-1.08587039824019,-0.0531922017711232,0.158017325148176,3.80574749372972,-1.2671629372708,-0.959113380347688,-0.52244999591232,1.0052084956518,1.02712312541542,1.05898188667167,0.302865887747844,329
"330",-0.573530815738991,-0.490821659731988,-0.635438644125476,1.02457933337651,-0.219429834285548,3.08549744019152,-1.75800962094315,-1.0529202068987,-0.52244999591232,0.536366097568493,2.19614561035523,1.44876805094065,0.202762053175367,330
"331",-0.114938629445691,0.0562057455637021,-0.258007898436246,-0.300812438771984,-0.219429834285548,-0.39571115190976,-0.0809501183959598,-0.621408804764038,-0.52244999591232,-0.0164708669466781,1.58013376200372,1.35282068742829,-0.097316379914421,331
"332",-0.293561552836175,0.0467040288464073,-0.583017707224194,-0.454016326412804,-0.219429834285548,-0.39571115190976,0.328088784664325,NA,-0.52244999591232,0.198860657905916,1.1321251450208,0.069524700450389,-0.213327284823502,332
"333",-0.473451305470564,-0.272282175234206,-0.636603553834393,-0.446890564196952,-0.219429834285548,-0.39571115190976,0.254461782113473,-0.276199683056304,-0.52244999591232,0.415719356693635,-0.256234891983562,0.289404075166224,-0.790468426523377,333
"334",-0.437980086641248,-0.530185914703638,-0.353530494567471,-0.393447347578061,-0.219429834285548,-0.39571115190976,-0.0155038939063177,-0.839040642362387,-0.52244999591232,0.372958486510141,0.418111411704268,-0.829981832478045,-0.909509249591811,334
"335",-0.667276179787898,-0.500323376449282,-0.796196183956074,3.82500388420639,1.81878482665656,-0.275669476320061,1.55520549384519,1.00707770416157,-0.52244999591232,0.649376968767727,1.8671392822584,0.789129926793136,0.0411858405621667,335
"336",-1.08026251330065,-0.790804430378011,-1.3006020879173,0.443829712784561,4.2344466470324,1.22485146855118,1.23615514945817,0.646859490205673,-0.52244999591232,1.14723567161841,1.8671392822584,0.749151858662988,0.413108294622772,336
"337",-0.868702029568657,-0.775873161250833,-0.930160800481572,-0.418387515333544,-0.219429834285548,1.94510152208937,0.990731807621994,1.05210498090605,-0.52244999591232,0.892197624452567,-0.337903129454409,-0.0903875720702175,0.260447033516899,337
"338",-0.787624957958792,-0.695787263205062,-0.852111849984108,-0.229554816613463,0.346740904865038,1.88508068429452,0.205377113746239,0.309154914622023,-0.52244999591232,0.794458492604581,0.432111680984984,-1.2897296159748,0.10988340805981,338
"339",-0.781290811739271,-0.526113750396226,-0.987241376218523,0.550716146022343,-0.219429834285548,0.684663928397533,0.041761552522127,-0.133613306698759,-0.52244999591232,0.786822622928957,1.28612810710868,0.993018074256915,0.243724215983546,339
"340",-1.0663273916177,-0.92518585252261,-1.16430765197396,-0.454016326412804,-0.219429834285548,-0.215648638525211,1.53066315966158,0.75942768206689,-0.52244999591232,1.13043675833203,1.30012837638939,0.29739968879226,-0.28977445069026,340
"341",-1.21327958391058,-1.14915488943027,-1.23886187334468,-0.454016326412804,-0.219429834285548,-0.39571115190976,1.35886682037625,-0.38876787491752,-0.52244999591232,1.30758893480651,0.467112354186775,-0.210321776460675,-0.378166486223699,341
"342",-1.29562348476435,-1.24009989229581,-1.30875645587972,-0.454016326412804,-0.219429834285548,-0.39571115190976,1.40795148874349,0.0389912541551035,-0.52244999591232,1.40685524058962,0.7471177398011,-0.130365640200378,0.435366539562636,342
"343",-1.22721470559353,-1.30932668552182,-1.12703054128861,-0.168985837778721,2.32833849189209,-0.39571115190976,0.401715787215178,-0.00603602258938384,-0.52244999591232,1.32438784809288,0.128772513236135,-0.710047628087587,0.483670427141556,343
"344",-0.777490324007558,-0.587196215007407,-0.92666607135482,0.401075139489449,0.573209200525273,0.864726441782082,0.389444620123369,-0.152374672008965,-0.52244999591232,0.782241101123583,1.49613214631942,1.08896543776928,0.470793274964305,344
"345",-0.678677642983035,-0.543759795728345,-0.785711996575818,-0.4397648019811,-0.219429834285548,-0.0355861251406622,0.205377113746239,-1.22177249469052,-0.52244999591232,0.66312153418385,1.0481235293365,0.945044392500731,0.203519532715206,345
"346",-0.568463498763374,-0.625203081876586,-0.513123124689152,-0.432639039765248,-0.219429834285548,-0.39571115190976,-2.00343296277932,-0.208658767939574,-0.52244999591232,0.530257401827994,1.30012837638939,1.16092596040356,0.0579669257524306,346
"347",-0.388573746128986,-0.238347472672438,-0.514288034398069,1.35949015752156,-0.219429834285548,-0.39571115190976,-0.408181240844195,0.984564065789323,-0.52244999591232,0.313398703040275,2.14714466787272,1.28885577842005,-0.371116099737511,347
"348",-0.750886909885571,-0.621130917569174,-0.848617120857356,-0.454016326412804,-0.219429834285548,-0.39571115190976,0.671681463234969,0.75942768206689,-0.52244999591232,0.750170448485962,1.26046094676069,-0.670069559957439,-0.440629414431903,348
"349",-0.985250320007838,-0.779945325558245,-1.1398445480867,-0.450453445304878,-0.219429834285548,-0.39571115190976,0.671681463234969,1.99767779254027,-0.52244999591232,1.03269762648405,0.280442097110556,-1.26974058190973,0.370689440391828,349
"350",-1.44510933554504,-1.33375967136629,-1.50329637726892,-0.443327683089026,-0.181685118342176,-0.39571115190976,0.868020136703907,-0.546363343523224,-0.52244999591232,1.58706176493434,-0.256234891983562,-0.949916036868503,0.583133317488016,350
"351",-1.7060761597893,-1.52243661760972,-1.8236465472212,-0.336441249851244,0.535464484581898,-0.39571115190976,-1.90526362604485,0.96205042741708,-0.52244999591232,1.90165959557005,-0.0462308527728181,-0.330255980851133,1.01815964398284,351
"352",-1.54012152883785,-1.45456721248618,-1.58018041805747,-0.429076158657322,-0.106195686455431,-0.215648638525211,-2.12614463369741,-0.65893153538444,-0.52244999591232,1.7015998100687,-0.0462308527728181,-0.790003764347896,0.750011886880084,352
"353",-1.48691470059388,-1.5970929632456,-1.35768266365425,-0.454016326412804,-0.219429834285548,-0.39571115190976,NA,NA,-0.52244999591232,1.63745850479346,-1.57459358258435,-1.06985024125896,0.660104892266969,353
"354",-1.02832251430058,-1.0229177959005,-1.00937466068795,0.051912790912696,0.195762041091548,-0.39571115190976,-0.506350577578665,-0.574505391488528,-0.52244999591232,1.08462154027829,1.35379607529881,1.08896543776928,0.0224236550369411,354
"355",-0.705281057105022,-0.471818226297398,-0.890553870378381,-0.254494984368945,-0.219429834285548,-0.39571115190976,0.352631118847943,-0.0960905760783569,-0.52244999591232,0.69519218682147,1.27212783782796,1.24887771028989,-0.27882013119106,355
"356",-0.847165932422286,-0.736508906279183,-0.927830981063737,-0.411261753117692,-0.219429834285548,-0.39571115190976,0.328088784664325,-0.433795151662007,-0.52244999591232,0.866235667555446,1.68046902518218,0.869086063053445,0.246987204770542,356
"357",-0.84843276166619,-0.621130917569174,-1.03034303544847,-0.454016326412804,-0.219429834285548,-0.39571115190976,0.794393134153055,2.13275962277373,-0.52244999591232,0.867762841490571,0.548780591657622,0.569250552077301,0.275713159627487,357
"358",-0.572263986495087,-0.504395540756694,-0.622624637327385,0.0554756720206207,-0.219429834285548,-0.39571115190976,-0.806994171327978,-0.180516719974269,-0.52244999591232,0.534838923633368,0.467112354186775,-0.570124389632049,0.0408945022776135,358
"359",-0.579864961958512,-0.693072487000121,-0.472351284877043,2.13263535794151,4.12121249920228,-0.275669476320061,0.254461782113473,1.27724136462849,-0.52244999591232,0.544001967244117,1.43546431276965,1.24887771028989,-0.492953770337657,359
"360",-1.2196137301301,-1.03513428882274,-1.34952829569183,0.272811419604111,2.7246580092975,2.66535157562757,0.818935468336673,1.68248685532887,-0.52244999591232,1.31522480448213,1.47046498597144,0.789129926793136,-0.672767759563887,360
"361",-1.34249616678881,-1.11250541066357,-1.50912092581351,-0.347129893175023,0.195762041091548,3.74572665593486,0.352631118847943,1.59243230183989,-0.52244999591232,1.46336067618924,1.55213322344228,0.549261518012221,-0.540616713690559,361
"362",-0.995384953959071,-0.949618838367082,-1.01170448010579,0.140984818610846,-0.181685118342176,3.56566414255031,-0.776316253598456,-0.456308790034251,-0.52244999591232,1.04491501796505,1.03879001648269,0.209447938905927,-0.528147435111682,362
"363",-0.899105931422356,-0.835598237759544,-0.937150258735076,0.254997014064481,-0.181685118342176,1.40491398193573,0.47534278976603,3.23592790301366,-0.52244999591232,0.928849798895562,0.618781938061203,0.829107994923285,-0.385391675680618,363
"364",-1.29308982627655,-1.13558100840557,-1.3949597743396,-0.261620746584797,0.761932780242133,0.564622252807835,0.720766131602203,-0.298713321428547,-0.52244999591232,1.40380089271937,0.105438731101603,-0.989894104998652,-0.0178392958883101,364
"365",-0.949779101178522,-1.05142294605238,-0.840462752894934,0.597033600425382,0.0825278932614309,1.28487230634603,0.548969792316882,1.52489138672316,-0.52244999591232,0.989936756300553,0.887120432608262,0.989020267443903,0.0163055510613241,365
"366",-1.01565422186154,-0.842385178271897,-1.1398445480867,-0.454016326412804,-0.219429834285548,0.0844555504490358,0.74530846578582,1.47986410997868,-0.52244999591232,1.06934980092704,0.607115046993937,-0.790003764347896,-0.327590160025264,366
