"","Date","Ontario.Demand","Northwest","Northeast","Ottawa","East","Toronto","Essa","Bruce","Southwest","Niagara","West"
"1","2020-01-01",338635,13274,29025,23646,22881,119575,23611,1598,66390,10312,32135
"2","2020-01-02",362851,13586,30697,24853,23014,130467,23626,1424,72993,10644,34973
"3","2020-01-03",369581,13775,30826,24480,22934,130287,23727,1797,74604,10934,38730
"4","2020-01-04",361837,13527,31054,23988,23893,126685,23810,1754,71764,11320,37529
"5","2020-01-05",359681,13931,31889,25065,23233,126150,24126,1696,70500,11130,35314
"6","2020-01-06",388047,13481,31980,28425,25327,140352,25539,1455,76254,11417,36457
"7","2020-01-07",390269,14617,30958,26514,24412,141818,25470,1644,77543,11613,39179
"8","2020-01-08",405317,14827,34396,27151,24702,146233,26997,1632,79759,12120,40209
"9","2020-01-09",418122,14630,35950,29262,27416,149552,29189,1646,81415,12338,40017
"10","2020-01-10",391778,13897,32625,27602,25329,141016,24918,1625,77250,11528,38363
"11","2020-01-11",371135,15196,34179,25288,23850,128854,24485,1763,72748,11223,35215
"12","2020-01-12",385077,14817,34302,26013,26336,132216,26695,2326,74345,11521,38049
"13","2020-01-13",411467,13899,35145,28114,27713,145351,27261,2498,79857,12223,40931
"14","2020-01-14",402629,14035,33904,27781,27215,143932,26404,2133,79593,11786,39587
"15","2020-01-15",396283,13468,32533,26772,25918,141848,25360,1843,79336,11933,39920
"16","2020-01-16",401285,14587,33599,27472,26685,143629,26425,1618,80737,12188,38434
"17","2020-01-17",426638,14772,35205,29653,29646,149964,29546,2386,83161,12951,41588
"18","2020-01-18",407684,14262,34021,30074,30403,141911,28834,2739,78059,12394,36447
"19","2020-01-19",391387,14775,33047,27904,28687,136355,27524,2906,74535,11827,36950
"20","2020-01-20",421821,14269,34120,28808,28766,151772,29111,3095,82187,12833,41553
"21","2020-01-21",418194,13192,33821,28969,28884,151401,29458,3477,81027,12683,40590
"22","2020-01-22",408436,13571,32402,27038,26073,149010,27431,3908,79813,12471,39656
"23","2020-01-23",400738,13632,32012,26158,24856,145377,25994,2995,79169,12126,41924
"24","2020-01-24",385809,13228,32316,25684,22905,142633,24209,2922,76506,11587,38921
"25","2020-01-25",374600,13016,32609,25241,24643,133316,24423,2767,72070,11253,37845
"26","2020-01-26",365586,14179,31883,24145,23659,129140,23531,2819,71427,11223,36216
"27","2020-01-27",395676,13911,32073,25025,23902,142643,25282,3025,78548,12196,41652
"28","2020-01-28",401621,13702,33711,25954,24076,144070,25573,3079,80455,12091,42763
"29","2020-01-29",404735,12609,33280,26608,23032,146901,25801,3188,81480,12302,43108
"30","2020-01-30",412524,13653,34112,27262,25167,148190,27316,2901,81579,12554,43051
"31","2020-01-31",409132,13747,33886,27682,26255,146428,27219,2027,80055,12253,42641
"32","2020-02-01",376088,13490,32119,25963,24636,134552,25370,1763,71806,11566,39161
"33","2020-02-02",366939,14099,31886,25059,23796,131369,24122,1745,71251,11350,34807
"34","2020-02-03",378797,13582,31634,24895,22513,138833,23237,2225,75104,11427,38876
"35","2020-02-04",389559,14065,31738,25401,22598,142165,24441,2933,78757,11772,40268
"36","2020-02-05",397843,14771,32829,26045,21929,146041,25355,3044,79957,11989,40482
"37","2020-02-06",411746,14117,32659,27407,27041,148601,27355,1998,81091,12384,41875
"38","2020-02-07",411074,14465,33166,27605,26933,148894,27448,1859,80025,12564,40579
"39","2020-02-08",403304,15486,34259,28170,27499,140979,28621,2253,77068,12151,39474
"40","2020-02-09",390531,14063,34012,27894,28226,136768,27378,1884,74773,11565,37311
"41","2020-02-10",397206,13846,32289,26403,24547,143577,25837,1974,77858,12518,40885
"42","2020-02-11",389183,13551,32505,26059,23257,143178,25032,1910,75891,12585,40038
"43","2020-02-12",387492,14540,32181,25080,21354,142658,24524,1789,75798,12594,41031
"44","2020-02-13",408658,15388,33383,27234,24822,148745,27974,2091,78681,13041,41522
"45","2020-02-14",426344,15596,35191,29199,26173,153677,30927,2499,82596,13735,41542
"46","2020-02-15",386545,14677,34370,27146,24440,139479,27179,2798,72438,12259,36755
"47","2020-02-16",357473,14124,32523,23853,21860,127721,24807,2856,67092,11536,35214
"48","2020-02-17",361327,14431,32574,24863,20133,128743,24068,2289,69663,11866,36820
"49","2020-02-18",393991,14065,33508,27763,24628,143667,27124,1644,74916,12611,37865
"50","2020-02-19",395359,14720,32577,26164,20713,146016,27358,1889,76953,13127,38948
"51","2020-02-20",408349,14715,33361,27302,22989,148532,29414,2153,79832,13114,40662
"52","2020-02-21",390581,12923,32411,26879,22625,146533,27330,1740,76050,12183,37947
"53","2020-02-22",350701,12893,29265,23865,19881,131354,23130,1609,69406,10836,33139
"54","2020-02-23",333000,13314,28211,22344,19296,124373,21725,1531,65816,10333,31582
"55","2020-02-24",365112,12973,28789,22623,18957,136242,22766,1813,73586,11273,38692
"56","2020-02-25",378661,13788,29506,23778,21745,140998,24323,1761,75351,11705,39252
"57","2020-02-26",395614,13598,32041,24840,24312,145686,27371,1808,77800,12158,39643
"58","2020-02-27",401546,14423,33115,26289,24744,148290,28342,1690,77621,12066,38330
"59","2020-02-28",403751,14567,33298,26977,25071,149764,29057,1823,76359,12031,38160
"60","2020-02-29",383046,13964,32696,25935,24771,138763,28621,1917,72634,11695,36155
"61","2020-03-01",365941,13391,32591,24465,22789,131813,26209,1801,68951,11010,35212
"62","2020-03-02",379386,12217,30927,25426,23665,140644,25195,1765,73677,11668,37779
"63","2020-03-03",386217,13410,30688,24378,22795,142771,25972,1963,75603,11728,39110
"64","2020-03-04",375838,13145,29493,24542,21261,140062,24958,1775,72599,11496,38503
"65","2020-03-05",371054,13825,29988,24502,20562,137680,23374,1894,73088,11285,37447
"66","2020-03-06",381843,13856,30650,24912,22081,140643,24388,1726,74960,12024,38627
"67","2020-03-07",353360,13240,31355,23228,19636,129157,22698,1868,68999,10848,34801
"68","2020-03-08",328087,13118,30311,21878,18829,121442,19818,1370,63846,10100,30630
"69","2020-03-09",345524,12000,30228,22565,18225,130513,20731,1325,68410,10423,33749
"70","2020-03-10",360643,11329,29959,24423,21577,132895,22273,1563,70883,10699,36445
"71","2020-03-11",377682,11578,32009,24344,22447,139066,23790,1967,73589,11412,38718
"72","2020-03-12",367190,11426,31215,23620,20326,136812,21643,1676,73071,11052,38556
"73","2020-03-13",359640,12890,31431,24343,20866,134818,22600,1382,70660,10643,32943
"74","2020-03-14",351512,12727,30494,22454,18470,127815,22703,1875,69530,11028,37212
"75","2020-03-15",338808,13311,31012,22236,18798,123846,21252,1870,65842,10166,33445
"76","2020-03-16",368305,12930,32235,24175,20332,135971,22641,1811,72706,11193,37849
"77","2020-03-17",367187,12789,30768,24319,21747,136214,22448,1688,72653,11125,37204
"78","2020-03-18",367632,12408,31356,23253,20725,135014,22829,1870,74057,11125,38616
"79","2020-03-19",364782,13001,30244,23340,21712,133653,22278,1863,73704,10954,37910
"80","2020-03-20",347391,12969,31276,23165,20189,127909,22344,1530,67714,9928,33338
"81","2020-03-21",348069,13367,31108,23627,19126,125231,22238,1996,66889,10060,35517
"82","2020-03-22",342501,13288,31133,22488,18818,124467,21209,2042,65479,9900,34701
"83","2020-03-23",372177,12432,29960,24071,23363,135264,24135,3182,72281,10893,37922
"84","2020-03-24",350165,11502,29319,22776,20551,128825,21842,3091,68910,10571,36542
"85","2020-03-25",339675,11306,29402,22670,20865,125692,21333,1804,65787,9968,33303
"86","2020-03-26",338085,11178,29901,22404,20067,124504,21620,1683,65645,9534,33092
"87","2020-03-27",331418,12024,28487,21250,18157,121668,19665,1805,65145,9497,34483
"88","2020-03-28",323565,12108,28532,21350,20565,117031,20566,1653,61369,9398,32895
"89","2020-03-29",312860,11883,28736,21772,20810,114296,20148,1314,58539,8830,28724
"90","2020-03-30",334579,11718,27896,22066,19876,123300,20917,1676,64769,9771,33309
"91","2020-03-31",338273,11755,27558,21757,19179,125243,21254,1875,66875,10022,35137
"92","2020-04-01",322186,11210,25539,21749,18386,121220,19032,2419,63106,9230,32811
"93","2020-04-02",310991,11577,24865,21363,16401,118215,18107,1816,61014,8896,30328
"94","2020-04-03",318327,11992,24473,21522,19947,118934,19954,1837,61666,9250,30135
"95","2020-04-04",302012,12487,24896,18388,16287,111427,19239,1853,59288,8915,30662
"96","2020-04-05",297120,11747,24624,19452,18023,108965,18871,1933,57174,8710,30049
"97","2020-04-06",312463,11585,25423,19242,15730,118392,18639,1964,62053,9247,31706
"98","2020-04-07",312688,11640,25342,19014,16052,118124,18541,1921,61602,9312,32890
"99","2020-04-08",312800,11750,25437,20254,19034,117086,19862,1866,60637,9198,29689
"100","2020-04-09",309055,11593,24889,21051,19241,117187,19640,1589,59456,9168,28455
"101","2020-04-10",293993,11563,24780,20707,18289,110066,18718,1546,54512,8790,27076
"102","2020-04-11",291919,11913,24394,19723,16030,110139,18422,1785,54659,8812,27855
"103","2020-04-12",294426,11417,25267,19730,18639,109285,19186,1723,54260,8731,28611
"104","2020-04-13",313294,11413,27012,20788,19506,117542,19510,1465,60163,9131,29036
"105","2020-04-14",318987,11582,27541,20245,16894,121695,19759,1580,62213,9458,29966
"106","2020-04-15",330901,10735,27934,20517,18414,124742,21301,1849,64646,9775,33038
"107","2020-04-16",327851,11180,27730,20526,18264,124120,21070,2298,64117,9882,31375
"108","2020-04-17",328264,11116,27411,20239,18124,122323,20292,1802,63351,9790,34838
"109","2020-04-18",295490,10918,26855,18693,15721,112929,18286,1546,56193,8791,28085
"110","2020-04-19",297904,10610,27332,19726,18903,110953,19151,1377,54835,8987,27024
"111","2020-04-20",312184,11023,28774,19718,15733,119040,18674,1615,60343,9286,29296
"112","2020-04-21",321054,11408,29089,21674,17898,121842,21081,1586,61112,9499,28375
"113","2020-04-22",325267,10228,27386,21470,16778,121909,20229,1763,64090,9613,32678
"114","2020-04-23",323312,10005,27459,20147,16268,120390,19433,1852,65819,9933,33367
"115","2020-04-24",319654,10601,26258,20184,18877,117698,21100,1913,63618,9235,31395
"116","2020-04-25",283166,10620,25700,18078,13793,107088,17189,1668,55820,8462,28056
"117","2020-04-26",287328,9767,25189,19039,17690,108603,17676,1391,55449,9064,27000
"118","2020-04-27",299015,10463,25149,18739,15700,114488,17082,1742,60402,8798,29339
"119","2020-04-28",302365,10570,25050,18242,15694,116864,19416,1490,60792,8910,28242
"120","2020-04-29",307090,10151,26186,19052,16837,118087,19748,1299,59679,8570,29416
"121","2020-04-30",311748,9514,26986,19623,18427,117604,19370,1641,60396,8943,30722
"122","2020-05-01",291631,9811,23557,18712,15938,112325,17549,1738,56594,8809,28483
"123","2020-05-02",278953,10324,25183,17543,14701,105671,17690,1587,53658,8487,26554
"124","2020-05-03",267919,10186,25957,17361,12395,101417,15567,1725,51323,7917,26271
"125","2020-05-04",298436,9576,26503,19206,16657,112843,17365,1819,59372,8884,28753
"126","2020-05-05",306338,9603,27032,18668,14930,116366,17904,1777,62940,8962,30312
"127","2020-05-06",301092,9541,26514,18437,16546,115084,17380,1634,59905,8865,28503
"128","2020-05-07",305230,10158,26256,18685,17027,116970,19024,1627,59463,9089,28461
"129","2020-05-08",315250,9612,27387,19428,18060,119419,19927,3028,60640,9556,29946
"130","2020-05-09",308318,10203,26357,19181,18213,115299,21531,3509,57854,9221,28678
"131","2020-05-10",297593,10301,26727,18112,17281,111002,20426,3333,56405,8875,27350
"132","2020-05-11",322308,9448,25776,19059,19556,121731,20076,2433,64367,9857,31563
"133","2020-05-12",317775,9803,25884,19075,17739,122554,20216,1873,63781,9432,30063
"134","2020-05-13",307671,9447,25395,18661,15949,118414,18713,2101,61625,9063,30115
"135","2020-05-14",315950,10238,24937,18533,17298,119927,19963,2062,63051,9277,32288
"136","2020-05-15",312604,10165,24150,19067,19608,116579,20353,1986,61803,8716,30944
"137","2020-05-16",277653,10301,22398,17531,16656,103218,16846,1970,53728,8071,28046
"138","2020-05-17",269766,9883,22716,16874,14644,102074,16772,1623,52608,8318,26838
"139","2020-05-18",275148,10010,20952,17245,14754,105045,17064,1910,55790,8368,27031
"140","2020-05-19",295341,9935,22170,18194,14801,114270,18260,2573,60861,8689,28157
"141","2020-05-20",292621,10000,21983,18565,14606,115426,17171,1853,58129,8620,28396
"142","2020-05-21",300612,9844,22926,18758,14282,115842,17941,1996,59649,8864,30240
"143","2020-05-22",309974,9942,22379,19873,14780,117707,18866,2146,61833,9239,33395
"144","2020-05-23",299366,10050,23052,18488,14697,114543,18988,2247,58681,9168,30669
"145","2020-05-24",306310,10158,23322,19229,15437,117527,20072,1597,61023,9120,31103
"146","2020-05-25",378395,10119,23422,21542,17472,147287,23451,1811,81781,11041,40285
"147","2020-05-26",407475,10257,23034,25642,19185,159084,26546,1980,86355,11996,42977
"148","2020-05-27",402817,9520,22681,29238,20432,159318,26507,1949,82915,11684,40861
"149","2020-05-28",367601,10298,23695,26866,20200,142230,23711,1979,74274,10211,37636
"150","2020-05-29",345297,10833,22742,24992,18747,133096,21323,2162,69847,9238,34693
"151","2020-05-30",287789,10523,21469,18598,15551,109910,18125,1996,57628,7759,28877
"152","2020-05-31",278884,10739,21409,17057,15214,104781,17203,1997,54732,7867,28473
"153","2020-06-01",309090,10833,21553,18381,16026,118905,18470,2014,63673,9291,31281
"154","2020-06-02",334759,10523,22515,19078,18955,125452,19908,1963,70068,9775,36460
"155","2020-06-03",348846,10517,22683,19472,18947,133443,20499,2164,74116,10623,40447
"156","2020-06-04",365752,10566,22275,20350,17915,143933,21258,3221,76820,11342,41216
"157","2020-06-05",376780,9886,22676,22305,18293,146905,22372,2218,79717,12218,41375
"158","2020-06-06",325892,11032,22013,19627,17171,124719,18635,2963,65374,10540,35030
"159","2020-06-07",299144,11011,23054,17834,14881,112231,17248,3013,59122,9323,31808
"160","2020-06-08",335034,10539,23729,19355,16150,126846,19128,3174,71131,10439,36887
"161","2020-06-09",382234,10605,23107,20344,18352,149473,23293,3174,83201,12448,41790
"162","2020-06-10",399904,9454,23255,22860,20373,158714,24808,3568,83434,13802,43022
"163","2020-06-11",349837,10487,23876,23152,18388,136982,19616,3194,69757,10905,35548
"164","2020-06-12",318265,10763,24674,18884,15982,122639,18133,2755,63555,9746,33867
"165","2020-06-13",285212,10531,23525,17219,16129,108361,16575,1686,56954,8611,28800
"166","2020-06-14",280969,10576,23415,17560,16099,106890,16382,1711,55549,8320,27776
"167","2020-06-15",323054,11070,25063,19827,16734,122276,18280,1896,67038,9773,33641
"168","2020-06-16",342936,10538,24891,21845,17543,128679,19531,1871,71051,10417,36756
"169","2020-06-17",365860,10509,25232,24422,19191,138207,21588,1926,73845,11629,39346
"170","2020-06-18",388349,10062,24904,26591,20520,147392,23767,1946,78971,12794,42120
"171","2020-06-19",408163,8773,25920,28138,21602,157112,25265,2020,82179,13609,43545
"172","2020-06-20",397036,8671,25582,27474,21533,152504,24879,2843,79012,13177,42249
"173","2020-06-21",398803,8725,24339,27891,22122,152492,25288,3995,78675,13683,41405
"174","2020-06-22",425386,8738,25262,29293,23560,164272,26557,3470,86201,14217,44270
"175","2020-06-23",399249,8936,24637,29271,23489,155701,25119,1690,80121,13062,39924
"176","2020-06-24",343301,8747,24141,23398,19220,132420,19775,1583,68223,10790,36013
"177","2020-06-25",350970,9180,24024,21644,17986,135415,20069,3090,72266,10866,38413
"178","2020-06-26",373738,9175,24638,22159,19471,147588,21602,3626,76461,11401,39935
"179","2020-06-27",370569,8480,25304,21517,20517,145609,23256,2231,75492,11241,39396
"180","2020-06-28",370363,8132,25198,22535,20997,144152,22357,1698,74931,11818,39063
"181","2020-06-29",416603,8424,26443,24535,22338,165029,25206,2743,86408,13341,44074
"182","2020-06-30",413917,8532,27278,24352,22062,161845,25706,2528,86701,13270,45068
"183","2020-07-01",402920,8190,26691,25425,21672,154872,25683,1603,83401,13311,44635
"184","2020-07-02",441694,9001,27184,27581,24868,176557,27452,1039,89806,14640,46493
"185","2020-07-03",441957,10639,26501,27922,24541,175378,27716,1341,89911,14607,46554
"186","2020-07-04",405991,11947,24068,24103,22138,158670,24796,1307,83606,13736,43639
"187","2020-07-05",401945,12388,24065,24330,22659,156164,24871,1353,81819,13406,42801
"188","2020-07-06",455037,11317,24910,27345,23996,177643,28959,1278,96428,14992,49169
"189","2020-07-07",474383,11687,24453,29831,25079,184994,30376,1475,101018,15871,50610
"190","2020-07-08",486778,9338,24870,32840,27348,191698,31190,1477,102613,16104,50423
"191","2020-07-09",491949,10532,25646,33079,27578,193586,31748,2308,101216,16336,52101
"192","2020-07-10",488557,11141,26698,33457,28429,192661,31694,2268,98378,16212,49565
"193","2020-07-11",401268,11334,23337,27786,26805,154713,26019,2220,78679,12764,40324
"194","2020-07-12",370345,10813,22528,25052,23884,143448,22843,1453,72993,12121,38615
"195","2020-07-13",386519,11163,23591,26051,23349,149428,22884,1526,78739,12496,40322
"196","2020-07-14",398938,10751,23296,26832,23041,154176,24269,1641,83170,12903,42472
"197","2020-07-15",421996,10769,24033,25922,23202,165816,26429,1570,87024,14020,45529
"198","2020-07-16",417593,10944,23906,26536,24858,160851,26661,1634,85652,13669,45095
"199","2020-07-17",433939,11305,23775,28470,24390,170220,27191,1667,89161,14540,45607
"200","2020-07-18",426245,11610,23256,28059,24477,167866,27683,1566,86147,14201,45352
"201","2020-07-19",409378,11060,22786,28413,25709,159774,27483,1346,81064,13546,42278
"202","2020-07-20",423995,10988,22169,28266,25077,168080,25177,1441,88205,14298,45140
"203","2020-07-21",396762,11211,22505,25286,22831,153352,23282,1602,83033,13122,43495
"204","2020-07-22",405517,11321,22851,24303,23944,156565,24746,1620,85342,12480,44911
"205","2020-07-23",407958,11506,22742,24990,24158,157353,24279,1638,85931,12630,44739
"206","2020-07-24",410863,11921,22892,26131,23219,159038,24849,1689,86102,12611,43048
"207","2020-07-25",402883,12057,24294,26096,22814,154339,25004,1674,81552,13117,42786
"208","2020-07-26",427278,12129,25576,29161,24956,165663,28011,1519,83014,14331,44622
"209","2020-07-27",480752,11845,24681,32079,28106,189025,30731,1604,98436,15941,49640
"210","2020-07-28",433500,11549,24652,29404,24443,169263,26205,1548,90463,14688,44872
"211","2020-07-29",428387,11055,26202,26959,23904,167049,25970,1535,87605,14131,45108
"212","2020-07-30",412750,11971,25808,25649,23006,160319,25068,1520,84146,14022,43482
"213","2020-07-31",414629,11746,25161,26452,23287,162118,25645,1511,84653,14043,42017
"214","2020-08-01",393783,11387,24303,26119,23442,151019,25345,1433,79476,12966,39716
"215","2020-08-02",371756,10349,25323,23146,24594,139502,24015,1267,75293,12256,36908
"216","2020-08-03",356760,11049,23894,23116,21582,131119,21612,1399,72711,12483,38525
"217","2020-08-04",382993,10702,24333,24166,23714,144977,23101,1309,79815,12770,39046
"218","2020-08-05",357087,10568,25322,23096,19394,137533,20656,1354,73394,11736,37410
"219","2020-08-06",360021,11110,25300,23186,18374,137269,21186,1494,74474,11830,38918
"220","2020-08-07",377069,11965,26544,24537,19356,142364,22409,1704,77289,12545,39980
"221","2020-08-08",368760,11017,25640,24263,20618,138919,22489,1739,73378,12419,38766
"222","2020-08-09",394095,10349,27020,23168,22761,152400,25154,1721,75989,13355,41482
"223","2020-08-10",466048,11026,27330,26941,24563,184091,30411,4130,93608,16025,49112
"224","2020-08-11",447795,10954,27417,28973,25050,175018,28211,2994,90178,15060,46502
"225","2020-08-12",421328,11241,26981,28301,22671,162025,25949,3131,83894,13799,43927
"226","2020-08-13",434764,11453,26290,28116,23473,168905,27564,3227,88551,14413,44563
"227","2020-08-14",422107,11638,25179,26246,22300,165972,26909,3228,85596,14086,44554
"228","2020-08-15",395289,11427,26211,24366,21524,149915,24516,3521,78186,13456,42144
"229","2020-08-16",370139,10813,25370,23348,22590,137884,23619,3188,71555,12414,39903
"230","2020-08-17",383024,11027,24196,24509,21974,144180,23277,2636,77487,12497,42531
"231","2020-08-18",363979,10819,24680,22870,19792,138777,21974,1479,73724,12264,39074
"232","2020-08-19",353522,10781,24009,21350,18598,134175,21181,1780,72484,12120,38364
"233","2020-08-20",365411,11519,26258,20983,19538,139708,22568,1508,74021,12093,39075
"234","2020-08-21",398472,11764,26042,23056,22153,152395,25073,1911,80647,13307,43356
"235","2020-08-22",398684,11903,26348,22766,21070,152453,25476,2030,81420,13888,43414
"236","2020-08-23",410611,11138,26916,25021,23661,156067,26932,2014,81257,14341,44408
"237","2020-08-24",457462,11577,27395,27301,25508,177606,29503,2056,93025,15644,49173
"238","2020-08-25",428919,11511,26676,25235,22879,166469,25984,2587,87634,14474,47765
"239","2020-08-26",371254,11076,25487,20799,18244,139067,22242,3193,75795,12442,43814
"240","2020-08-27",411298,11348,26323,21205,22280,158111,25395,3011,82348,14106,47754
"241","2020-08-28",381986,11577,25859,21210,19238,144266,23223,1911,76648,12286,44807
"242","2020-08-29",352566,11294,25367,20709,19830,132041,21864,1519,69008,11798,37501
"243","2020-08-30",323619,10967,24825,18671,16256,120274,19730,1685,64678,10675,36765
"244","2020-08-31",360479,11022,25435,20442,17134,137737,21097,1703,74140,12295,40764
"245","2020-09-01",400721,10904,24700,23188,21010,154765,24083,1800,83153,14179,45580
"246","2020-09-02",405912,10011,25082,24925,22140,156315,25065,1847,83958,13835,44347
"247","2020-09-03",379757,9974,25709,23421,19290,147162,22607,1639,77431,12779,41597
"248","2020-09-04",345010,9996,23823,21380,17384,132128,20645,2056,68992,11533,37698
"249","2020-09-05",315718,10782,23432,19266,16423,116042,19014,2929,60714,9629,36226
"250","2020-09-06",300805,10804,23363,18824,15707,111512,18265,2716,57738,9378,34070
"251","2020-09-07",322318,10548,23268,20978,18952,118379,20323,1794,61479,10230,37964
"252","2020-09-08",343349,10216,24565,21252,20244,126691,21660,1827,68638,10832,40758
"253","2020-09-09",352461,10401,25348,21569,20013,129499,21892,1859,70290,11227,41886
"254","2020-09-10",352451,10149,24931,21558,20250,130096,21406,1861,70119,11371,40876
"255","2020-09-11",330143,10947,23786,20249,17405,124859,19377,1736,66922,10174,36864
"256","2020-09-12",309360,11226,25106,19015,16430,114744,17531,1700,60889,9621,35097
"257","2020-09-13",323574,10791,24950,19928,19840,119969,18707,1581,63024,10164,35538
"258","2020-09-14",329772,10940,24807,19659,17142,123973,19303,1653,66033,10160,36448
"259","2020-09-15",329285,11411,25370,20860,18346,123530,20428,1548,65320,9971,35326
"260","2020-09-16",332166,10193,24671,21198,17860,127813,20327,1537,65960,10002,34909
"261","2020-09-17",332338,10930,24210,20399,18462,126532,20165,1607,66429,10449,34496
"262","2020-09-18",321372,11469,24882,20229,17750,121839,20467,1539,63219,9743,32252
"263","2020-09-19",303670,11903,25689,19025,16926,111984,20925,1551,57871,9017,31308
"264","2020-09-20",293968,11151,24680,18554,16938,109703,19129,1571,55888,8870,29795
"265","2020-09-21",326176,10937,24694,20158,17298,123581,19935,1670,65857,10068,33739
"266","2020-09-22",331523,10240,24433,20282,17828,125652,19997,1727,66685,10019,35182
"267","2020-09-23",341691,10938,24641,20753,17786,131070,20083,1870,69584,10393,36378
"268","2020-09-24",348320,10804,25109,20724,18444,131192,21188,1867,72017,11026,37409
"269","2020-09-25",349110,10975,25295,20245,17994,133046,21255,1986,69945,11285,37516
"270","2020-09-26",323704,11193,26511,19558,16777,122360,20129,2477,62029,10294,34272
"271","2020-09-27",330649,11226,26134,20121,17217,123939,21009,2568,63432,10924,34157
"272","2020-09-28",366670,11458,25862,22635,18816,140868,22169,2768,72529,12029,38336
"273","2020-09-29",341769,11223,23849,22181,19739,129028,20797,2767,66221,10680,35203
"274","2020-09-30",330612,10854,24381,21114,18430,125000,21071,2800,64793,10095,33569
"275","2020-10-01",327542,11093,25601,20863,16890,123081,20878,2758,65720,9945,34115
"276","2020-10-02",332660,11452,26080,21128,18899,123060,22094,2864,65596,10083,34129
"277","2020-10-03",314200,12227,25876,19951,17402,113343,22317,2282,60453,9465,33141
"278","2020-10-04",317313,11750,25971,19318,17730,114260,22854,1881,61776,9455,34494
"279","2020-10-05",333572,11641,26011,21446,18625,124369,21321,1769,67022,10028,34486
"280","2020-10-06",330273,11551,25616,21770,18025,124732,21576,1553,64726,9674,32023
"281","2020-10-07",329727,11208,25464,21736,18454,124565,21245,1427,65501,9792,32353
"282","2020-10-08",334559,11714,25566,20888,18120,123924,22172,1765,66701,10022,34744
"283","2020-10-09",325993,11283,26502,20892,18384,121452,21375,1768,64569,9607,33478
"284","2020-10-10",305627,12102,24567,19323,18360,111661,19695,1467,59760,9049,31209
"285","2020-10-11",297783,12215,24300,18167,16780,107631,19090,1728,58500,8515,30799
"286","2020-10-12",299855,11948,23744,19722,19239,107617,19542,1495,57857,9012,31477
"287","2020-10-13",325592,12358,25045,21514,19655,120967,19221,1639,65384,9670,33111
"288","2020-10-14",328704,12873,24985,20434,17355,122774,19219,1679,67347,9651,34784
"289","2020-10-15",345163,12683,26791,21435,20379,126120,21444,1810,68341,10077,35650
"290","2020-10-16",333889,11132,26939,21284,20244,123295,20646,1767,66258,9821,34019
"291","2020-10-17",311425,11001,27260,19676,17974,113507,19573,1427,59873,9229,31811
"292","2020-10-18",314978,13444,27177,19380,19604,112080,20867,1516,60029,9336,32735
"293","2020-10-19",354535,13021,27745,21197,22510,127156,22159,1826,71904,10451,38471
"294","2020-10-20",345632,12881,27328,21585,20694,125897,21472,1887,69857,10316,36531
"295","2020-10-21",347830,13532,28076,22279,21028,125827,21301,1725,68918,10236,36121
"296","2020-10-22",349678,13144,27726,21603,21310,126543,21721,2027,68773,10403,38448
"297","2020-10-23",329062,12917,27868,20774,17515,123259,18821,1467,65096,9832,34082
"298","2020-10-24",323582,13446,27869,19652,17826,114098,20527,1757,62461,9389,35381
"299","2020-10-25",328271,13814,27974,19488,19637,115262,20862,1953,63647,9578,35442
"300","2020-10-26",367233,13213,28742,22539,23516,129544,22928,2001,72510,10968,39728
"301","2020-10-27",368689,13321,28956,22767,23014,131186,23882,2199,73035,10849,41218
"302","2020-10-28",353319,13310,27976,22736,21327,128226,21225,2014,70278,10351,37101
"303","2020-10-29",361525,12956,27744,22888,23039,129241,23457,2226,71718,10623,40141
"304","2020-10-30",364635,12814,28102,22621,20714,132564,22917,2240,73435,10788,40143
"305","2020-10-31",336544,13085,28745,21247,19887,121152,22094,1865,64328,9950,36626
"306","2020-11-01",332960,12435,29008,21685,22101,118567,22774,1857,62162,10046,34854
"307","2020-11-02",364099,12538,29990,23411,21219,134014,25157,1912,71071,11200,36846
"308","2020-11-03",366528,10638,30553,23982,22831,133333,25480,1932,70849,11069,37622
"309","2020-11-04",341330,10509,28847,23079,19308,128349,21617,1595,66905,9971,35106
"310","2020-11-05",339858,11793,28932,21780,17827,125164,20852,1690,67313,9874,37276
"311","2020-11-06",332532,11458,28086,20912,17542,123327,19257,1843,66885,9575,36102
"312","2020-11-07",310272,12840,27406,19678,16703,113134,18145,1577,60814,9146,33875
"313","2020-11-08",305271,11842,26777,18838,16658,110917,17556,1708,59919,9301,34076
"314","2020-11-09",330877,11205,26196,20516,18189,123873,19010,1568,66849,10102,36150
"315","2020-11-10",333918,12163,25363,21131,18129,125341,18938,1480,68189,9939,35042
"316","2020-11-11",336602,12255,26668,21298,19179,124377,19040,1837,67259,10052,35806
"317","2020-11-12",347443,12725,26935,21459,19479,126335,20606,2115,69848,10509,38860
"318","2020-11-13",358904,12788,28555,22410,21971,128617,22831,1968,71810,10775,39111
"319","2020-11-14",332809,12343,28456,21570,19777,118929,20427,2001,64232,10294,37324
"320","2020-11-15",333469,13560,29088,22437,21938,118554,20838,1790,61826,9991,35106
"321","2020-11-16",362110,13360,29665,23407,21387,133286,21937,1532,70918,10795,37999
"322","2020-11-17",374372,13673,30344,24266,22685,135937,24126,1733,72981,10790,40276
"323","2020-11-18",386448,13846,30425,25449,23671,140791,25803,2045,76292,11398,39597
"324","2020-11-19",361859,13078,28462,24742,22956,132539,22667,1557,70668,10486,36159
"325","2020-11-20",342658,13149,28505,22772,20508,125831,20726,1526,66477,9753,35430
"326","2020-11-21",344966,12563,29269,21363,21185,122238,23013,2010,66859,9913,38417
"327","2020-11-22",357731,12834,29087,22821,23583,126756,24335,2226,68897,10406,38879
"328","2020-11-23",380179,13277,30122,24144,23275,137431,25522,2075,74923,10805,41084
"329","2020-11-24",389810,13957,31749,24585,22862,139643,26809,2141,76187,10780,42618
"330","2020-11-25",386597,13471,29605,25934,25107,137925,26389,2051,75395,10464,41252
"331","2020-11-26",368800,13421,28482,24786,23622,132775,23987,1946,72401,9987,40513
"332","2020-11-27",365848,13533,28307,23978,22979,130784,23753,1910,71769,10684,40613
"333","2020-11-28",335749,12438,27987,22333,20899,120879,21929,1868,64463,9988,36277
"334","2020-11-29",330616,13567,27473,21134,19917,118836,20939,1945,63000,9773,36183
"335","2020-11-30",374417,13905,28941,23933,23222,135152,24361,1927,74754,11275,40511
"336","2020-12-01",388030,13728,30090,23926,23500,141535,26433,1804,76337,11476,40879
"337","2020-12-02",377649,13262,29503,25255,24247,138915,25048,1724,74231,11148,38362
"338","2020-12-03",373867,13111,29971,25367,23359,136331,25098,1938,73977,11043,37818
"339","2020-12-04",381651,13571,29205,24985,24071,138628,25064,1864,74563,11213,40435
"340","2020-12-05",365427,13584,28627,24209,24127,129472,25499,2287,69807,10957,40278
"341","2020-12-06",366364,13866,29921,23927,22619,127955,25256,2479,69530,10927,41658
"342","2020-12-07",392943,13337,30000,25774,24545,141917,26632,2426,75389,11700,43260
"343","2020-12-08",394554,13660,31096,26656,24904,142746,26252,2292,76894,11495,41629
"344","2020-12-09",392685,13471,28914,25644,25661,142525,25561,2046,77442,11615,42413
"345","2020-12-10",384695,13853,29747,25404,23984,137938,25023,3129,76105,11387,41088
"346","2020-12-11",375479,13825,30002,24572,22514,135440,24421,4261,73437,10829,40251
"347","2020-12-12",362647,14525,31331,24501,23249,128076,24388,3973,68394,10270,37527
"348","2020-12-13",368395,15043,31352,23727,23275,126883,25296,4401,69121,10590,41102
"349","2020-12-14",394002,14427,30742,26010,25041,140807,27277,4341,76230,11568,41932
"350","2020-12-15",410428,15177,32666,27392,24465,144453,29270,3697,79480,12033,43933
"351","2020-12-16",426000,14561,32981,30153,29005,151919,30031,3606,80548,12109,43007
"352","2020-12-17",419382,14502,33065,28615,28108,147317,28497,3939,82303,12263,44604
"353","2020-12-18",407543,14390,32667,27609,25749,145774,27941,3799,78565,11862,43715
"354","2020-12-19",386479,14480,31510,26982,26920,134830,26620,3415,73122,11165,39712
"355","2020-12-20",370821,14573,29909,25182,25335,129660,25284,3187,69725,10791,39201
"356","2020-12-21",388715,14439,30936,24915,24349,138684,25894,2448,75633,11370,42062
"357","2020-12-22",390143,14174,31878,26020,23685,139177,25531,2272,75768,11683,41566
"358","2020-12-23",381848,14465,31327,27336,25315,135147,25384,2022,73898,10994,38022
"359","2020-12-24",360456,15156,29851,24311,22769,125985,24325,2271,68135,10647,37529
"360","2020-12-25",354497,15316,30095,22548,22124,122899,24965,2246,66608,10303,37744
"361","2020-12-26",361005,14832,30724,24178,23793,125167,25613,2247,68419,10777,37832
"362","2020-12-27",360642,14418,31374,24436,24421,125381,25767,2397,67619,10574,37584
"363","2020-12-28",366409,15106,31902,24994,24275,127831,25036,2144,69489,10721,38002
"364","2020-12-29",379528,14246,32412,26097,23017,134139,26945,2620,73044,10707,39548
"365","2020-12-30",377785,13723,32050,26482,25399,134725,26311,3372,70673,10582,37504
"366","2020-12-31",366003,13908,30885,24341,22906,128823,25265,3600,68265,10510,39006
