,Time,DATE,MEAN_TEMPERATURE,MIN_TEMPERATURE,MAX_TEMPERATURE,TOTAL_PRECIPITATION,TOTAL_SNOW,SNOW_ON_GROUND,DIRECTION_MAX_GUST,SPEED_MAX_GUST,COOLING_DEGREE_DAYS,HEATING_DEGREE_DAYS,MIN_REL_HUMIDITY,MAX_REL_HUMIDITY,ALLSKY_SFC_SW_DWN,HOEP,Demand,Hour.1.Predispatch,Hour.2.Predispatch,Hour.3.Predispatch,OR.10.Min.Sync,OR.10.Min.non.sync,OR.30.Min,Weekday
1,106.0,2020-04-15,-2.2,-2.07142857142858,-2.34285714285714,0.06,0.0,0.0,4.6,-8.2,0.0,2.2,6.0,-2.5,-1.3569230769231,8.06999999999997,3047.0,9.89125,9.64541666666667,10.1320833333333,2.105,2.105,1.56,Wednesday
2,163.0,2020-06-11,-3.9428571428571,-1.4428571428571,-6.3857142857143,-16.62,0.0,0.0,4.8,-6.59999999999999,-3.94285714285714,0.0,-13.8333333333333,0.3333333333333,1.2484615384615,-6.08,-21732.0,3.95083333333333,4.45041666666667,4.47166666666667,6.81375,6.26958333333333,0.47875,Thursday
3,325.0,2020-11-20,3.72857142857143,5.76071428571429,1.6642857142857,0.0,0.0,0.0,3.8,2.4,0.0,-3.7285714285714,6.0,2.1666666666667,2.19461538461539,0.14875,-6708.0,2.83916666666667,3.17708333333333,2.68916666666667,2.46083333333333,2.46083333333333,1.65916666666667,Friday
4,95.0,2020-04-04,1.4875,3.4375,-0.449999999999999,-1.03333333333333,0.0,0.0,-19.0,-5.8,0.0,-1.4875,13.5,3.3333333333333,-0.0307692307692005,2.2,-7507.0,13.1575,13.0445833333333,13.1891666666667,2.87208333333333,1.965,1.59333333333333,Saturday
5,110.0,2020-04-19,2.41428571428571,2.44285714285715,2.4,0.12,0.0,0.0,13.4,7.0,0.0,-2.4142857142857,16.0,-4.3333333333333,-11.9515384615384,-2.64416666666667,-1976.0,2.92833333333333,2.99083333333333,3.23625,1.40583333333333,0.760833333333333,0.760833333333333,Sunday
6,279.0,2020-10-05,2.15892857142857,0.39821428571429,3.8732142857143,-2.62333333333333,0.0,0.0,,,0.0,-2.15892857142857,-29.3333333333333,0.1666666666667,7.47384615384618,-2.78749999999997,10109.0,9.74791666666667,9.845,9.98666666666667,0.235833333333333,0.235833333333333,0.235833333333333,Monday
7,182.0,2020-06-30,-1.8821428571429,-0.637500000000003,-3.1357142857143,-0.046666666666667,0.0,0.0,-17.5,0.5,-1.88214285714286,0.0,15.8333333333334,9.3333333333333,-1.9684615384615,-1.4995833333334,-3184.0,15.9783333333333,15.9970833333333,16.9625,5.08166666666667,4.42583333333333,0.837916666666667,Tuesday
8,330.0,2020-11-25,3.8375,2.79166666666667,4.83333333333333,5.04166666666667,-0.666666666666667,-2.00000000000003,-4.0,-0.8333333333333,0.0,-3.8375,16.7,3.25,-1.38153846153846,-3.9483333333333,-1718.0,14.1141666666667,13.52,14.4,16.11625,13.1629166666667,6.70416666666667,Wednesday
9,226.0,2020-08-13,1.6214285714286,3.3482142857143,-0.139285714285702,-0.04,0.0,0.0,-2.0,-5.0,1.62142857142857,0.0,7.5,4.8333333333333,-0.16,-5.765,6880.0,23.0970833333333,22.0941666666667,23.735,6.25541666666667,4.75166666666667,0.671666666666667,Thursday
10,290.0,2020-10-16,-4.575,-5.6375,-3.4875,-8.86666666666667,0.0,0.0,3.9333333333333,-5.8,0.0,4.575,-31.8333333333334,-4.8333333333333,11.1153846153846,3.57791666666667,-2825.0,14.0083333333333,13.7325,14.24,4.70125,4.2025,2.68875,Friday
11,81.0,2020-03-21,-10.975,-5.3875,-16.525,-3.45,0.0,0.0,5.0,-22.8,0.0,10.975,-32.1666666666666,-25.8333333333333,11.1684615384616,17.0816666666667,-2678.0,16.0191666666667,16.0216666666667,15.4266666666667,5.58,4.7725,3.83083333333333,Saturday
12,334.0,2020-11-29,0.350000000000001,-2.375,3.0375,0.25,0.0,0.0,-2.2,-5.0,0.0,-0.35,9.6333333333333,-9.3333333333333,-0.0999999999999996,1.88791666666667,-2043.0,7.27416666666667,7.37625,6.38541666666667,10.1829166666667,9.06833333333333,2.21416666666667,Sunday
13,34.0,2020-02-03,2.56666666666667,1.65555555555556,3.42222222222222,-4.67142857142857,-2.6,-0.6,8.5,11.5,0.0,-2.5666666666667,-27.3333333333334,-6.0,6.62538461538462,2.94125,7464.0,16.5095833333333,16.9033333333333,16.6125,5.3425,4.92666666666667,4.39625,Monday
14,224.0,2020-08-11,-3.3595238095238,-4.2809523809524,-2.4595238095238,0.0,0.0,0.0,6.0,6.2,-3.35952380952381,0.0,-9.2666666666667,-4.06666666666671,-5.6392307692308,1.9695833333333,-9073.0,29.0645833333333,28.615,28.6116666666667,7.20666666666667,7.06875,3.16875,Tuesday
15,351.0,2020-12-16,-2.575,-1.7375,-3.4375,0.5,1.26666666666666,0.0,-22.6,13.4,0.0,2.575,3.0,5.1666666666667,-3.46923076923077,1.4595833333333,7466.0,30.0358333333333,29.5991666666667,29.92375,3.09666666666667,2.71833333333333,1.5675,Wednesday
16,128.0,2020-05-07,-0.28571428571429,-0.68571428571429,0.0857142857142001,1.42,0.0,0.0,24.3,7.75,0.0,0.285714285714301,1.1666666666666,12.3333333333333,-6.64,0.95583333333334,1886.0,4.78125,4.5975,3.89208333333333,1.11458333333333,1.11458333333333,1.11458333333333,Thursday
17,45.0,2020-02-14,-8.45555555555551,-8.2222222222222,-8.66666666666667,-2.14285714285714,-3.8,0.0,-8.1333333333333,-10.0,0.0,8.4555555555555,-8.1666666666666,-23.5,4.88923076923078,2.5458333333334,4932.0,20.83625,20.8470833333333,20.2291666666667,5.4275,5.1,2.50416666666667,Friday
18,144.0,2020-05-23,2.3732142857143,4.0928571428571,0.7267857142857,0.123333333333333,0.0,0.0,,,0.885714285714286,-1.4875,12.0,8.90000000000001,-1.2984615384615,17.8270833333333,-3164.0,17.5875,12.5925,11.1308333333333,20.5775,18.1433333333333,7.99333333333333,Saturday
19,33.0,2020-02-02,1.65555555555555,1.67777777777777,1.58888888888889,3.3,0.45,2.6,0.5,1.0,0.0,-1.6555555555555,14.1666666666667,1.8333333333333,-1.68923076923077,-3.8433333333334,-3183.0,12.6016666666667,12.8441666666667,14.1,6.70541666666667,5.62458333333333,4.76208333333333,Sunday
20,118.0,2020-04-27,0.328571428571429,-2.1375,2.7857142857143,-1.05,0.0,0.0,12.9,-11.9,0.0,-0.328571428571429,-0.5,-11.8333333333333,15.2676923076923,1.92166666666667,5885.0,6.21916666666667,6.80916666666667,6.41416666666667,5.11791666666667,3.91125,1.78958333333333,Monday
21,140.0,2020-05-19,1.875,0.675000000000001,3.05,-9.03333333333333,0.0,0.0,-1.8,-4.40000000000001,0.0,-1.875,-4.5,-41.5,9.64615384615384,-0.0654166666666667,9225.0,0.1975,0.19875,0.05625,6.85083333333333,6.83083333333333,6.81208333333333,Tuesday
22,309.0,2020-11-04,4.20892857142857,-1.0125,9.4678571428571,0.0,0.0,0.0,-7.5333333333333,-3.1333333333333,0.0,-4.20892857142857,-3.0,4.8,6.76307692307691,-18.5466666666667,-4984.0,6.36833333333333,8.81916666666667,9.67125,4.8125,4.19833333333333,1.105,Wednesday
23,198.0,2020-07-16,0.433928571428599,3.4803571428571,-2.6071428571429,3.72,0.0,0.0,7.0,-4.4,0.43392857142857,0.0,19.6666666666667,10.1666666666667,-18.3453846153846,-0.0608333333334006,-4965.0,14.2758333333333,14.725,14.9833333333333,3.10791666666667,2.32083333333333,0.585,Thursday
24,360.0,2020-12-25,-6.3125,-3.15,-9.4125,-8.7,-2.46666666666667,8.16666666666667,4.6,3.59999999999999,0.0,6.3125,0.5,-3.8333333333333,2.02692307692308,-1.7325,-3086.0,4.97875,4.5375,4.66625,3.16875,2.96416666666667,1.10875,Friday
25,25.0,2020-01-25,0.78888888888889,2.45555555555555,-0.87777777777778,-13.0857142857142,0.0,-5.6,1.46666666666667,-2.6666666666667,0.0,-0.788888888888899,35.1666666666667,5.3333333333333,-4.39153846153846,4.67458333333333,-9317.0,11.55375,11.5920833333333,9.35375,11.0054166666667,10.4425,10.33,Saturday
26,33.0,2020-02-02,1.65555555555555,1.67777777777777,1.58888888888889,3.3,0.45,2.6,0.5,1.0,0.0,-1.6555555555555,14.1666666666667,1.8333333333333,-1.68923076923077,-3.8433333333334,-3183.0,12.6016666666667,12.8441666666667,14.1,6.70541666666667,5.62458333333333,4.76208333333333,Sunday
27,97.0,2020-04-06,-0.0749999999999993,-3.275,3.1125,0.25,0.0,0.0,-11.1,6.0,0.0,0.0749999999999993,-22.0,-6.0,4.7530769230769,3.30208333333333,9427.0,8.81333333333333,9.3925,9.40208333333333,4.93125,2.12333333333333,1.48125,Monday
28,77.0,2020-03-17,4.2625,3.7375,4.675,-0.65,-0.466666666666667,0.166666666666667,16.4,11.2,0.0,-4.2625,0.8333333333333,0.0,-7.77692307692312,-2.02625,243.0,18.1954166666667,18.0054166666667,17.4745833333333,3.60458333333333,3.07833333333333,2.07125,Tuesday
29,106.0,2020-04-15,-2.2,-2.07142857142858,-2.34285714285714,0.06,0.0,0.0,4.6,-8.2,0.0,2.2,6.0,-2.5,-1.3569230769231,8.06999999999997,3047.0,9.89125,9.64541666666667,10.1320833333333,2.105,2.105,1.56,Wednesday
30,149.0,2020-05-28,-2.5428571428572,-0.199999999999999,-4.9285714285714,6.12,0.0,0.0,,,-2.54285714285715,0.0,25.0,8.1666666666666,-11.94,-5.54833333333337,-17088.0,12.5295833333333,13.2916666666667,13.2395833333333,10.6491666666667,5.20625,1.44708333333333,Thursday
31,45.0,2020-02-14,-8.45555555555551,-8.2222222222222,-8.66666666666667,-2.14285714285714,-3.8,0.0,-8.1333333333333,-10.0,0.0,8.4555555555555,-8.1666666666666,-23.5,4.88923076923078,2.5458333333334,4932.0,20.83625,20.8470833333333,20.2291666666667,5.4275,5.1,2.50416666666667,Friday
32,130.0,2020-05-09,-0.39642857142857,-1.42678571428571,0.66785714285714,0.22,0.2,0.0,-2.4,14.2,0.0,0.396428571428601,10.5,8.1666666666667,0.510769230769199,-0.4875,-4120.0,7.72625,7.05875,6.99416666666667,1.67333333333333,1.67333333333333,1.44916666666667,Saturday
33,334.0,2020-11-29,0.350000000000001,-2.375,3.0375,0.25,0.0,0.0,-2.2,-5.0,0.0,-0.35,9.6333333333333,-9.3333333333333,-0.0999999999999996,1.88791666666667,-2043.0,7.27416666666667,7.37625,6.38541666666667,10.1829166666667,9.06833333333333,2.21416666666667,Sunday
34,97.0,2020-04-06,-0.0749999999999993,-3.275,3.1125,0.25,0.0,0.0,-11.1,6.0,0.0,0.0749999999999993,-22.0,-6.0,4.7530769230769,3.30208333333333,9427.0,8.81333333333333,9.3925,9.40208333333333,4.93125,2.12333333333333,1.48125,Monday
35,161.0,2020-06-09,6.2803571428571,3.7642857142857,8.8196428571429,3.74,0.0,0.0,-6.5,2.5,5.18035714285714,-1.1,-4.5,-9.5333333333333,-0.993846153846199,1.64375,22627.0,12.7125,12.27375,12.4045833333333,3.95583333333333,2.18583333333333,0.237083333333333,Tuesday
36,351.0,2020-12-16,-2.575,-1.7375,-3.4375,0.5,1.26666666666666,0.0,-22.6,13.4,0.0,2.575,3.0,5.1666666666667,-3.46923076923077,1.4595833333333,7466.0,30.0358333333333,29.5991666666667,29.92375,3.09666666666667,2.71833333333333,1.5675,Wednesday
37,198.0,2020-07-16,0.433928571428599,3.4803571428571,-2.6071428571429,3.72,0.0,0.0,7.0,-4.4,0.43392857142857,0.0,19.6666666666667,10.1666666666667,-18.3453846153846,-0.0608333333334006,-4965.0,14.2758333333333,14.725,14.9833333333333,3.10791666666667,2.32083333333333,0.585,Thursday
38,192.0,2020-07-10,-1.0285714285714,-0.100000000000001,-1.9571428571429,7.72,0.0,0.0,8.5,16.4,-1.02857142857141,0.0,8.6666666666666,8.5,-1.27,-23.9120833333333,-925.0,37.9425,36.0045833333333,46.3791666666667,9.44791666666667,8.92083333333333,0.305833333333333,Friday
39,46.0,2020-02-15,9.35555555555551,9.1777777777777,9.51111111111111,0.0,0.05,-2.2,-2.8666666666667,16.2,0.0,-9.3555555555555,5.8333333333333,12.1666666666666,-0.333076923076931,-11.44625,-14198.0,14.7125,14.94875,16.0220833333333,3.92958333333333,3.18375,2.60541666666667,Saturday
40,96.0,2020-04-05,-1.2875,-2.5375,-0.0250000000000004,-0.0666666666666667,0.0,0.0,17.6,3.0,0.0,1.2875,-18.6666666666667,-3.8333333333333,4.5530769230769,-7.8520833333333,-2462.0,4.94083333333333,5.78833333333333,7.49166666666667,4.51333333333333,3.21125,0.99125,Sunday
41,335.0,2020-11-30,-2.2625,0.275,-4.75,19.7333333333334,3.6,0.333333333333333,12.8,16.4,0.0,2.2625,20.7,13.5,-6.59230769230769,3.1175,16316.0,11.9045833333333,12.01125,12.0533333333333,16.33125,9.45166666666667,5.8175,Monday
42,322.0,2020-11-17,-4.24285714285714,-7.15535714285714,-1.28035714285714,0.246666666666667,0.3,0.0,5.6,-2.0,0.0,4.2428571428571,-14.8333333333333,9.3333333333333,3.65538461538462,-0.28666666666666,2651.0,10.5225,10.7504166666667,11.9679166666667,15.535,9.31875,2.62041666666667,Tuesday
43,190.0,2020-07-08,0.75,1.7875,-0.262499999999996,6.18333333333334,0.0,0.0,2.6666666666667,13.3333333333333,0.75,0.0,4.1666666666666,8.6666666666667,-1.8923076923077,8.6458333333334,6704.0,58.885,58.3958333333333,67.1933333333333,18.7808333333333,15.29375,2.31458333333333,Wednesday
44,100.0,2020-04-09,-4.28571428571429,-3.81428571428571,-4.77142857142857,4.34,0.2,0.0,2.4,14.0666666666667,0.0,4.28571428571426,-5.8333333333333,5.3333333333333,2.18,-11.76875,101.0,0.6675,0.447916666666667,0.45625,9.55041666666667,5.30166666666667,4.77375,Thursday
45,45.0,2020-02-14,-8.45555555555551,-8.2222222222222,-8.66666666666667,-2.14285714285714,-3.8,0.0,-8.1333333333333,-10.0,0.0,8.4555555555555,-8.1666666666666,-23.5,4.88923076923078,2.5458333333334,4932.0,20.83625,20.8470833333333,20.2291666666667,5.4275,5.1,2.50416666666667,Friday
46,326.0,2020-11-21,-7.7625,-5.525,-9.9875,0.0,0.0,0.0,3.0666666666667,-7.0,0.0,7.7625,7.1666666666667,-11.0,-3.76461538461539,12.755,-3593.0,12.1133333333333,11.6625,11.9579166666667,13.5145833333333,4.59625,2.9475,Saturday
47,117.0,2020-04-26,2.15,6.1625,-1.8875,1.28333333333333,0.0,0.0,-1.4,10.4,0.0,-2.15,13.3333333333334,0.0,-16.7953846153846,-1.775,1515.0,1.92125,2.58541666666667,2.61083333333333,3.12875,2.25416666666667,1.41916666666667,Sunday
48,83.0,2020-03-23,3.975,5.9125,1.95,5.5,-0.73333333333333,2.41666666666667,-0.866666666666669,-5.8,0.0,-3.975,28.0,25.0,-14.6715384615384,5.3516666666666,10797.0,18.0670833333333,17.6766666666667,17.35875,0.498333333333333,0.22875,0.228333333333333,Monday
49,301.0,2020-10-27,-0.98392857142857,-0.10535714285714,-1.83928571428571,4.94333333333333,0.0,0.0,,,0.0,0.983928571428601,16.6666666666667,5.0,0.19,1.095,1642.0,24.82875,23.48625,23.2275,11.4870833333333,11.0629166666667,2.68541666666667,Tuesday
50,260.0,2020-09-16,5.7053571428571,6.77321428571429,4.6410714285714,-0.04,0.0,0.0,-0.5,6.6,0.65,-5.05535714285714,-2.6333333333333,-0.133333333333297,-0.6523076923077,-9.13958333333337,4283.0,7.86125,8.08291666666667,7.67541666666667,7.13541666666667,6.95666666666667,6.95666666666667,Wednesday
51,142.0,2020-05-21,-0.612500000000001,-2.925,1.6875,0.0833333333333337,0.0,0.0,0.4,-5.0,0.0,0.6125,-10.8333333333333,2.4166666666667,1.0892307692308,8.46958333333334,416.0,8.24125,7.38125,6.78625,4.82291666666667,4.82291666666667,2.93208333333333,Thursday
52,213.0,2020-07-31,1.0,1.6857142857142,0.314285714285703,0.02,0.0,0.0,17.5,-5.0,1.0,0.0,3.0,3.8333333333333,1.473076923077,-1.2116666666666,1799.0,17.26375,17.3325,17.5879166666667,1.19166666666667,0.296666666666667,0.285416666666667,Friday
53,228.0,2020-08-15,-2.175,-3.05,-1.325,0.0,0.0,0.0,0.666666666666631,-1.0,-2.175,0.0,18.8333333333333,16.1666666666666,-3.3269230769231,10.7920833333333,-16057.0,21.2920833333333,19.8516666666667,19.42625,12.2879166666667,10.2383333333333,9.54833333333333,Saturday
54,264.0,2020-09-20,3.0,3.925,2.075,0.05,0.0,0.0,2.5,3.0,0.0,-3.0,8.0,4.5,-0.2176923076923,-2.31083333333337,-2281.0,9.89916666666667,9.50916666666667,8.31416666666667,2.36125,1.16875,1.03375,Sunday
55,118.0,2020-04-27,0.328571428571429,-2.1375,2.7857142857143,-1.05,0.0,0.0,12.9,-11.9,0.0,-0.328571428571429,-0.5,-11.8333333333333,15.2676923076923,1.92166666666667,5885.0,6.21916666666667,6.80916666666667,6.41416666666667,5.11791666666667,3.91125,1.78958333333333,Monday
56,175.0,2020-06-23,-2.7660714285714,-0.755357142857097,-4.7875,4.26,0.0,0.0,9.7,14.4,-2.76607142857143,0.0,19.5,2.0,-5.9253846153847,-9.2366666666666,-8571.0,16.7291666666667,16.9633333333333,16.13625,7.39791666666667,6.7225,6.7225,Tuesday
57,197.0,2020-07-15,0.853571428571399,0.407142857142901,1.3071428571429,-0.0033333333333329,0.0,0.0,,,0.85357142857143,0.0,0.1666666666666,-1.3333333333333,1.0146153846154,-0.886666666666599,11640.0,,,,3.26791666666667,2.58,0.287083333333333,Wednesday
58,198.0,2020-07-16,0.433928571428599,3.4803571428571,-2.6071428571429,3.72,0.0,0.0,7.0,-4.4,0.43392857142857,0.0,19.6666666666667,10.1666666666667,-18.3453846153846,-0.0608333333334006,-4965.0,14.2758333333333,14.725,14.9833333333333,3.10791666666667,2.32083333333333,0.585,Thursday
59,311.0,2020-11-06,-0.7642857142857,-3.36428571428571,1.8303571428571,0.0,0.0,0.0,1.3333333333333,2.0,0.0,0.76428571428571,-5.8333333333333,10.8333333333333,2.21846153846154,-0.50833333333333,-1837.0,8.225,8.4575,7.77458333333333,13.4575,5.24166666666667,1.37791666666667,Friday
60,95.0,2020-04-04,1.4875,3.4375,-0.449999999999999,-1.03333333333333,0.0,0.0,-19.0,-5.8,0.0,-1.4875,13.5,3.3333333333333,-0.0307692307692005,2.2,-7507.0,13.1575,13.0445833333333,13.1891666666667,2.87208333333333,1.965,1.59333333333333,Saturday
61,117.0,2020-04-26,2.15,6.1625,-1.8875,1.28333333333333,0.0,0.0,-1.4,10.4,0.0,-2.15,13.3333333333334,0.0,-16.7953846153846,-1.775,1515.0,1.92125,2.58541666666667,2.61083333333333,3.12875,2.25416666666667,1.41916666666667,Sunday
62,76.0,2020-03-16,-0.3625,-0.6625,-0.0375000000000001,0.65,0.466666666666667,0.166666666666667,-9.4,0.0,0.0,0.362499999999997,11.8333333333334,28.0,-3.5646153846153,4.7770833333333,12125.0,21.5741666666667,22.0475,20.8504166666667,7.95291666666667,4.46875,1.44166666666667,Monday
63,161.0,2020-06-09,6.2803571428571,3.7642857142857,8.8196428571429,3.74,0.0,0.0,-6.5,2.5,5.18035714285714,-1.1,-4.5,-9.5333333333333,-0.993846153846199,1.64375,22627.0,12.7125,12.27375,12.4045833333333,3.95583333333333,2.18583333333333,0.237083333333333,Tuesday
64,71.0,2020-03-11,-6.21111111111111,-4.45555555555555,-7.91111111111111,-3.32857142857142,0.0,0.25,-18.8,-16.4,0.0,6.2111111111111,-5.6666666666667,-8.0,3.90230769230769,10.2466666666667,6171.0,19.2883333333333,19.0933333333333,19.7475,2.15,1.92458333333333,1.42666666666667,Wednesday
65,198.0,2020-07-16,0.433928571428599,3.4803571428571,-2.6071428571429,3.72,0.0,0.0,7.0,-4.4,0.43392857142857,0.0,19.6666666666667,10.1666666666667,-18.3453846153846,-0.0608333333334006,-4965.0,14.2758333333333,14.725,14.9833333333333,3.10791666666667,2.32083333333333,0.585,Thursday
66,192.0,2020-07-10,-1.0285714285714,-0.100000000000001,-1.9571428571429,7.72,0.0,0.0,8.5,16.4,-1.02857142857141,0.0,8.6666666666666,8.5,-1.27,-23.9120833333333,-925.0,37.9425,36.0045833333333,46.3791666666667,9.44791666666667,8.92083333333333,0.305833333333333,Friday
67,130.0,2020-05-09,-0.39642857142857,-1.42678571428571,0.66785714285714,0.22,0.2,0.0,-2.4,14.2,0.0,0.396428571428601,10.5,8.1666666666667,0.510769230769199,-0.4875,-4120.0,7.72625,7.05875,6.99416666666667,1.67333333333333,1.67333333333333,1.44916666666667,Saturday
68,110.0,2020-04-19,2.41428571428571,2.44285714285715,2.4,0.12,0.0,0.0,13.4,7.0,0.0,-2.4142857142857,16.0,-4.3333333333333,-11.9515384615384,-2.64416666666667,-1976.0,2.92833333333333,2.99083333333333,3.23625,1.40583333333333,0.760833333333333,0.760833333333333,Sunday
69,97.0,2020-04-06,-0.0749999999999993,-3.275,3.1125,0.25,0.0,0.0,-11.1,6.0,0.0,0.0749999999999993,-22.0,-6.0,4.7530769230769,3.30208333333333,9427.0,8.81333333333333,9.3925,9.40208333333333,4.93125,2.12333333333333,1.48125,Monday
70,126.0,2020-05-05,-1.65714285714285,-2.52857142857143,-0.799999999999999,0.1,0.0,0.0,-15.7,-17.05,0.0,1.6571428571428,-0.1666666666666,-4.0,2.2276923076923,0.82083333333333,3523.0,5.03916666666667,5.07666666666667,4.87375,2.48166666666667,2.48166666666667,2.47041666666667,Tuesday
71,85.0,2020-03-25,2.0375,0.475,3.6,0.133333333333334,0.0,0.0,-14.3333333333333,5.0,0.0,-2.0375,-0.8333333333333,0.8333333333333,1.8615384615385,-4.6820833333333,-3133.0,15.4095833333333,15.9025,15.7891666666667,1.26458333333333,0.475833333333333,0.475833333333333,Wednesday
72,282.0,2020-10-08,-4.77321428571429,-5.36964285714286,-4.1285714285714,-1.51,0.0,0.0,-6.4,-23.0,0.0,4.77321428571429,6.8333333333333,4.8333333333333,0.105384615384599,11.1570833333333,-641.0,11.595,11.8029166666667,11.8620833333333,1.27166666666667,0.469583333333333,0.469583333333333,Thursday
73,325.0,2020-11-20,3.72857142857143,5.76071428571429,1.6642857142857,0.0,0.0,0.0,3.8,2.4,0.0,-3.7285714285714,6.0,2.1666666666667,2.19461538461539,0.14875,-6708.0,2.83916666666667,3.17708333333333,2.68916666666667,2.46083333333333,2.46083333333333,1.65916666666667,Friday
74,256.0,2020-09-12,1.3375,-0.5,3.1625,0.05,0.0,0.0,-11.6666666666667,-0.6666666666667,0.0,-1.3375,8.1666666666666,3.3333333333333,-0.0076923076923982,-8.2808333333334,-10115.0,14.495,14.7333333333333,13.38,3.70125,2.82,1.21875,Saturday
75,152.0,2020-05-31,-2.3875,-1.875,-2.9125,-0.6,0.0,0.0,-0.199999999999999,-6.0,0.0,2.3875,-17.5,-6.5,9.7430769230769,3.21708333333333,-5129.0,4.10166666666667,3.93958333333333,2.78458333333333,1.1075,1.1075,1.10541666666667,Sunday
76,111.0,2020-04-20,-4.15714285714285,-2.71428571428572,-5.61428571428569,0.06,0.0,0.0,-18.1,-12.7,0.0,4.1571428571428,-8.1666666666666,-2.0,15.48,1.10666666666667,8087.0,6.76708333333333,6.795,6.33666666666667,4.00791666666667,3.43458333333333,3.43375,Monday
77,259.0,2020-09-15,-0.367857142857099,-2.57321428571429,1.8464285714286,0.04,0.0,0.0,-9.9,-2.2,0.0,0.36785714285714,13.3,0.466666666666697,-4.9746153846154,1.5458333333334,-443.0,14.5591666666667,15.1595833333333,14.51375,7.04708333333333,6.7775,6.7775,Tuesday
78,155.0,2020-06-03,1.4428571428571,-0.157142857142899,3.0571428571429,-7.59666666666667,0.0,0.0,22.3333333333333,-5.2,1.11428571428571,-0.328571428571429,-2.6666666666667,3.6666666666667,-0.573076923077,-1.78458333333333,7991.0,11.1920833333333,11.165,11.6595833333333,10.9566666666667,10.6091666666667,9.73625,Wednesday
79,149.0,2020-05-28,-2.5428571428572,-0.199999999999999,-4.9285714285714,6.12,0.0,0.0,,,-2.54285714285715,0.0,25.0,8.1666666666666,-11.94,-5.54833333333337,-17088.0,12.5295833333333,13.2916666666667,13.2395833333333,10.6491666666667,5.20625,1.44708333333333,Thursday
80,80.0,2020-03-20,2.1875,-4.7125,9.125,1.33333333333333,0.0,0.0,21.0666666666667,31.0666666666667,0.0,-2.1875,-4.3333333333334,1.0,1.89923076923075,-10.4658333333333,-5744.0,9.14125,9.55833333333333,8.97583333333333,3.58166666666667,3.07125,3.07125,Friday
81,221.0,2020-08-08,1.4857142857142,1.2,1.7571428571429,0.14,0.0,0.0,,,1.48571428571428,0.0,-0.5,1.8333333333333,-0.229230769230799,-4.5308333333333,-3445.0,15.9579166666667,15.97375,16.2483333333333,0.805416666666667,0.275416666666667,0.26375,Saturday
82,82.0,2020-03-22,1.425,1.975,0.8875,2.98333333333333,2.0,0.0,-25.2,-4.8,0.0,-1.425,14.5,0.1666666666666,-1.4676923076924,-9.25625,-764.0,14.9929166666667,15.2579166666667,14.4379166666667,1.5025,0.23,0.23,Sunday
83,97.0,2020-04-06,-0.0749999999999993,-3.275,3.1125,0.25,0.0,0.0,-11.1,6.0,0.0,0.0749999999999993,-22.0,-6.0,4.7530769230769,3.30208333333333,9427.0,8.81333333333333,9.3925,9.40208333333333,4.93125,2.12333333333333,1.48125,Monday
84,98.0,2020-04-07,1.7875,3.75,-0.1392857142857,5.73,0.0,0.0,0.5,-8.0,0.0,-1.7875,3.3333333333334,7.5,-7.7223076923076,-2.9975,-268.0,7.44208333333333,7.56875,7.30625,7.18958333333333,3.13125,2.19708333333333,Tuesday
85,323.0,2020-11-18,-0.757142857142857,-0.98571428571429,-0.48571428571429,-0.28,-0.3,-0.333333333333333,,,0.0,0.757142857142899,21.8333333333333,-1.5,-0.88076923076923,47.4495833333333,4854.0,17.71875,17.6729166666667,18.4475,51.1504166666667,45.1858333333333,32.9283333333333,Wednesday
86,247.0,2020-09-03,-2.0107142857143,-3.6196428571429,-0.383928571428598,-2.82,0.0,0.0,-5.6,-1.8,-2.01071428571429,0.0,-2.1666666666667,-5.3333333333333,7.6523076923077,-5.7791666666667,-9153.0,17.9841666666667,18.00625,17.1120833333333,3.92125,3.42,3.39541666666667,Thursday
87,213.0,2020-07-31,1.0,1.6857142857142,0.314285714285703,0.02,0.0,0.0,17.5,-5.0,1.0,0.0,3.0,3.8333333333333,1.473076923077,-1.2116666666666,1799.0,17.26375,17.3325,17.5879166666667,1.19166666666667,0.296666666666667,0.285416666666667,Friday
88,144.0,2020-05-23,2.3732142857143,4.0928571428571,0.7267857142857,0.123333333333333,0.0,0.0,,,0.885714285714286,-1.4875,12.0,8.90000000000001,-1.2984615384615,17.8270833333333,-3164.0,17.5875,12.5925,11.1308333333333,20.5775,18.1433333333333,7.99333333333333,Saturday
89,278.0,2020-10-04,0.614285714285721,2.9,-1.6,1.28,0.0,0.0,,,0.0,-0.614285714285721,36.8333333333333,8.6666666666667,-5.04461538461538,-1.6970833333334,917.0,10.1266666666667,10.5095833333333,10.7254166666667,0.597083333333333,0.225416666666667,0.225416666666667,Sunday
90,209.0,2020-07-27,0.537499999999998,2.15,-1.0625,1.93333333333333,0.0,0.0,2.0,10.0,0.5375,0.0,7.5,8.8333333333333,-4.5007692307692,11.1145833333333,23362.0,19.9483333333333,18.395,17.585,6.92083333333333,4.74125,3.44708333333333,Monday
91,259.0,2020-09-15,-0.367857142857099,-2.57321428571429,1.8464285714286,0.04,0.0,0.0,-9.9,-2.2,0.0,0.36785714285714,13.3,0.466666666666697,-4.9746153846154,1.5458333333334,-443.0,14.5591666666667,15.1595833333333,14.51375,7.04708333333333,6.7775,6.7775,Tuesday
92,106.0,2020-04-15,-2.2,-2.07142857142858,-2.34285714285714,0.06,0.0,0.0,4.6,-8.2,0.0,2.2,6.0,-2.5,-1.3569230769231,8.06999999999997,3047.0,9.89125,9.64541666666667,10.1320833333333,2.105,2.105,1.56,Wednesday
93,184.0,2020-07-02,4.5303571428571,4.1464285714286,4.8714285714286,-0.033333333333333,0.0,0.0,4.7,8.8666666666667,4.5303571428571,0.0,-10.3333333333333,-23.0,-1.2692307692308,-0.810833333333401,21685.0,19.9675,20.3145833333333,20.6345833333333,5.00708333333333,3.32166666666667,1.17666666666667,Thursday
94,185.0,2020-07-03,-1.3428571428571,-0.4428571428572,-2.3,0.0,0.0,0.0,1.4,-3.2,-1.3428571428571,0.0,13.8333333333333,6.3333333333334,-0.104615384615403,1.5733333333334,-1179.0,19.3166666666667,19.1979166666667,17.3320833333333,6.21958333333333,5.11083333333333,2.59791666666667,Friday
95,270.0,2020-09-26,0.137499999999999,-0.7125,1.0125,-0.333333333333333,0.0,0.0,,,0.1125,-0.025,-0.1666666666667,0.3333333333333,-0.470000000000001,-6.61,-10686.0,12.8820833333333,13.2579166666667,13.2020833333333,4.66833333333333,2.89625,0.785833333333333,Saturday
96,229.0,2020-08-16,-0.537500000000001,1.2,-2.3125,4.01666666666667,0.0,0.0,3.6666666666667,-1.0,-0.5375,0.0,6.0,8.1666666666667,-11.5453846153846,-8.3570833333333,-12031.0,19.1191666666667,19.0870833333333,20.1770833333333,1.81458333333333,1.12583333333333,0.55375,Sunday
97,349.0,2020-12-14,-2.3125,-1.4625,-3.125,0.0166666666666667,0.0,0.0,0.0,11.0,0.0,2.3125,-14.0,-5.0,-1.42692307692308,1.55,13924.0,22.6545833333333,22.8416666666667,24.2720833333333,3.32416666666667,2.74333333333333,1.70416666666667,Monday
98,133.0,2020-05-12,-0.5375,-1.975,0.9375,-2.83333333333334,-0.933333333333333,0.0,-2.6,-1.2,0.0,0.5375,-21.3333333333334,-17.0,4.6692307692308,-0.436249999999999,823.0,10.4716666666667,10.2991666666667,9.4375,7.39666666666667,6.28416666666667,3.16958333333333,Tuesday
99,134.0,2020-05-13,2.25535714285714,0.44285714285714,4.05,0.016666666666667,0.0,0.0,-10.5,-8.0,0.0,-2.2553571428571,-4.5,1.5,11.1076923076923,1.1208333333333,-4140.0,,,,3.93083333333333,3.87375,3.14166666666667,Wednesday
100,198.0,2020-07-16,0.433928571428599,3.4803571428571,-2.6071428571429,3.72,0.0,0.0,7.0,-4.4,0.43392857142857,0.0,19.6666666666667,10.1666666666667,-18.3453846153846,-0.0608333333334006,-4965.0,14.2758333333333,14.725,14.9833333333333,3.10791666666667,2.32083333333333,0.585,Thursday
101,283.0,2020-10-09,0.38571428571429,-1.8,2.5714285714285,-0.9,0.0,0.0,-3.0,-14.0,0.0,-0.38571428571429,-4.5,0.3333333333333,1.6061538461539,-3.29375,-2472.0,11.0525,10.9704166666667,10.9491666666667,1.04125,0.360833333333333,0.360833333333333,Friday
102,354.0,2020-12-19,4.525,5.2875,3.7375,2.36666666666667,0.733333333333333,0.0,,,0.0,-4.525,41.8333333333334,18.0,-4.54923076923077,-14.4058333333334,-10944.0,22.64875,22.8608333333333,22.915,0.571666666666667,0.198333333333333,0.198333333333333,Saturday
103,201.0,2020-07-19,-0.4714285714286,1.4857142857143,-2.4285714285715,10.86,0.0,0.0,7.0,21.6,-0.471428571428571,0.0,23.6666666666666,7.0,-12.9184615384615,-0.320416666666599,-8092.0,14.6475,14.07375,13.7470833333333,9.87125,7.59625,5.48333333333333,Sunday
104,293.0,2020-10-19,-3.14285714285713,-0.61428571428571,-5.64285714285714,4.16,0.0,0.0,-6.5,-3.6,0.0,3.14285714285711,26.1666666666667,1.6666666666667,-0.21153846153846,19.3866666666667,15076.0,23.7779166666667,22.2429166666667,21.13375,2.14333333333333,1.57375,1.14625,Monday
105,266.0,2020-09-22,1.5428571428572,1.17142857142858,1.9285714285715,-0.14,0.0,0.0,,,0.0,-1.54285714285714,0.6666666666667,5.3333333333333,-3.48,0.8470833333333,2071.0,13.4358333333333,13.24125,13.2554166666667,2.55625,1.64875,0.395416666666667,Tuesday
106,358.0,2020-12-23,2.725,1.075,4.375,2.38333333333333,0.0,0.0,-13.05,-20.55,0.0,-2.725,-1.1666666666667,-9.5,-0.37153846153846,-7.25791666666663,-4030.0,11.4008333333333,11.27875,11.1483333333333,4.7,4.45166666666667,4.45166666666667,Wednesday
107,254.0,2020-09-10,0.683928571428599,-0.4625,1.8303571428571,-0.466666666666667,0.0,0.0,,,0.0,-0.68392857142857,-18.6666666666667,0.6666666666667,1.71538461538463,0.129999999999999,597.0,20.72125,20.4479166666667,20.2729166666667,0.697083333333333,0.398333333333333,0.31875,Thursday
108,150.0,2020-05-29,-1.8142857142857,-4.1571428571429,0.542857142857102,-2.14,0.0,0.0,,,-1.67142857142857,0.142857142857143,1.8333333333334,-2.6666666666666,2.5130769230769,0.87291666666667,-9134.0,12.86375,13.0883333333333,12.6766666666667,8.88333333333333,7.54041666666667,3.37958333333333,Friday
109,291.0,2020-10-17,-0.2,-1.65,1.2125,-2.3,0.0,0.0,-7.1333333333333,1.0,0.0,0.200000000000001,10.0,-2.3333333333333,-0.5461538461538,-5.15083333333333,-9788.0,6.7825,6.60416666666667,4.04583333333333,3.16791666666667,2.4075,1.3625,Saturday
110,33.0,2020-02-02,1.65555555555555,1.67777777777777,1.58888888888889,3.3,0.45,2.6,0.5,1.0,0.0,-1.6555555555555,14.1666666666667,1.8333333333333,-1.68923076923077,-3.8433333333334,-3183.0,12.6016666666667,12.8441666666667,14.1,6.70541666666667,5.62458333333333,4.76208333333333,Sunday
111,160.0,2020-06-08,0.6875,-0.862499999999999,2.2375,0.1,0.0,0.0,-12.0,-2.8,0.0625,-0.625,-7.3333333333333,0.6666666666666,-0.66,-9.255,14615.0,12.4870833333333,12.0220833333333,10.57625,3.49833333333333,2.56541666666667,1.54083333333333,Monday
112,294.0,2020-10-20,1.78571428571429,-0.21428571428572,3.72857142857144,-4.4,0.0,0.0,-10.1666666666667,-1.0,0.0,-1.78571428571426,-20.6666666666667,-0.6666666666667,5.53846153846154,-8.3845833333334,-1259.0,19.3766666666667,20.5245833333333,20.5483333333333,3.1625,2.57041666666667,1.47916666666667,Tuesday
113,169.0,2020-06-17,2.7857142857143,2.17142857142857,3.4428571428571,-0.1,0.0,0.0,,,1.5,-1.28571428571429,2.8333333333334,0.0,0.543076923076903,3.73,9528.0,,,,2.65833333333333,1.83875,0.415833333333333,Wednesday
114,226.0,2020-08-13,1.6214285714286,3.3482142857143,-0.139285714285702,-0.04,0.0,0.0,-2.0,-5.0,1.62142857142857,0.0,7.5,4.8333333333333,-0.16,-5.765,6880.0,23.0970833333333,22.0941666666667,23.735,6.25541666666667,4.75166666666667,0.671666666666667,Thursday
115,248.0,2020-09-04,-2.8035714285714,-0.9375,-4.7017857142857,-1.66,0.0,0.0,4.6,-0.200000000000003,-2.34642857142857,0.457142857142857,-11.0,-3.0,1.1638461538461,-3.71291666666667,-15034.0,15.0029166666667,15.695,15.055,3.985,3.20291666666667,1.86208333333333,Friday
116,179.0,2020-06-27,2.1428571428571,3.5714285714285,0.771428571428601,1.74,0.0,0.0,0.0,1.4,2.08571428571428,-0.0571428571428571,13.1666666666667,17.0,-5.9376923076923,-0.599166666666699,-1979.0,12.3579166666667,12.5325,11.9954166666667,5.97333333333333,5.00083333333333,3.2325,Saturday
117,243.0,2020-08-30,-2.9375,-2.425,-3.425,-1.03333333333334,0.0,0.0,-0.800000000000001,-27.4,-2.85,0.0875,-11.6666666666667,-6.5,6.5869230769231,3.3895833333333,-11767.0,11.03875,11.12375,11.475,0.672083333333333,0.50375,0.498333333333333,Sunday
118,97.0,2020-04-06,-0.0749999999999993,-3.275,3.1125,0.25,0.0,0.0,-11.1,6.0,0.0,0.0749999999999993,-22.0,-6.0,4.7530769230769,3.30208333333333,9427.0,8.81333333333333,9.3925,9.40208333333333,4.93125,2.12333333333333,1.48125,Monday
119,168.0,2020-06-16,1.5,0.242857142857138,2.7428571428572,0.02,0.0,0.0,3.25,,0.0285714285714286,-1.47142857142857,-1.3333333333334,7.5,-0.941538461538503,5.03083333333337,6403.0,9.96875,9.56791666666667,9.16083333333333,2.3675,1.99,0.366666666666667,Tuesday
120,183.0,2020-07-01,0.737500000000001,-0.9375,2.45,0.0,0.0,0.0,17.5,-0.6666666666667,0.7375,0.0,-13.3333333333334,3.8333333333333,1.6,0.3783333333334,-6973.0,15.14875,14.5554166666667,14.9783333333333,15.67125,7.86916666666667,1.05625,Wednesday
121,142.0,2020-05-21,-0.612500000000001,-2.925,1.6875,0.0833333333333337,0.0,0.0,0.4,-5.0,0.0,0.6125,-10.8333333333333,2.4166666666667,1.0892307692308,8.46958333333334,416.0,8.24125,7.38125,6.78625,4.82291666666667,4.82291666666667,2.93208333333333,Thursday
122,171.0,2020-06-19,1.4714285714286,1.6142857142857,1.3053571428571,-0.013333333333333,0.0,0.0,,,1.47142857142857,0.0,12.8333333333334,7.5,-2.1530769230769,-0.268333333333301,9720.0,16.0233333333333,15.96375,15.38,1.93958333333333,1.49833333333333,0.24375,Friday
123,312.0,2020-11-07,0.992857142857101,1.66428571428571,0.3410714285714,0.0,0.0,0.0,1.5,-2.8333333333333,0.0,-0.99285714285714,-1.6666666666667,0.1666666666667,0.32692307692307,-1.00375,-10193.0,4.89583333333333,5.3075,4.61041666666667,3.54291666666667,0.607916666666667,0.607916666666667,Saturday
124,33.0,2020-02-02,1.65555555555555,1.67777777777777,1.58888888888889,3.3,0.45,2.6,0.5,1.0,0.0,-1.6555555555555,14.1666666666667,1.8333333333333,-1.68923076923077,-3.8433333333334,-3183.0,12.6016666666667,12.8441666666667,14.1,6.70541666666667,5.62458333333333,4.76208333333333,Sunday
125,300.0,2020-10-26,1.1875,1.175,1.2125,0.750000000000003,0.0,0.0,0.0,4.5,0.0,-1.1875,11.8333333333333,3.6666666666667,-3.59769230769231,10.8729166666666,14282.0,23.4933333333333,23.1116666666667,22.8758333333333,4.84208333333333,4.50541666666667,1.11583333333333,Monday
126,252.0,2020-09-08,-4.1714285714286,-0.857142857142799,-7.5,-5.26,0.0,0.0,-0.199999999999999,-22.6,-1.58571428571429,2.58571428571429,3.0,-7.0,-0.98692307692307,6.1225,8312.0,18.2675,17.9295833333333,18.8870833333333,2.94958333333333,2.05291666666667,0.5,Tuesday
127,344.0,2020-12-09,4.4375,6.65,2.15,2.66666666666667,-3.1,3.5,-0.100000000000001,-1.3,0.0,-4.4375,19.5333333333333,15.0,-5.58384615384615,-0.395,-221.0,,,,3.11208333333333,2.24375,0.7925,Wednesday
128,198.0,2020-07-16,0.433928571428599,3.4803571428571,-2.6071428571429,3.72,0.0,0.0,7.0,-4.4,0.43392857142857,0.0,19.6666666666667,10.1666666666667,-18.3453846153846,-0.0608333333334006,-4965.0,14.2758333333333,14.725,14.9833333333333,3.10791666666667,2.32083333333333,0.585,Thursday
129,45.0,2020-02-14,-8.45555555555551,-8.2222222222222,-8.66666666666667,-2.14285714285714,-3.8,0.0,-8.1333333333333,-10.0,0.0,8.4555555555555,-8.1666666666666,-23.5,4.88923076923078,2.5458333333334,4932.0,20.83625,20.8470833333333,20.2291666666667,5.4275,5.1,2.50416666666667,Friday
130,284.0,2020-10-10,5.2428571428571,5.22857142857143,5.2285714285715,0.24,0.0,0.0,10.0,11.0,0.0,-5.24285714285714,0.6666666666667,-9.6666666666666,-7.16076923076925,-7.72374999999997,-9791.0,3.625,4.07666666666667,3.17333333333333,2.81791666666667,0.670833333333333,0.670833333333333,Saturday
131,110.0,2020-04-19,2.41428571428571,2.44285714285715,2.4,0.12,0.0,0.0,13.4,7.0,0.0,-2.4142857142857,16.0,-4.3333333333333,-11.9515384615384,-2.64416666666667,-1976.0,2.92833333333333,2.99083333333333,3.23625,1.40583333333333,0.760833333333333,0.760833333333333,Sunday
132,216.0,2020-08-03,-1.9392857142857,-1.5714285714286,-2.3107142857143,-12.1066666666667,0.0,0.0,0.199999999999999,-16.8,-1.93928571428571,0.0,-3.3333333333333,-0.6666666666667,4.6530769230769,-0.0212500000000002,-8383.0,15.855,15.9708333333333,15.7683333333333,5.73083333333333,0.354166666666667,0.354166666666667,Monday
133,287.0,2020-10-13,2.4625,2.65,2.2625,1.86666666666666,0.0,0.0,20.8,-5.4,0.0,-2.4625,-33.6666666666667,6.1666666666667,6.58307692307695,4.945,13350.0,9.80375,10.1366666666667,10.0766666666667,4.31375,3.52916666666667,1.57916666666667,Tuesday
134,190.0,2020-07-08,0.75,1.7875,-0.262499999999996,6.18333333333334,0.0,0.0,2.6666666666667,13.3333333333333,0.75,0.0,4.1666666666666,8.6666666666667,-1.8923076923077,8.6458333333334,6704.0,58.885,58.3958333333333,67.1933333333333,18.7808333333333,15.29375,2.31458333333333,Wednesday
135,142.0,2020-05-21,-0.612500000000001,-2.925,1.6875,0.0833333333333337,0.0,0.0,0.4,-5.0,0.0,0.6125,-10.8333333333333,2.4166666666667,1.0892307692308,8.46958333333334,416.0,8.24125,7.38125,6.78625,4.82291666666667,4.82291666666667,2.93208333333333,Thursday
136,150.0,2020-05-29,-1.8142857142857,-4.1571428571429,0.542857142857102,-2.14,0.0,0.0,,,-1.67142857142857,0.142857142857143,1.8333333333334,-2.6666666666666,2.5130769230769,0.87291666666667,-9134.0,12.86375,13.0883333333333,12.6766666666667,8.88333333333333,7.54041666666667,3.37958333333333,Friday
137,270.0,2020-09-26,0.137499999999999,-0.7125,1.0125,-0.333333333333333,0.0,0.0,,,0.1125,-0.025,-0.1666666666667,0.3333333333333,-0.470000000000001,-6.61,-10686.0,12.8820833333333,13.2579166666667,13.2020833333333,4.66833333333333,2.89625,0.785833333333333,Saturday
138,159.0,2020-06-07,-3.4821428571429,-2.9589285714286,-4.0,-0.08,0.0,0.0,0.800000000000001,-16.0,-1.75714285714286,1.725,3.6666666666666,4.0,3.7015384615385,13.15375,-12488.0,5.22125,5.1925,4.21833333333333,19.78125,19.1441666666667,18.8908333333333,Sunday
139,167.0,2020-06-15,2.0571428571428,1.45714285714286,2.6285714285714,0.06,0.0,0.0,-1.75,-1.0,0.0,-2.05714285714285,-1.6666666666666,-13.1666666666667,0.4215384615385,5.545,15386.0,5.61666666666667,5.58666666666667,5.49791666666667,6.58166666666667,4.96541666666667,3.1,Monday
140,259.0,2020-09-15,-0.367857142857099,-2.57321428571429,1.8464285714286,0.04,0.0,0.0,-9.9,-2.2,0.0,0.36785714285714,13.3,0.466666666666697,-4.9746153846154,1.5458333333334,-443.0,14.5591666666667,15.1595833333333,14.51375,7.04708333333333,6.7775,6.7775,Tuesday
141,190.0,2020-07-08,0.75,1.7875,-0.262499999999996,6.18333333333334,0.0,0.0,2.6666666666667,13.3333333333333,0.75,0.0,4.1666666666666,8.6666666666667,-1.8923076923077,8.6458333333334,6704.0,58.885,58.3958333333333,67.1933333333333,18.7808333333333,15.29375,2.31458333333333,Wednesday
142,261.0,2020-09-17,-3.9875,-3.175,-4.85,0.0,0.0,0.0,4.0,-5.1,-0.65,3.3375,-3.8333333333334,3.1666666666666,0.9176923076924,9.49041666666667,-1281.0,,,,3.99416666666667,3.41083333333333,3.41083333333333,Thursday
143,234.0,2020-08-21,4.4625,6.3,2.6375,0.116666666666667,0.0,0.0,3.7,-3.1,4.3375,-0.125,2.5,7.0,-2.5976923076923,7.6270833333333,12687.0,20.7175,20.0966666666667,20.2525,2.87875,2.24125,1.40875,Friday
144,326.0,2020-11-21,-7.7625,-5.525,-9.9875,0.0,0.0,0.0,3.0666666666667,-7.0,0.0,7.7625,7.1666666666667,-11.0,-3.76461538461539,12.755,-3593.0,12.1133333333333,11.6625,11.9579166666667,13.5145833333333,4.59625,2.9475,Saturday
145,313.0,2020-11-08,-1.2428571428571,-2.87142857142857,0.371428571428599,0.0,0.0,0.0,,,0.0,1.24285714285714,-4.1666666666667,2.3333333333333,1.01230769230772,3.42416666666667,-2217.0,7.4225,7.36375,6.4075,11.8275,4.55458333333333,1.85208333333333,Sunday
146,237.0,2020-08-24,1.2089285714286,1.6928571428571,0.746428571428599,2.6,0.0,0.0,2.3333333333333,12.6666666666667,1.20892857142857,0.0,0.5,-3.1666666666667,-0.945384615384601,5.81875,21539.0,35.0241666666667,36.45,36.2629166666667,6.26625,4.64583333333333,0.522083333333333,Monday
147,259.0,2020-09-15,-0.367857142857099,-2.57321428571429,1.8464285714286,0.04,0.0,0.0,-9.9,-2.2,0.0,0.36785714285714,13.3,0.466666666666697,-4.9746153846154,1.5458333333334,-443.0,14.5591666666667,15.1595833333333,14.51375,7.04708333333333,6.7775,6.7775,Tuesday
148,204.0,2020-07-22,2.0035714285714,3.6803571428571,0.308928571428602,15.88,0.0,0.0,,,2.00357142857143,0.0,16.5,8.8333333333333,-5.7369230769231,2.0929166666667,3213.0,15.4204166666667,15.42875,14.6933333333333,4.90875,2.91166666666667,0.7675,Wednesday
149,226.0,2020-08-13,1.6214285714286,3.3482142857143,-0.139285714285702,-0.04,0.0,0.0,-2.0,-5.0,1.62142857142857,0.0,7.5,4.8333333333333,-0.16,-5.765,6880.0,23.0970833333333,22.0941666666667,23.735,6.25541666666667,4.75166666666667,0.671666666666667,Thursday
150,304.0,2020-10-30,-6.31428571428571,-5.11428571428572,-7.42857142857141,-0.56,0.0,0.0,6.0666666666667,-3.4666666666667,0.0,6.3142857142857,-9.5,-10.8333333333334,1.48153846153846,4.8075,3323.0,22.1683333333333,22.10375,22.4945833333333,8.4925,1.30291666666667,0.68875,Friday
151,130.0,2020-05-09,-0.39642857142857,-1.42678571428571,0.66785714285714,0.22,0.2,0.0,-2.4,14.2,0.0,0.396428571428601,10.5,8.1666666666667,0.510769230769199,-0.4875,-4120.0,7.72625,7.05875,6.99416666666667,1.67333333333333,1.67333333333333,1.44916666666667,Saturday
152,222.0,2020-08-09,3.0571428571429,4.3333333333333,1.7833333333333,-0.14,0.0,0.0,4.75,5.25,3.05714285714286,0.0,19.2333333333333,0.6666666666667,-3.2915384615385,0.179166666666699,13481.0,15.7720833333333,16.1391666666667,15.6108333333333,1.50833333333333,0.679166666666667,0.668333333333333,Sunday
153,216.0,2020-08-03,-1.9392857142857,-1.5714285714286,-2.3107142857143,-12.1066666666667,0.0,0.0,0.199999999999999,-16.8,-1.93928571428571,0.0,-3.3333333333333,-0.6666666666667,4.6530769230769,-0.0212500000000002,-8383.0,15.855,15.9708333333333,15.7683333333333,5.73083333333333,0.354166666666667,0.354166666666667,Monday
154,273.0,2020-09-29,-4.775,-2.625,-6.925,-5.53333333333334,0.0,0.0,0.100000000000001,-2.8,-2.6,2.175,-3.5,-2.0,-4.0461538461539,-11.3466666666666,-11840.0,16.6170833333333,16.2995833333333,16.3591666666667,1.19708333333333,0.360416666666667,0.332916666666667,Tuesday
155,169.0,2020-06-17,2.7857142857143,2.17142857142857,3.4428571428571,-0.1,0.0,0.0,,,1.5,-1.28571428571429,2.8333333333334,0.0,0.543076923076903,3.73,9528.0,,,,2.65833333333333,1.83875,0.415833333333333,Wednesday
156,149.0,2020-05-28,-2.5428571428572,-0.199999999999999,-4.9285714285714,6.12,0.0,0.0,,,-2.54285714285715,0.0,25.0,8.1666666666666,-11.94,-5.54833333333337,-17088.0,12.5295833333333,13.2916666666667,13.2395833333333,10.6491666666667,5.20625,1.44708333333333,Thursday
157,339.0,2020-12-04,0.0625,1.5625,-1.45,3.65,-1.0,-3.33333333333333,-1.3333333333333,-3.9333333333333,0.0,-0.0625,12.2,19.0333333333333,-3.74692307692308,8.3408333333333,2297.0,13.8816666666667,13.6570833333333,14.1245833333333,10.43375,9.39458333333333,6.71125,Friday
158,172.0,2020-06-20,1.7,2.0285714285714,1.3375,-0.0066666666666669,0.0,0.0,,,1.7,0.0,-9.5,2.8333333333333,0.682307692307699,1.1108333333333,-4608.0,17.0883333333333,16.9445833333333,16.17625,2.79791666666667,2.33833333333333,1.75375,Saturday
159,222.0,2020-08-09,3.0571428571429,4.3333333333333,1.7833333333333,-0.14,0.0,0.0,4.75,5.25,3.05714285714286,0.0,19.2333333333333,0.6666666666667,-3.2915384615385,0.179166666666699,13481.0,15.7720833333333,16.1391666666667,15.6108333333333,1.50833333333333,0.679166666666667,0.668333333333333,Sunday
160,279.0,2020-10-05,2.15892857142857,0.39821428571429,3.8732142857143,-2.62333333333333,0.0,0.0,,,0.0,-2.15892857142857,-29.3333333333333,0.1666666666667,7.47384615384618,-2.78749999999997,10109.0,9.74791666666667,9.845,9.98666666666667,0.235833333333333,0.235833333333333,0.235833333333333,Monday
161,350.0,2020-12-15,-4.5375,-5.1,-3.9,0.0333333333333333,0.0666666666666667,0.0,1.6,-22.6,0.0,4.5375,-7.6666666666666,2.6666666666667,3.99846153846154,0.547500000000003,3646.0,21.9679166666667,21.91125,22.4475,3.3725,2.05166666666667,1.44958333333333,Tuesday
162,288.0,2020-10-14,-1.8375,-2.4,-1.3,-3.38333333333333,0.0,0.0,-7.7,-5.4,0.0,1.8375,-1.0,-7.6666666666667,-2.2592307692308,3.56000000000003,1807.0,11.96625,11.5020833333333,9.19541666666667,8.3875,7.08625,7.05125,Wednesday
163,345.0,2020-12-10,0.975,0.4,1.5125,-3.93333333333333,-1.4,-2.5,-1.5,-9.5,0.0,-0.974999999999998,-6.40000000000001,-1.2,1.96153846153846,3.8804166666666,-4587.0,,,,4.26291666666667,4.0775,3.41291666666667,Thursday
164,234.0,2020-08-21,4.4625,6.3,2.6375,0.116666666666667,0.0,0.0,3.7,-3.1,4.3375,-0.125,2.5,7.0,-2.5976923076923,7.6270833333333,12687.0,20.7175,20.0966666666667,20.2525,2.87875,2.24125,1.40875,Friday
165,249.0,2020-09-05,-1.4714285714286,-1.5428571428571,-1.3571428571429,0.18,0.0,0.0,-0.933333333333302,-15.6666666666667,-0.428571428571429,1.04285714285714,9.8333333333333,-2.8333333333333,-9.1092307692307,10.6004166666667,-16086.0,14.5625,14.7725,14.4758333333333,2.91458333333333,2.07208333333333,2.06958333333333,Saturday
166,243.0,2020-08-30,-2.9375,-2.425,-3.425,-1.03333333333334,0.0,0.0,-0.800000000000001,-27.4,-2.85,0.0875,-11.6666666666667,-6.5,6.5869230769231,3.3895833333333,-11767.0,11.03875,11.12375,11.475,0.672083333333333,0.50375,0.498333333333333,Sunday
167,293.0,2020-10-19,-3.14285714285713,-0.61428571428571,-5.64285714285714,4.16,0.0,0.0,-6.5,-3.6,0.0,3.14285714285711,26.1666666666667,1.6666666666667,-0.21153846153846,19.3866666666667,15076.0,23.7779166666667,22.2429166666667,21.13375,2.14333333333333,1.57375,1.14625,Monday
168,301.0,2020-10-27,-0.98392857142857,-0.10535714285714,-1.83928571428571,4.94333333333333,0.0,0.0,,,0.0,0.983928571428601,16.6666666666667,5.0,0.19,1.095,1642.0,24.82875,23.48625,23.2275,11.4870833333333,11.0629166666667,2.68541666666667,Tuesday
169,330.0,2020-11-25,3.8375,2.79166666666667,4.83333333333333,5.04166666666667,-0.666666666666667,-2.00000000000003,-4.0,-0.8333333333333,0.0,-3.8375,16.7,3.25,-1.38153846153846,-3.9483333333333,-1718.0,14.1141666666667,13.52,14.4,16.11625,13.1629166666667,6.70416666666667,Wednesday
170,324.0,2020-11-19,9.37142857142857,7.04285714285714,11.6142857142857,0.0,0.0,0.0,,,0.0,-9.3714285714286,-23.8333333333333,-1.8333333333333,-0.47461538461539,-52.9016666666667,-8252.0,3.99375,3.81541666666667,3.61458333333333,3.00166666666667,3.00166666666667,3.00166666666667,Thursday
171,80.0,2020-03-20,2.1875,-4.7125,9.125,1.33333333333333,0.0,0.0,21.0666666666667,31.0666666666667,0.0,-2.1875,-4.3333333333334,1.0,1.89923076923075,-10.4658333333333,-5744.0,9.14125,9.55833333333333,8.97583333333333,3.58166666666667,3.07125,3.07125,Friday
172,144.0,2020-05-23,2.3732142857143,4.0928571428571,0.7267857142857,0.123333333333333,0.0,0.0,,,0.885714285714286,-1.4875,12.0,8.90000000000001,-1.2984615384615,17.8270833333333,-3164.0,17.5875,12.5925,11.1308333333333,20.5775,18.1433333333333,7.99333333333333,Saturday
173,201.0,2020-07-19,-0.4714285714286,1.4857142857143,-2.4285714285715,10.86,0.0,0.0,7.0,21.6,-0.471428571428571,0.0,23.6666666666666,7.0,-12.9184615384615,-0.320416666666599,-8092.0,14.6475,14.07375,13.7470833333333,9.87125,7.59625,5.48333333333333,Sunday
174,279.0,2020-10-05,2.15892857142857,0.39821428571429,3.8732142857143,-2.62333333333333,0.0,0.0,,,0.0,-2.15892857142857,-29.3333333333333,0.1666666666667,7.47384615384618,-2.78749999999997,10109.0,9.74791666666667,9.845,9.98666666666667,0.235833333333333,0.235833333333333,0.235833333333333,Monday
175,259.0,2020-09-15,-0.367857142857099,-2.57321428571429,1.8464285714286,0.04,0.0,0.0,-9.9,-2.2,0.0,0.36785714285714,13.3,0.466666666666697,-4.9746153846154,1.5458333333334,-443.0,14.5591666666667,15.1595833333333,14.51375,7.04708333333333,6.7775,6.7775,Tuesday
176,197.0,2020-07-15,0.853571428571399,0.407142857142901,1.3071428571429,-0.0033333333333329,0.0,0.0,,,0.85357142857143,0.0,0.1666666666666,-1.3333333333333,1.0146153846154,-0.886666666666599,11640.0,,,,3.26791666666667,2.58,0.287083333333333,Wednesday
177,163.0,2020-06-11,-3.9428571428571,-1.4428571428571,-6.3857142857143,-16.62,0.0,0.0,4.8,-6.59999999999999,-3.94285714285714,0.0,-13.8333333333333,0.3333333333333,1.2484615384615,-6.08,-21732.0,3.95083333333333,4.45041666666667,4.47166666666667,6.81375,6.26958333333333,0.47875,Thursday
178,234.0,2020-08-21,4.4625,6.3,2.6375,0.116666666666667,0.0,0.0,3.7,-3.1,4.3375,-0.125,2.5,7.0,-2.5976923076923,7.6270833333333,12687.0,20.7175,20.0966666666667,20.2525,2.87875,2.24125,1.40875,Friday
179,270.0,2020-09-26,0.137499999999999,-0.7125,1.0125,-0.333333333333333,0.0,0.0,,,0.1125,-0.025,-0.1666666666667,0.3333333333333,-0.470000000000001,-6.61,-10686.0,12.8820833333333,13.2579166666667,13.2020833333333,4.66833333333333,2.89625,0.785833333333333,Saturday
180,320.0,2020-11-15,3.3125,1.975,4.6625,5.96666666666666,0.0,0.0,11.2666666666667,51.8,0.0,-3.3125,15.6666666666667,18.0,-8.21923076923079,-8.21083333333333,-375.0,2.3325,2.3075,2.29333333333333,7.12791666666667,3.53458333333333,3.53458333333333,Sunday
181,363.0,2020-12-28,0.95,1.05,0.8,0.53333333333334,0.0,-6.0,10.2,32.8,0.0,-0.949999999999999,-6.0,5.1666666666666,-1.32538461538461,-6.03583333333333,2450.0,6.17541666666667,6.435,6.75083333333333,5.89791666666667,5.51875,1.30416666666667,Monday
182,350.0,2020-12-15,-4.5375,-5.1,-3.9,0.0333333333333333,0.0666666666666667,0.0,1.6,-22.6,0.0,4.5375,-7.6666666666666,2.6666666666667,3.99846153846154,0.547500000000003,3646.0,21.9679166666667,21.91125,22.4475,3.3725,2.05166666666667,1.44958333333333,Tuesday
183,295.0,2020-10-21,2.89285714285714,0.51964285714286,5.3142857142857,3.32666666666667,0.0,0.0,19.6666666666667,13.8,0.0,-2.89285714285714,-2.0,3.0,-3.33153846153846,-3.35625,-70.0,9.69375,9.385,7.0425,4.93416666666667,3.53625,2.58875,Wednesday
184,240.0,2020-08-27,6.375,4.75,8.0125,-7.63666666666667,0.0,0.0,,,5.6,-0.775,1.1666666666667,-0.5,-1.6315384615385,-2.1725,19044.0,19.6320833333333,18.6425,19.215,2.01375,0.897916666666667,0.2725,Thursday
185,80.0,2020-03-20,2.1875,-4.7125,9.125,1.33333333333333,0.0,0.0,21.0666666666667,31.0666666666667,0.0,-2.1875,-4.3333333333334,1.0,1.89923076923075,-10.4658333333333,-5744.0,9.14125,9.55833333333333,8.97583333333333,3.58166666666667,3.07125,3.07125,Friday
186,130.0,2020-05-09,-0.39642857142857,-1.42678571428571,0.66785714285714,0.22,0.2,0.0,-2.4,14.2,0.0,0.396428571428601,10.5,8.1666666666667,0.510769230769199,-0.4875,-4120.0,7.72625,7.05875,6.99416666666667,1.67333333333333,1.67333333333333,1.44916666666667,Saturday
187,201.0,2020-07-19,-0.4714285714286,1.4857142857143,-2.4285714285715,10.86,0.0,0.0,7.0,21.6,-0.471428571428571,0.0,23.6666666666666,7.0,-12.9184615384615,-0.320416666666599,-8092.0,14.6475,14.07375,13.7470833333333,9.87125,7.59625,5.48333333333333,Sunday
188,216.0,2020-08-03,-1.9392857142857,-1.5714285714286,-2.3107142857143,-12.1066666666667,0.0,0.0,0.199999999999999,-16.8,-1.93928571428571,0.0,-3.3333333333333,-0.6666666666667,4.6530769230769,-0.0212500000000002,-8383.0,15.855,15.9708333333333,15.7683333333333,5.73083333333333,0.354166666666667,0.354166666666667,Monday
189,238.0,2020-08-25,-3.8625,-2.7,-5.0125,-2.7,0.0,0.0,4.8666666666667,1.1333333333333,-3.8625,0.0,0.1666666666667,-0.8333333333333,1.0592307692308,-2.245,-11137.0,24.31,24.34125,24.94625,1.2525,0.522916666666667,0.24125,Tuesday
190,260.0,2020-09-16,5.7053571428571,6.77321428571429,4.6410714285714,-0.04,0.0,0.0,-0.5,6.6,0.65,-5.05535714285714,-2.6333333333333,-0.133333333333297,-0.6523076923077,-9.13958333333337,4283.0,7.86125,8.08291666666667,7.67541666666667,7.13541666666667,6.95666666666667,6.95666666666667,Wednesday
191,331.0,2020-11-26,4.525,5.0375,4.05,-6.2,0.0,-9.66666666666667,13.6666666666667,3.8333333333333,0.0,-4.525,-8.8,-0.799999999999997,-0.4223076923077,-1.0891666666667,-5150.0,13.12625,13.7545833333333,13.0445833333333,15.96125,12.6154166666667,10.1845833333333,Thursday
192,304.0,2020-10-30,-6.31428571428571,-5.11428571428572,-7.42857142857141,-0.56,0.0,0.0,6.0666666666667,-3.4666666666667,0.0,6.3142857142857,-9.5,-10.8333333333334,1.48153846153846,4.8075,3323.0,22.1683333333333,22.10375,22.4945833333333,8.4925,1.30291666666667,0.68875,Friday
193,200.0,2020-07-18,0.6017857142857,-0.144642857142898,1.3946428571429,0.15,0.0,0.0,-1.6,3.0,0.60178571428571,0.0,4.8333333333334,-3.8333333333333,-1.7453846153846,-0.786250000000001,-2354.0,14.6045833333333,14.4883333333333,15.08125,2.33625,1.5025,0.25875,Saturday
194,33.0,2020-02-02,1.65555555555555,1.67777777777777,1.58888888888889,3.3,0.45,2.6,0.5,1.0,0.0,-1.6555555555555,14.1666666666667,1.8333333333333,-1.68923076923077,-3.8433333333334,-3183.0,12.6016666666667,12.8441666666667,14.1,6.70541666666667,5.62458333333333,4.76208333333333,Sunday
195,83.0,2020-03-23,3.975,5.9125,1.95,5.5,-0.73333333333333,2.41666666666667,-0.866666666666669,-5.8,0.0,-3.975,28.0,25.0,-14.6715384615384,5.3516666666666,10797.0,18.0670833333333,17.6766666666667,17.35875,0.498333333333333,0.22875,0.228333333333333,Monday
196,217.0,2020-08-04,-0.242857142857201,-0.228571428571399,-0.257142857142799,-1.76,0.0,0.0,6.6666666666667,1.4,-0.24285714285715,0.0,4.5,0.1666666666667,-3.8692307692307,6.0208333333333,13858.0,15.36375,15.3125,15.9395833333333,7.03708333333333,4.83875,4.44666666666667,Tuesday
197,246.0,2020-09-02,-0.4428571428571,-1.2428571428571,0.3285714285715,2.14,0.0,0.0,9.1,15.0,-0.44285714285714,0.0,-11.1666666666666,1.6666666666666,-6.2046153846154,0.315000000000001,1550.0,18.2966666666667,17.9458333333333,17.7775,2.47583333333333,0.765833333333333,0.507083333333333,Wednesday
198,282.0,2020-10-08,-4.77321428571429,-5.36964285714286,-4.1285714285714,-1.51,0.0,0.0,-6.4,-23.0,0.0,4.77321428571429,6.8333333333333,4.8333333333333,0.105384615384599,11.1570833333333,-641.0,11.595,11.8029166666667,11.8620833333333,1.27166666666667,0.469583333333333,0.469583333333333,Thursday
199,325.0,2020-11-20,3.72857142857143,5.76071428571429,1.6642857142857,0.0,0.0,0.0,3.8,2.4,0.0,-3.7285714285714,6.0,2.1666666666667,2.19461538461539,0.14875,-6708.0,2.83916666666667,3.17708333333333,2.68916666666667,2.46083333333333,2.46083333333333,1.65916666666667,Friday
200,270.0,2020-09-26,0.137499999999999,-0.7125,1.0125,-0.333333333333333,0.0,0.0,,,0.1125,-0.025,-0.1666666666667,0.3333333333333,-0.470000000000001,-6.61,-10686.0,12.8820833333333,13.2579166666667,13.2020833333333,4.66833333333333,2.89625,0.785833333333333,Saturday
201,299.0,2020-10-25,-1.2625,-0.9625,-1.55,0.266666666666667,0.0,0.0,-23.4,-5.5,0.0,1.2625,-4.3333333333333,2.5,-2.05461538461539,0.578333333333401,1164.0,14.7025,14.2045833333333,13.2179166666667,2.63166666666667,2.43166666666667,2.43166666666667,Sunday
202,293.0,2020-10-19,-3.14285714285713,-0.61428571428571,-5.64285714285714,4.16,0.0,0.0,-6.5,-3.6,0.0,3.14285714285711,26.1666666666667,1.6666666666667,-0.21153846153846,19.3866666666667,15076.0,23.7779166666667,22.2429166666667,21.13375,2.14333333333333,1.57375,1.14625,Monday
203,364.0,2020-12-29,-3.8875,-2.7625,-4.9125,-2.41666666666667,1.66666666666666,-2.33333333333333,2.0,-31.4,0.0,3.8875,-7.3333333333334,-15.1666666666666,4.38307692307692,7.64333333333333,6308.0,13.92625,13.41125,13.1245833333333,3.8775,3.80166666666667,1.51291666666667,Tuesday
204,85.0,2020-03-25,2.0375,0.475,3.6,0.133333333333334,0.0,0.0,-14.3333333333333,5.0,0.0,-2.0375,-0.8333333333333,0.8333333333333,1.8615384615385,-4.6820833333333,-3133.0,15.4095833333333,15.9025,15.7891666666667,1.26458333333333,0.475833333333333,0.475833333333333,Wednesday
205,240.0,2020-08-27,6.375,4.75,8.0125,-7.63666666666667,0.0,0.0,,,5.6,-0.775,1.1666666666667,-0.5,-1.6315384615385,-2.1725,19044.0,19.6320833333333,18.6425,19.215,2.01375,0.897916666666667,0.2725,Thursday
206,311.0,2020-11-06,-0.7642857142857,-3.36428571428571,1.8303571428571,0.0,0.0,0.0,1.3333333333333,2.0,0.0,0.76428571428571,-5.8333333333333,10.8333333333333,2.21846153846154,-0.50833333333333,-1837.0,8.225,8.4575,7.77458333333333,13.4575,5.24166666666667,1.37791666666667,Friday
207,130.0,2020-05-09,-0.39642857142857,-1.42678571428571,0.66785714285714,0.22,0.2,0.0,-2.4,14.2,0.0,0.396428571428601,10.5,8.1666666666667,0.510769230769199,-0.4875,-4120.0,7.72625,7.05875,6.99416666666667,1.67333333333333,1.67333333333333,1.44916666666667,Saturday
208,33.0,2020-02-02,1.65555555555555,1.67777777777777,1.58888888888889,3.3,0.45,2.6,0.5,1.0,0.0,-1.6555555555555,14.1666666666667,1.8333333333333,-1.68923076923077,-3.8433333333334,-3183.0,12.6016666666667,12.8441666666667,14.1,6.70541666666667,5.62458333333333,4.76208333333333,Sunday
209,97.0,2020-04-06,-0.0749999999999993,-3.275,3.1125,0.25,0.0,0.0,-11.1,6.0,0.0,0.0749999999999993,-22.0,-6.0,4.7530769230769,3.30208333333333,9427.0,8.81333333333333,9.3925,9.40208333333333,4.93125,2.12333333333333,1.48125,Monday
210,168.0,2020-06-16,1.5,0.242857142857138,2.7428571428572,0.02,0.0,0.0,3.25,,0.0285714285714286,-1.47142857142857,-1.3333333333334,7.5,-0.941538461538503,5.03083333333337,6403.0,9.96875,9.56791666666667,9.16083333333333,2.3675,1.99,0.366666666666667,Tuesday
211,351.0,2020-12-16,-2.575,-1.7375,-3.4375,0.5,1.26666666666666,0.0,-22.6,13.4,0.0,2.575,3.0,5.1666666666667,-3.46923076923077,1.4595833333333,7466.0,30.0358333333333,29.5991666666667,29.92375,3.09666666666667,2.71833333333333,1.5675,Wednesday
212,240.0,2020-08-27,6.375,4.75,8.0125,-7.63666666666667,0.0,0.0,,,5.6,-0.775,1.1666666666667,-0.5,-1.6315384615385,-2.1725,19044.0,19.6320833333333,18.6425,19.215,2.01375,0.897916666666667,0.2725,Thursday
213,192.0,2020-07-10,-1.0285714285714,-0.100000000000001,-1.9571428571429,7.72,0.0,0.0,8.5,16.4,-1.02857142857141,0.0,8.6666666666666,8.5,-1.27,-23.9120833333333,-925.0,37.9425,36.0045833333333,46.3791666666667,9.44791666666667,8.92083333333333,0.305833333333333,Friday
214,95.0,2020-04-04,1.4875,3.4375,-0.449999999999999,-1.03333333333333,0.0,0.0,-19.0,-5.8,0.0,-1.4875,13.5,3.3333333333333,-0.0307692307692005,2.2,-7507.0,13.1575,13.0445833333333,13.1891666666667,2.87208333333333,1.965,1.59333333333333,Saturday
215,159.0,2020-06-07,-3.4821428571429,-2.9589285714286,-4.0,-0.08,0.0,0.0,0.800000000000001,-16.0,-1.75714285714286,1.725,3.6666666666666,4.0,3.7015384615385,13.15375,-12488.0,5.22125,5.1925,4.21833333333333,19.78125,19.1441666666667,18.8908333333333,Sunday
216,363.0,2020-12-28,0.95,1.05,0.8,0.53333333333334,0.0,-6.0,10.2,32.8,0.0,-0.949999999999999,-6.0,5.1666666666666,-1.32538461538461,-6.03583333333333,2450.0,6.17541666666667,6.435,6.75083333333333,5.89791666666667,5.51875,1.30416666666667,Monday
217,77.0,2020-03-17,4.2625,3.7375,4.675,-0.65,-0.466666666666667,0.166666666666667,16.4,11.2,0.0,-4.2625,0.8333333333333,0.0,-7.77692307692312,-2.02625,243.0,18.1954166666667,18.0054166666667,17.4745833333333,3.60458333333333,3.07833333333333,2.07125,Tuesday
218,302.0,2020-10-28,2.1547619047619,-0.90714285714286,5.23095238095241,-5.96,0.0,0.0,,,0.0,-2.1547619047619,-37.75,-1.5,7.57769230769232,-15.9320833333333,-2960.0,20.3641666666667,21.9679166666667,19.8316666666667,18.3708333333333,11.8504166666667,8.69958333333333,Wednesday
219,142.0,2020-05-21,-0.612500000000001,-2.925,1.6875,0.0833333333333337,0.0,0.0,0.4,-5.0,0.0,0.6125,-10.8333333333333,2.4166666666667,1.0892307692308,8.46958333333334,416.0,8.24125,7.38125,6.78625,4.82291666666667,4.82291666666667,2.93208333333333,Thursday
220,80.0,2020-03-20,2.1875,-4.7125,9.125,1.33333333333333,0.0,0.0,21.0666666666667,31.0666666666667,0.0,-2.1875,-4.3333333333334,1.0,1.89923076923075,-10.4658333333333,-5744.0,9.14125,9.55833333333333,8.97583333333333,3.58166666666667,3.07125,3.07125,Friday
221,270.0,2020-09-26,0.137499999999999,-0.7125,1.0125,-0.333333333333333,0.0,0.0,,,0.1125,-0.025,-0.1666666666667,0.3333333333333,-0.470000000000001,-6.61,-10686.0,12.8820833333333,13.2579166666667,13.2020833333333,4.66833333333333,2.89625,0.785833333333333,Saturday
222,243.0,2020-08-30,-2.9375,-2.425,-3.425,-1.03333333333334,0.0,0.0,-0.800000000000001,-27.4,-2.85,0.0875,-11.6666666666667,-6.5,6.5869230769231,3.3895833333333,-11767.0,11.03875,11.12375,11.475,0.672083333333333,0.50375,0.498333333333333,Sunday
223,363.0,2020-12-28,0.95,1.05,0.8,0.53333333333334,0.0,-6.0,10.2,32.8,0.0,-0.949999999999999,-6.0,5.1666666666666,-1.32538461538461,-6.03583333333333,2450.0,6.17541666666667,6.435,6.75083333333333,5.89791666666667,5.51875,1.30416666666667,Monday
224,259.0,2020-09-15,-0.367857142857099,-2.57321428571429,1.8464285714286,0.04,0.0,0.0,-9.9,-2.2,0.0,0.36785714285714,13.3,0.466666666666697,-4.9746153846154,1.5458333333334,-443.0,14.5591666666667,15.1595833333333,14.51375,7.04708333333333,6.7775,6.7775,Tuesday
225,169.0,2020-06-17,2.7857142857143,2.17142857142857,3.4428571428571,-0.1,0.0,0.0,,,1.5,-1.28571428571429,2.8333333333334,0.0,0.543076923076903,3.73,9528.0,,,,2.65833333333333,1.83875,0.415833333333333,Wednesday
226,240.0,2020-08-27,6.375,4.75,8.0125,-7.63666666666667,0.0,0.0,,,5.6,-0.775,1.1666666666667,-0.5,-1.6315384615385,-2.1725,19044.0,19.6320833333333,18.6425,19.215,2.01375,0.897916666666667,0.2725,Thursday
227,234.0,2020-08-21,4.4625,6.3,2.6375,0.116666666666667,0.0,0.0,3.7,-3.1,4.3375,-0.125,2.5,7.0,-2.5976923076923,7.6270833333333,12687.0,20.7175,20.0966666666667,20.2525,2.87875,2.24125,1.40875,Friday
228,130.0,2020-05-09,-0.39642857142857,-1.42678571428571,0.66785714285714,0.22,0.2,0.0,-2.4,14.2,0.0,0.396428571428601,10.5,8.1666666666667,0.510769230769199,-0.4875,-4120.0,7.72625,7.05875,6.99416666666667,1.67333333333333,1.67333333333333,1.44916666666667,Saturday
229,117.0,2020-04-26,2.15,6.1625,-1.8875,1.28333333333333,0.0,0.0,-1.4,10.4,0.0,-2.15,13.3333333333334,0.0,-16.7953846153846,-1.775,1515.0,1.92125,2.58541666666667,2.61083333333333,3.12875,2.25416666666667,1.41916666666667,Sunday
230,216.0,2020-08-03,-1.9392857142857,-1.5714285714286,-2.3107142857143,-12.1066666666667,0.0,0.0,0.199999999999999,-16.8,-1.93928571428571,0.0,-3.3333333333333,-0.6666666666667,4.6530769230769,-0.0212500000000002,-8383.0,15.855,15.9708333333333,15.7683333333333,5.73083333333333,0.354166666666667,0.354166666666667,Monday
231,329.0,2020-11-24,-0.95,-0.67916666666667,-1.22083333333333,0.425,0.666666666666667,0.4166666666667,-18.6666666666667,-7.3333333333334,0.0,0.950000000000003,-10.0,2.5833333333333,0.16153846153846,3.24625,2212.0,18.28375,18.22125,20.2666666666667,9.33708333333333,4.045,0.32875,Tuesday
232,190.0,2020-07-08,0.75,1.7875,-0.262499999999996,6.18333333333334,0.0,0.0,2.6666666666667,13.3333333333333,0.75,0.0,4.1666666666666,8.6666666666667,-1.8923076923077,8.6458333333334,6704.0,58.885,58.3958333333333,67.1933333333333,18.7808333333333,15.29375,2.31458333333333,Wednesday
233,296.0,2020-10-22,-1.7625,1.125,-4.6125,-4.0,0.0,0.0,-18.3333333333333,-13.8,0.0,1.7625,15.6666666666667,0.1666666666667,-2.13307692307693,5.6741666666667,716.0,19.1916666666667,18.4516666666667,18.2966666666667,6.89458333333333,3.88666666666667,2.49625,Thursday
234,325.0,2020-11-20,3.72857142857143,5.76071428571429,1.6642857142857,0.0,0.0,0.0,3.8,2.4,0.0,-3.7285714285714,6.0,2.1666666666667,2.19461538461539,0.14875,-6708.0,2.83916666666667,3.17708333333333,2.68916666666667,2.46083333333333,2.46083333333333,1.65916666666667,Friday
235,312.0,2020-11-07,0.992857142857101,1.66428571428571,0.3410714285714,0.0,0.0,0.0,1.5,-2.8333333333333,0.0,-0.99285714285714,-1.6666666666667,0.1666666666667,0.32692307692307,-1.00375,-10193.0,4.89583333333333,5.3075,4.61041666666667,3.54291666666667,0.607916666666667,0.607916666666667,Saturday
236,320.0,2020-11-15,3.3125,1.975,4.6625,5.96666666666666,0.0,0.0,11.2666666666667,51.8,0.0,-3.3125,15.6666666666667,18.0,-8.21923076923079,-8.21083333333333,-375.0,2.3325,2.3075,2.29333333333333,7.12791666666667,3.53458333333333,3.53458333333333,Sunday
237,83.0,2020-03-23,3.975,5.9125,1.95,5.5,-0.73333333333333,2.41666666666667,-0.866666666666669,-5.8,0.0,-3.975,28.0,25.0,-14.6715384615384,5.3516666666666,10797.0,18.0670833333333,17.6766666666667,17.35875,0.498333333333333,0.22875,0.228333333333333,Monday
238,259.0,2020-09-15,-0.367857142857099,-2.57321428571429,1.8464285714286,0.04,0.0,0.0,-9.9,-2.2,0.0,0.36785714285714,13.3,0.466666666666697,-4.9746153846154,1.5458333333334,-443.0,14.5591666666667,15.1595833333333,14.51375,7.04708333333333,6.7775,6.7775,Tuesday
239,260.0,2020-09-16,5.7053571428571,6.77321428571429,4.6410714285714,-0.04,0.0,0.0,-0.5,6.6,0.65,-5.05535714285714,-2.6333333333333,-0.133333333333297,-0.6523076923077,-9.13958333333337,4283.0,7.86125,8.08291666666667,7.67541666666667,7.13541666666667,6.95666666666667,6.95666666666667,Wednesday
240,345.0,2020-12-10,0.975,0.4,1.5125,-3.93333333333333,-1.4,-2.5,-1.5,-9.5,0.0,-0.974999999999998,-6.40000000000001,-1.2,1.96153846153846,3.8804166666666,-4587.0,,,,4.26291666666667,4.0775,3.41291666666667,Thursday
241,304.0,2020-10-30,-6.31428571428571,-5.11428571428572,-7.42857142857141,-0.56,0.0,0.0,6.0666666666667,-3.4666666666667,0.0,6.3142857142857,-9.5,-10.8333333333334,1.48153846153846,4.8075,3323.0,22.1683333333333,22.10375,22.4945833333333,8.4925,1.30291666666667,0.68875,Friday
242,249.0,2020-09-05,-1.4714285714286,-1.5428571428571,-1.3571428571429,0.18,0.0,0.0,-0.933333333333302,-15.6666666666667,-0.428571428571429,1.04285714285714,9.8333333333333,-2.8333333333333,-9.1092307692307,10.6004166666667,-16086.0,14.5625,14.7725,14.4758333333333,2.91458333333333,2.07208333333333,2.06958333333333,Saturday
243,243.0,2020-08-30,-2.9375,-2.425,-3.425,-1.03333333333334,0.0,0.0,-0.800000000000001,-27.4,-2.85,0.0875,-11.6666666666667,-6.5,6.5869230769231,3.3895833333333,-11767.0,11.03875,11.12375,11.475,0.672083333333333,0.50375,0.498333333333333,Sunday
244,167.0,2020-06-15,2.0571428571428,1.45714285714286,2.6285714285714,0.06,0.0,0.0,-1.75,-1.0,0.0,-2.05714285714285,-1.6666666666666,-13.1666666666667,0.4215384615385,5.545,15386.0,5.61666666666667,5.58666666666667,5.49791666666667,6.58166666666667,4.96541666666667,3.1,Monday
245,133.0,2020-05-12,-0.5375,-1.975,0.9375,-2.83333333333334,-0.933333333333333,0.0,-2.6,-1.2,0.0,0.5375,-21.3333333333334,-17.0,4.6692307692308,-0.436249999999999,823.0,10.4716666666667,10.2991666666667,9.4375,7.39666666666667,6.28416666666667,3.16958333333333,Tuesday
246,190.0,2020-07-08,0.75,1.7875,-0.262499999999996,6.18333333333334,0.0,0.0,2.6666666666667,13.3333333333333,0.75,0.0,4.1666666666666,8.6666666666667,-1.8923076923077,8.6458333333334,6704.0,58.885,58.3958333333333,67.1933333333333,18.7808333333333,15.29375,2.31458333333333,Wednesday
247,163.0,2020-06-11,-3.9428571428571,-1.4428571428571,-6.3857142857143,-16.62,0.0,0.0,4.8,-6.59999999999999,-3.94285714285714,0.0,-13.8333333333333,0.3333333333333,1.2484615384615,-6.08,-21732.0,3.95083333333333,4.45041666666667,4.47166666666667,6.81375,6.26958333333333,0.47875,Thursday
248,311.0,2020-11-06,-0.7642857142857,-3.36428571428571,1.8303571428571,0.0,0.0,0.0,1.3333333333333,2.0,0.0,0.76428571428571,-5.8333333333333,10.8333333333333,2.21846153846154,-0.50833333333333,-1837.0,8.225,8.4575,7.77458333333333,13.4575,5.24166666666667,1.37791666666667,Friday
249,95.0,2020-04-04,1.4875,3.4375,-0.449999999999999,-1.03333333333333,0.0,0.0,-19.0,-5.8,0.0,-1.4875,13.5,3.3333333333333,-0.0307692307692005,2.2,-7507.0,13.1575,13.0445833333333,13.1891666666667,2.87208333333333,1.965,1.59333333333333,Saturday
250,278.0,2020-10-04,0.614285714285721,2.9,-1.6,1.28,0.0,0.0,,,0.0,-0.614285714285721,36.8333333333333,8.6666666666667,-5.04461538461538,-1.6970833333334,917.0,10.1266666666667,10.5095833333333,10.7254166666667,0.597083333333333,0.225416666666667,0.225416666666667,Sunday
251,118.0,2020-04-27,0.328571428571429,-2.1375,2.7857142857143,-1.05,0.0,0.0,12.9,-11.9,0.0,-0.328571428571429,-0.5,-11.8333333333333,15.2676923076923,1.92166666666667,5885.0,6.21916666666667,6.80916666666667,6.41416666666667,5.11791666666667,3.91125,1.78958333333333,Monday
252,322.0,2020-11-17,-4.24285714285714,-7.15535714285714,-1.28035714285714,0.246666666666667,0.3,0.0,5.6,-2.0,0.0,4.2428571428571,-14.8333333333333,9.3333333333333,3.65538461538462,-0.28666666666666,2651.0,10.5225,10.7504166666667,11.9679166666667,15.535,9.31875,2.62041666666667,Tuesday
253,365.0,2020-12-30,3.3875,0.775,5.95,4.01666666666667,-1.2,2.0,-1.4,16.2,0.0,-3.3875,11.1666666666667,16.5,-4.64076923076923,-4.42916666666667,586.0,9.85791666666667,9.87333333333333,9.90583333333333,6.09916666666667,4.66541666666667,4.66541666666667,Wednesday
254,331.0,2020-11-26,4.525,5.0375,4.05,-6.2,0.0,-9.66666666666667,13.6666666666667,3.8333333333333,0.0,-4.525,-8.8,-0.799999999999997,-0.4223076923077,-1.0891666666667,-5150.0,13.12625,13.7545833333333,13.0445833333333,15.96125,12.6154166666667,10.1845833333333,Thursday
255,360.0,2020-12-25,-6.3125,-3.15,-9.4125,-8.7,-2.46666666666667,8.16666666666667,4.6,3.59999999999999,0.0,6.3125,0.5,-3.8333333333333,2.02692307692308,-1.7325,-3086.0,4.97875,4.5375,4.66625,3.16875,2.96416666666667,1.10875,Friday
256,354.0,2020-12-19,4.525,5.2875,3.7375,2.36666666666667,0.733333333333333,0.0,,,0.0,-4.525,41.8333333333334,18.0,-4.54923076923077,-14.4058333333334,-10944.0,22.64875,22.8608333333333,22.915,0.571666666666667,0.198333333333333,0.198333333333333,Saturday
257,222.0,2020-08-09,3.0571428571429,4.3333333333333,1.7833333333333,-0.14,0.0,0.0,4.75,5.25,3.05714285714286,0.0,19.2333333333333,0.6666666666667,-3.2915384615385,0.179166666666699,13481.0,15.7720833333333,16.1391666666667,15.6108333333333,1.50833333333333,0.679166666666667,0.668333333333333,Sunday
258,279.0,2020-10-05,2.15892857142857,0.39821428571429,3.8732142857143,-2.62333333333333,0.0,0.0,,,0.0,-2.15892857142857,-29.3333333333333,0.1666666666667,7.47384615384618,-2.78749999999997,10109.0,9.74791666666667,9.845,9.98666666666667,0.235833333333333,0.235833333333333,0.235833333333333,Monday
259,175.0,2020-06-23,-2.7660714285714,-0.755357142857097,-4.7875,4.26,0.0,0.0,9.7,14.4,-2.76607142857143,0.0,19.5,2.0,-5.9253846153847,-9.2366666666666,-8571.0,16.7291666666667,16.9633333333333,16.13625,7.39791666666667,6.7225,6.7225,Tuesday
260,190.0,2020-07-08,0.75,1.7875,-0.262499999999996,6.18333333333334,0.0,0.0,2.6666666666667,13.3333333333333,0.75,0.0,4.1666666666666,8.6666666666667,-1.8923076923077,8.6458333333334,6704.0,58.885,58.3958333333333,67.1933333333333,18.7808333333333,15.29375,2.31458333333333,Wednesday
261,261.0,2020-09-17,-3.9875,-3.175,-4.85,0.0,0.0,0.0,4.0,-5.1,-0.65,3.3375,-3.8333333333334,3.1666666666666,0.9176923076924,9.49041666666667,-1281.0,,,,3.99416666666667,3.41083333333333,3.41083333333333,Thursday
262,311.0,2020-11-06,-0.7642857142857,-3.36428571428571,1.8303571428571,0.0,0.0,0.0,1.3333333333333,2.0,0.0,0.76428571428571,-5.8333333333333,10.8333333333333,2.21846153846154,-0.50833333333333,-1837.0,8.225,8.4575,7.77458333333333,13.4575,5.24166666666667,1.37791666666667,Friday
263,25.0,2020-01-25,0.78888888888889,2.45555555555555,-0.87777777777778,-13.0857142857142,0.0,-5.6,1.46666666666667,-2.6666666666667,0.0,-0.788888888888899,35.1666666666667,5.3333333333333,-4.39153846153846,4.67458333333333,-9317.0,11.55375,11.5920833333333,9.35375,11.0054166666667,10.4425,10.33,Saturday
264,229.0,2020-08-16,-0.537500000000001,1.2,-2.3125,4.01666666666667,0.0,0.0,3.6666666666667,-1.0,-0.5375,0.0,6.0,8.1666666666667,-11.5453846153846,-8.3570833333333,-12031.0,19.1191666666667,19.0870833333333,20.1770833333333,1.81458333333333,1.12583333333333,0.55375,Sunday
265,356.0,2020-12-21,-1.4,-2.4375,-0.4,-0.733333333333333,0.0,0.0,-0.199999999999999,-3.0,0.0,1.4,5.8333333333333,-3.1666666666666,0.24538461538462,3.8945833333333,9024.0,22.1779166666667,22.0975,21.70625,1.72083333333333,1.15833333333333,0.39625,Monday
266,308.0,2020-11-03,3.0625,5.3375,0.824999999999999,0.0,0.0,-0.75,-3.0,-15.2,0.0,-3.0625,8.1666666666667,14.0,-2.49692307692308,12.1304166666667,-681.0,21.3883333333333,21.3404166666667,22.53375,5.39,4.38125,4.22125,Tuesday
267,330.0,2020-11-25,3.8375,2.79166666666667,4.83333333333333,5.04166666666667,-0.666666666666667,-2.00000000000003,-4.0,-0.8333333333333,0.0,-3.8375,16.7,3.25,-1.38153846153846,-3.9483333333333,-1718.0,14.1141666666667,13.52,14.4,16.11625,13.1629166666667,6.70416666666667,Wednesday
268,282.0,2020-10-08,-4.77321428571429,-5.36964285714286,-4.1285714285714,-1.51,0.0,0.0,-6.4,-23.0,0.0,4.77321428571429,6.8333333333333,4.8333333333333,0.105384615384599,11.1570833333333,-641.0,11.595,11.8029166666667,11.8620833333333,1.27166666666667,0.469583333333333,0.469583333333333,Thursday
269,353.0,2020-12-18,0.524999999999999,-1.3125,2.3875,-0.116666666666667,-0.2,-0.5,,,0.0,-0.525000000000002,-21.8333333333334,-2.3333333333333,2.88230769230769,-3.7220833333333,-1543.0,46.5108333333333,47.1195833333333,46.86625,4.33666666666667,3.36833333333333,2.92791666666667,Friday
270,25.0,2020-01-25,0.78888888888889,2.45555555555555,-0.87777777777778,-13.0857142857142,0.0,-5.6,1.46666666666667,-2.6666666666667,0.0,-0.788888888888899,35.1666666666667,5.3333333333333,-4.39153846153846,4.67458333333333,-9317.0,11.55375,11.5920833333333,9.35375,11.0054166666667,10.4425,10.33,Saturday
271,201.0,2020-07-19,-0.4714285714286,1.4857142857143,-2.4285714285715,10.86,0.0,0.0,7.0,21.6,-0.471428571428571,0.0,23.6666666666666,7.0,-12.9184615384615,-0.320416666666599,-8092.0,14.6475,14.07375,13.7470833333333,9.87125,7.59625,5.48333333333333,Sunday
272,335.0,2020-11-30,-2.2625,0.275,-4.75,19.7333333333334,3.6,0.333333333333333,12.8,16.4,0.0,2.2625,20.7,13.5,-6.59230769230769,3.1175,16316.0,11.9045833333333,12.01125,12.0533333333333,16.33125,9.45166666666667,5.8175,Monday
273,259.0,2020-09-15,-0.367857142857099,-2.57321428571429,1.8464285714286,0.04,0.0,0.0,-9.9,-2.2,0.0,0.36785714285714,13.3,0.466666666666697,-4.9746153846154,1.5458333333334,-443.0,14.5591666666667,15.1595833333333,14.51375,7.04708333333333,6.7775,6.7775,Tuesday
274,260.0,2020-09-16,5.7053571428571,6.77321428571429,4.6410714285714,-0.04,0.0,0.0,-0.5,6.6,0.65,-5.05535714285714,-2.6333333333333,-0.133333333333297,-0.6523076923077,-9.13958333333337,4283.0,7.86125,8.08291666666667,7.67541666666667,7.13541666666667,6.95666666666667,6.95666666666667,Wednesday
275,240.0,2020-08-27,6.375,4.75,8.0125,-7.63666666666667,0.0,0.0,,,5.6,-0.775,1.1666666666667,-0.5,-1.6315384615385,-2.1725,19044.0,19.6320833333333,18.6425,19.215,2.01375,0.897916666666667,0.2725,Thursday
276,45.0,2020-02-14,-8.45555555555551,-8.2222222222222,-8.66666666666667,-2.14285714285714,-3.8,0.0,-8.1333333333333,-10.0,0.0,8.4555555555555,-8.1666666666666,-23.5,4.88923076923078,2.5458333333334,4932.0,20.83625,20.8470833333333,20.2291666666667,5.4275,5.1,2.50416666666667,Friday
277,144.0,2020-05-23,2.3732142857143,4.0928571428571,0.7267857142857,0.123333333333333,0.0,0.0,,,0.885714285714286,-1.4875,12.0,8.90000000000001,-1.2984615384615,17.8270833333333,-3164.0,17.5875,12.5925,11.1308333333333,20.5775,18.1433333333333,7.99333333333333,Saturday
278,229.0,2020-08-16,-0.537500000000001,1.2,-2.3125,4.01666666666667,0.0,0.0,3.6666666666667,-1.0,-0.5375,0.0,6.0,8.1666666666667,-11.5453846153846,-8.3570833333333,-12031.0,19.1191666666667,19.0870833333333,20.1770833333333,1.81458333333333,1.12583333333333,0.55375,Sunday
279,363.0,2020-12-28,0.95,1.05,0.8,0.53333333333334,0.0,-6.0,10.2,32.8,0.0,-0.949999999999999,-6.0,5.1666666666666,-1.32538461538461,-6.03583333333333,2450.0,6.17541666666667,6.435,6.75083333333333,5.89791666666667,5.51875,1.30416666666667,Monday
280,126.0,2020-05-05,-1.65714285714285,-2.52857142857143,-0.799999999999999,0.1,0.0,0.0,-15.7,-17.05,0.0,1.6571428571428,-0.1666666666666,-4.0,2.2276923076923,0.82083333333333,3523.0,5.03916666666667,5.07666666666667,4.87375,2.48166666666667,2.48166666666667,2.47041666666667,Tuesday
281,71.0,2020-03-11,-6.21111111111111,-4.45555555555555,-7.91111111111111,-3.32857142857142,0.0,0.25,-18.8,-16.4,0.0,6.2111111111111,-5.6666666666667,-8.0,3.90230769230769,10.2466666666667,6171.0,19.2883333333333,19.0933333333333,19.7475,2.15,1.92458333333333,1.42666666666667,Wednesday
282,282.0,2020-10-08,-4.77321428571429,-5.36964285714286,-4.1285714285714,-1.51,0.0,0.0,-6.4,-23.0,0.0,4.77321428571429,6.8333333333333,4.8333333333333,0.105384615384599,11.1570833333333,-641.0,11.595,11.8029166666667,11.8620833333333,1.27166666666667,0.469583333333333,0.469583333333333,Thursday
283,234.0,2020-08-21,4.4625,6.3,2.6375,0.116666666666667,0.0,0.0,3.7,-3.1,4.3375,-0.125,2.5,7.0,-2.5976923076923,7.6270833333333,12687.0,20.7175,20.0966666666667,20.2525,2.87875,2.24125,1.40875,Friday
284,130.0,2020-05-09,-0.39642857142857,-1.42678571428571,0.66785714285714,0.22,0.2,0.0,-2.4,14.2,0.0,0.396428571428601,10.5,8.1666666666667,0.510769230769199,-0.4875,-4120.0,7.72625,7.05875,6.99416666666667,1.67333333333333,1.67333333333333,1.44916666666667,Saturday
285,320.0,2020-11-15,3.3125,1.975,4.6625,5.96666666666666,0.0,0.0,11.2666666666667,51.8,0.0,-3.3125,15.6666666666667,18.0,-8.21923076923079,-8.21083333333333,-375.0,2.3325,2.3075,2.29333333333333,7.12791666666667,3.53458333333333,3.53458333333333,Sunday
286,286.0,2020-10-12,3.3375,2.4375,4.2625,1.96666666666667,0.0,0.0,3.4,3.4666666666667,0.0,-3.3375,10.8333333333333,11.0,-5.55307692307695,-3.13458333333333,-14.0,3.43625,3.59416666666667,2.96083333333333,1.01666666666667,0.269583333333333,0.269583333333333,Monday
287,224.0,2020-08-11,-3.3595238095238,-4.2809523809524,-2.4595238095238,0.0,0.0,0.0,6.0,6.2,-3.35952380952381,0.0,-9.2666666666667,-4.06666666666671,-5.6392307692308,1.9695833333333,-9073.0,29.0645833333333,28.615,28.6116666666667,7.20666666666667,7.06875,3.16875,Tuesday
288,330.0,2020-11-25,3.8375,2.79166666666667,4.83333333333333,5.04166666666667,-0.666666666666667,-2.00000000000003,-4.0,-0.8333333333333,0.0,-3.8375,16.7,3.25,-1.38153846153846,-3.9483333333333,-1718.0,14.1141666666667,13.52,14.4,16.11625,13.1629166666667,6.70416666666667,Wednesday
289,198.0,2020-07-16,0.433928571428599,3.4803571428571,-2.6071428571429,3.72,0.0,0.0,7.0,-4.4,0.43392857142857,0.0,19.6666666666667,10.1666666666667,-18.3453846153846,-0.0608333333334006,-4965.0,14.2758333333333,14.725,14.9833333333333,3.10791666666667,2.32083333333333,0.585,Thursday
290,304.0,2020-10-30,-6.31428571428571,-5.11428571428572,-7.42857142857141,-0.56,0.0,0.0,6.0666666666667,-3.4666666666667,0.0,6.3142857142857,-9.5,-10.8333333333334,1.48153846153846,4.8075,3323.0,22.1683333333333,22.10375,22.4945833333333,8.4925,1.30291666666667,0.68875,Friday
291,270.0,2020-09-26,0.137499999999999,-0.7125,1.0125,-0.333333333333333,0.0,0.0,,,0.1125,-0.025,-0.1666666666667,0.3333333333333,-0.470000000000001,-6.61,-10686.0,12.8820833333333,13.2579166666667,13.2020833333333,4.66833333333333,2.89625,0.785833333333333,Saturday
292,110.0,2020-04-19,2.41428571428571,2.44285714285715,2.4,0.12,0.0,0.0,13.4,7.0,0.0,-2.4142857142857,16.0,-4.3333333333333,-11.9515384615384,-2.64416666666667,-1976.0,2.92833333333333,2.99083333333333,3.23625,1.40583333333333,0.760833333333333,0.760833333333333,Sunday
293,314.0,2020-11-09,0.571428571428601,2.22857142857143,-1.0285714285714,0.0,0.0,0.0,,,0.0,-0.571428571428569,1.1666666666667,-1.6666666666666,-1.23000000000002,-1.13541666666667,12956.0,9.13375,9.37916666666667,9.56541666666667,10.3145833333333,3.25458333333333,3.25458333333333,Monday
294,140.0,2020-05-19,1.875,0.675000000000001,3.05,-9.03333333333333,0.0,0.0,-1.8,-4.40000000000001,0.0,-1.875,-4.5,-41.5,9.64615384615384,-0.0654166666666667,9225.0,0.1975,0.19875,0.05625,6.85083333333333,6.83083333333333,6.81208333333333,Tuesday
295,190.0,2020-07-08,0.75,1.7875,-0.262499999999996,6.18333333333334,0.0,0.0,2.6666666666667,13.3333333333333,0.75,0.0,4.1666666666666,8.6666666666667,-1.8923076923077,8.6458333333334,6704.0,58.885,58.3958333333333,67.1933333333333,18.7808333333333,15.29375,2.31458333333333,Wednesday
296,324.0,2020-11-19,9.37142857142857,7.04285714285714,11.6142857142857,0.0,0.0,0.0,,,0.0,-9.3714285714286,-23.8333333333333,-1.8333333333333,-0.47461538461539,-52.9016666666667,-8252.0,3.99375,3.81541666666667,3.61458333333333,3.00166666666667,3.00166666666667,3.00166666666667,Thursday
297,234.0,2020-08-21,4.4625,6.3,2.6375,0.116666666666667,0.0,0.0,3.7,-3.1,4.3375,-0.125,2.5,7.0,-2.5976923076923,7.6270833333333,12687.0,20.7175,20.0966666666667,20.2525,2.87875,2.24125,1.40875,Friday
298,319.0,2020-11-14,-1.1375,-1.05,-1.2125,1.41666666666667,0.0,0.0,-17.6666666666667,-2.4,0.0,1.1375,-14.1666666666667,-13.5,4.80076923076925,-20.49625,-9688.0,13.695,13.4020833333333,12.5041666666667,4.8625,2.96458333333333,1.43,Saturday
299,362.0,2020-12-27,3.425,1.5,5.3375,2.28333333333333,-0.666666666666666,-0.5,-9.2,-18.2,0.0,-3.425,-7.3333333333333,-2.8333333333333,0.0323076923076902,-0.608333333333301,214.0,12.4766666666667,11.9408333333333,11.8854166666667,4.3175,3.9325,1.01541666666667,Sunday
300,363.0,2020-12-28,0.95,1.05,0.8,0.53333333333334,0.0,-6.0,10.2,32.8,0.0,-0.949999999999999,-6.0,5.1666666666666,-1.32538461538461,-6.03583333333333,2450.0,6.17541666666667,6.435,6.75083333333333,5.89791666666667,5.51875,1.30416666666667,Monday
301,266.0,2020-09-22,1.5428571428572,1.17142857142858,1.9285714285715,-0.14,0.0,0.0,,,0.0,-1.54285714285714,0.6666666666667,5.3333333333333,-3.48,0.8470833333333,2071.0,13.4358333333333,13.24125,13.2554166666667,2.55625,1.64875,0.395416666666667,Tuesday
302,323.0,2020-11-18,-0.757142857142857,-0.98571428571429,-0.48571428571429,-0.28,-0.3,-0.333333333333333,,,0.0,0.757142857142899,21.8333333333333,-1.5,-0.88076923076923,47.4495833333333,4854.0,17.71875,17.6729166666667,18.4475,51.1504166666667,45.1858333333333,32.9283333333333,Wednesday
303,198.0,2020-07-16,0.433928571428599,3.4803571428571,-2.6071428571429,3.72,0.0,0.0,7.0,-4.4,0.43392857142857,0.0,19.6666666666667,10.1666666666667,-18.3453846153846,-0.0608333333334006,-4965.0,14.2758333333333,14.725,14.9833333333333,3.10791666666667,2.32083333333333,0.585,Thursday
304,360.0,2020-12-25,-6.3125,-3.15,-9.4125,-8.7,-2.46666666666667,8.16666666666667,4.6,3.59999999999999,0.0,6.3125,0.5,-3.8333333333333,2.02692307692308,-1.7325,-3086.0,4.97875,4.5375,4.66625,3.16875,2.96416666666667,1.10875,Friday
305,25.0,2020-01-25,0.78888888888889,2.45555555555555,-0.87777777777778,-13.0857142857142,0.0,-5.6,1.46666666666667,-2.6666666666667,0.0,-0.788888888888899,35.1666666666667,5.3333333333333,-4.39153846153846,4.67458333333333,-9317.0,11.55375,11.5920833333333,9.35375,11.0054166666667,10.4425,10.33,Saturday
306,110.0,2020-04-19,2.41428571428571,2.44285714285715,2.4,0.12,0.0,0.0,13.4,7.0,0.0,-2.4142857142857,16.0,-4.3333333333333,-11.9515384615384,-2.64416666666667,-1976.0,2.92833333333333,2.99083333333333,3.23625,1.40583333333333,0.760833333333333,0.760833333333333,Sunday
307,279.0,2020-10-05,2.15892857142857,0.39821428571429,3.8732142857143,-2.62333333333333,0.0,0.0,,,0.0,-2.15892857142857,-29.3333333333333,0.1666666666667,7.47384615384618,-2.78749999999997,10109.0,9.74791666666667,9.845,9.98666666666667,0.235833333333333,0.235833333333333,0.235833333333333,Monday
308,126.0,2020-05-05,-1.65714285714285,-2.52857142857143,-0.799999999999999,0.1,0.0,0.0,-15.7,-17.05,0.0,1.6571428571428,-0.1666666666666,-4.0,2.2276923076923,0.82083333333333,3523.0,5.03916666666667,5.07666666666667,4.87375,2.48166666666667,2.48166666666667,2.47041666666667,Tuesday
309,134.0,2020-05-13,2.25535714285714,0.44285714285714,4.05,0.016666666666667,0.0,0.0,-10.5,-8.0,0.0,-2.2553571428571,-4.5,1.5,11.1076923076923,1.1208333333333,-4140.0,,,,3.93083333333333,3.87375,3.14166666666667,Wednesday
310,359.0,2020-12-24,-0.0750000000000002,-1.7375,1.6125,9.71666666666667,7.66666666666667,0.333333333333333,8.65,12.95,0.0,0.0749999999999993,13.8333333333333,15.1666666666666,-3.03615384615384,2.14916666666666,-9162.0,4.92083333333333,5.03291666666667,6.37041666666667,5.5225,5.47875,2.45791666666667,Thursday
311,213.0,2020-07-31,1.0,1.6857142857142,0.314285714285703,0.02,0.0,0.0,17.5,-5.0,1.0,0.0,3.0,3.8333333333333,1.473076923077,-1.2116666666666,1799.0,17.26375,17.3325,17.5879166666667,1.19166666666667,0.296666666666667,0.285416666666667,Friday
312,361.0,2020-12-26,-1.2125,-0.712499999999999,-1.7125,-2.9,-4.46666666666667,3.0,-3.8,-0.799999999999997,0.0,1.2125,1.1666666666667,-2.0,0.27846153846154,4.03749999999997,2268.0,7.45208333333333,6.97875,7.17791666666667,5.27583333333333,5.06583333333333,1.59958333333333,Saturday
313,33.0,2020-02-02,1.65555555555555,1.67777777777777,1.58888888888889,3.3,0.45,2.6,0.5,1.0,0.0,-1.6555555555555,14.1666666666667,1.8333333333333,-1.68923076923077,-3.8433333333334,-3183.0,12.6016666666667,12.8441666666667,14.1,6.70541666666667,5.62458333333333,4.76208333333333,Sunday
314,97.0,2020-04-06,-0.0749999999999993,-3.275,3.1125,0.25,0.0,0.0,-11.1,6.0,0.0,0.0749999999999993,-22.0,-6.0,4.7530769230769,3.30208333333333,9427.0,8.81333333333333,9.3925,9.40208333333333,4.93125,2.12333333333333,1.48125,Monday
315,329.0,2020-11-24,-0.95,-0.67916666666667,-1.22083333333333,0.425,0.666666666666667,0.4166666666667,-18.6666666666667,-7.3333333333334,0.0,0.950000000000003,-10.0,2.5833333333333,0.16153846153846,3.24625,2212.0,18.28375,18.22125,20.2666666666667,9.33708333333333,4.045,0.32875,Tuesday
316,288.0,2020-10-14,-1.8375,-2.4,-1.3,-3.38333333333333,0.0,0.0,-7.7,-5.4,0.0,1.8375,-1.0,-7.6666666666667,-2.2592307692308,3.56000000000003,1807.0,11.96625,11.5020833333333,9.19541666666667,8.3875,7.08625,7.05125,Wednesday
317,198.0,2020-07-16,0.433928571428599,3.4803571428571,-2.6071428571429,3.72,0.0,0.0,7.0,-4.4,0.43392857142857,0.0,19.6666666666667,10.1666666666667,-18.3453846153846,-0.0608333333334006,-4965.0,14.2758333333333,14.725,14.9833333333333,3.10791666666667,2.32083333333333,0.585,Thursday
318,311.0,2020-11-06,-0.7642857142857,-3.36428571428571,1.8303571428571,0.0,0.0,0.0,1.3333333333333,2.0,0.0,0.76428571428571,-5.8333333333333,10.8333333333333,2.21846153846154,-0.50833333333333,-1837.0,8.225,8.4575,7.77458333333333,13.4575,5.24166666666667,1.37791666666667,Friday
319,130.0,2020-05-09,-0.39642857142857,-1.42678571428571,0.66785714285714,0.22,0.2,0.0,-2.4,14.2,0.0,0.396428571428601,10.5,8.1666666666667,0.510769230769199,-0.4875,-4120.0,7.72625,7.05875,6.99416666666667,1.67333333333333,1.67333333333333,1.44916666666667,Saturday
320,222.0,2020-08-09,3.0571428571429,4.3333333333333,1.7833333333333,-0.14,0.0,0.0,4.75,5.25,3.05714285714286,0.0,19.2333333333333,0.6666666666667,-3.2915384615385,0.179166666666699,13481.0,15.7720833333333,16.1391666666667,15.6108333333333,1.50833333333333,0.679166666666667,0.668333333333333,Sunday
321,118.0,2020-04-27,0.328571428571429,-2.1375,2.7857142857143,-1.05,0.0,0.0,12.9,-11.9,0.0,-0.328571428571429,-0.5,-11.8333333333333,15.2676923076923,1.92166666666667,5885.0,6.21916666666667,6.80916666666667,6.41416666666667,5.11791666666667,3.91125,1.78958333333333,Monday
322,252.0,2020-09-08,-4.1714285714286,-0.857142857142799,-7.5,-5.26,0.0,0.0,-0.199999999999999,-22.6,-1.58571428571429,2.58571428571429,3.0,-7.0,-0.98692307692307,6.1225,8312.0,18.2675,17.9295833333333,18.8870833333333,2.94958333333333,2.05291666666667,0.5,Tuesday
323,330.0,2020-11-25,3.8375,2.79166666666667,4.83333333333333,5.04166666666667,-0.666666666666667,-2.00000000000003,-4.0,-0.8333333333333,0.0,-3.8375,16.7,3.25,-1.38153846153846,-3.9483333333333,-1718.0,14.1141666666667,13.52,14.4,16.11625,13.1629166666667,6.70416666666667,Wednesday
324,198.0,2020-07-16,0.433928571428599,3.4803571428571,-2.6071428571429,3.72,0.0,0.0,7.0,-4.4,0.43392857142857,0.0,19.6666666666667,10.1666666666667,-18.3453846153846,-0.0608333333334006,-4965.0,14.2758333333333,14.725,14.9833333333333,3.10791666666667,2.32083333333333,0.585,Thursday
325,185.0,2020-07-03,-1.3428571428571,-0.4428571428572,-2.3,0.0,0.0,0.0,1.4,-3.2,-1.3428571428571,0.0,13.8333333333333,6.3333333333334,-0.104615384615403,1.5733333333334,-1179.0,19.3166666666667,19.1979166666667,17.3320833333333,6.21958333333333,5.11083333333333,2.59791666666667,Friday
326,130.0,2020-05-09,-0.39642857142857,-1.42678571428571,0.66785714285714,0.22,0.2,0.0,-2.4,14.2,0.0,0.396428571428601,10.5,8.1666666666667,0.510769230769199,-0.4875,-4120.0,7.72625,7.05875,6.99416666666667,1.67333333333333,1.67333333333333,1.44916666666667,Saturday
327,320.0,2020-11-15,3.3125,1.975,4.6625,5.96666666666666,0.0,0.0,11.2666666666667,51.8,0.0,-3.3125,15.6666666666667,18.0,-8.21923076923079,-8.21083333333333,-375.0,2.3325,2.3075,2.29333333333333,7.12791666666667,3.53458333333333,3.53458333333333,Sunday
328,216.0,2020-08-03,-1.9392857142857,-1.5714285714286,-2.3107142857143,-12.1066666666667,0.0,0.0,0.199999999999999,-16.8,-1.93928571428571,0.0,-3.3333333333333,-0.6666666666667,4.6530769230769,-0.0212500000000002,-8383.0,15.855,15.9708333333333,15.7683333333333,5.73083333333333,0.354166666666667,0.354166666666667,Monday
329,266.0,2020-09-22,1.5428571428572,1.17142857142858,1.9285714285715,-0.14,0.0,0.0,,,0.0,-1.54285714285714,0.6666666666667,5.3333333333333,-3.48,0.8470833333333,2071.0,13.4358333333333,13.24125,13.2554166666667,2.55625,1.64875,0.395416666666667,Tuesday
330,295.0,2020-10-21,2.89285714285714,0.51964285714286,5.3142857142857,3.32666666666667,0.0,0.0,19.6666666666667,13.8,0.0,-2.89285714285714,-2.0,3.0,-3.33153846153846,-3.35625,-70.0,9.69375,9.385,7.0425,4.93416666666667,3.53625,2.58875,Wednesday
331,163.0,2020-06-11,-3.9428571428571,-1.4428571428571,-6.3857142857143,-16.62,0.0,0.0,4.8,-6.59999999999999,-3.94285714285714,0.0,-13.8333333333333,0.3333333333333,1.2484615384615,-6.08,-21732.0,3.95083333333333,4.45041666666667,4.47166666666667,6.81375,6.26958333333333,0.47875,Thursday
332,192.0,2020-07-10,-1.0285714285714,-0.100000000000001,-1.9571428571429,7.72,0.0,0.0,8.5,16.4,-1.02857142857141,0.0,8.6666666666666,8.5,-1.27,-23.9120833333333,-925.0,37.9425,36.0045833333333,46.3791666666667,9.44791666666667,8.92083333333333,0.305833333333333,Friday
333,25.0,2020-01-25,0.78888888888889,2.45555555555555,-0.87777777777778,-13.0857142857142,0.0,-5.6,1.46666666666667,-2.6666666666667,0.0,-0.788888888888899,35.1666666666667,5.3333333333333,-4.39153846153846,4.67458333333333,-9317.0,11.55375,11.5920833333333,9.35375,11.0054166666667,10.4425,10.33,Saturday
334,362.0,2020-12-27,3.425,1.5,5.3375,2.28333333333333,-0.666666666666666,-0.5,-9.2,-18.2,0.0,-3.425,-7.3333333333333,-2.8333333333333,0.0323076923076902,-0.608333333333301,214.0,12.4766666666667,11.9408333333333,11.8854166666667,4.3175,3.9325,1.01541666666667,Sunday
335,216.0,2020-08-03,-1.9392857142857,-1.5714285714286,-2.3107142857143,-12.1066666666667,0.0,0.0,0.199999999999999,-16.8,-1.93928571428571,0.0,-3.3333333333333,-0.6666666666667,4.6530769230769,-0.0212500000000002,-8383.0,15.855,15.9708333333333,15.7683333333333,5.73083333333333,0.354166666666667,0.354166666666667,Monday
336,301.0,2020-10-27,-0.98392857142857,-0.10535714285714,-1.83928571428571,4.94333333333333,0.0,0.0,,,0.0,0.983928571428601,16.6666666666667,5.0,0.19,1.095,1642.0,24.82875,23.48625,23.2275,11.4870833333333,11.0629166666667,2.68541666666667,Tuesday
337,71.0,2020-03-11,-6.21111111111111,-4.45555555555555,-7.91111111111111,-3.32857142857142,0.0,0.25,-18.8,-16.4,0.0,6.2111111111111,-5.6666666666667,-8.0,3.90230769230769,10.2466666666667,6171.0,19.2883333333333,19.0933333333333,19.7475,2.15,1.92458333333333,1.42666666666667,Wednesday
338,198.0,2020-07-16,0.433928571428599,3.4803571428571,-2.6071428571429,3.72,0.0,0.0,7.0,-4.4,0.43392857142857,0.0,19.6666666666667,10.1666666666667,-18.3453846153846,-0.0608333333334006,-4965.0,14.2758333333333,14.725,14.9833333333333,3.10791666666667,2.32083333333333,0.585,Thursday
339,248.0,2020-09-04,-2.8035714285714,-0.9375,-4.7017857142857,-1.66,0.0,0.0,4.6,-0.200000000000003,-2.34642857142857,0.457142857142857,-11.0,-3.0,1.1638461538461,-3.71291666666667,-15034.0,15.0029166666667,15.695,15.055,3.985,3.20291666666667,1.86208333333333,Friday
340,144.0,2020-05-23,2.3732142857143,4.0928571428571,0.7267857142857,0.123333333333333,0.0,0.0,,,0.885714285714286,-1.4875,12.0,8.90000000000001,-1.2984615384615,17.8270833333333,-3164.0,17.5875,12.5925,11.1308333333333,20.5775,18.1433333333333,7.99333333333333,Saturday
341,110.0,2020-04-19,2.41428571428571,2.44285714285715,2.4,0.12,0.0,0.0,13.4,7.0,0.0,-2.4142857142857,16.0,-4.3333333333333,-11.9515384615384,-2.64416666666667,-1976.0,2.92833333333333,2.99083333333333,3.23625,1.40583333333333,0.760833333333333,0.760833333333333,Sunday
342,286.0,2020-10-12,3.3375,2.4375,4.2625,1.96666666666667,0.0,0.0,3.4,3.4666666666667,0.0,-3.3375,10.8333333333333,11.0,-5.55307692307695,-3.13458333333333,-14.0,3.43625,3.59416666666667,2.96083333333333,1.01666666666667,0.269583333333333,0.269583333333333,Monday
343,238.0,2020-08-25,-3.8625,-2.7,-5.0125,-2.7,0.0,0.0,4.8666666666667,1.1333333333333,-3.8625,0.0,0.1666666666667,-0.8333333333333,1.0592307692308,-2.245,-11137.0,24.31,24.34125,24.94625,1.2525,0.522916666666667,0.24125,Tuesday
344,169.0,2020-06-17,2.7857142857143,2.17142857142857,3.4428571428571,-0.1,0.0,0.0,,,1.5,-1.28571428571429,2.8333333333334,0.0,0.543076923076903,3.73,9528.0,,,,2.65833333333333,1.83875,0.415833333333333,Wednesday
345,296.0,2020-10-22,-1.7625,1.125,-4.6125,-4.0,0.0,0.0,-18.3333333333333,-13.8,0.0,1.7625,15.6666666666667,0.1666666666667,-2.13307692307693,5.6741666666667,716.0,19.1916666666667,18.4516666666667,18.2966666666667,6.89458333333333,3.88666666666667,2.49625,Thursday
346,311.0,2020-11-06,-0.7642857142857,-3.36428571428571,1.8303571428571,0.0,0.0,0.0,1.3333333333333,2.0,0.0,0.76428571428571,-5.8333333333333,10.8333333333333,2.21846153846154,-0.50833333333333,-1837.0,8.225,8.4575,7.77458333333333,13.4575,5.24166666666667,1.37791666666667,Friday
347,249.0,2020-09-05,-1.4714285714286,-1.5428571428571,-1.3571428571429,0.18,0.0,0.0,-0.933333333333302,-15.6666666666667,-0.428571428571429,1.04285714285714,9.8333333333333,-2.8333333333333,-9.1092307692307,10.6004166666667,-16086.0,14.5625,14.7725,14.4758333333333,2.91458333333333,2.07208333333333,2.06958333333333,Saturday
348,348.0,2020-12-13,-3.575,-3.525,-3.5875,-8.48333333333333,0.0,0.0,8.8,-2.0,0.0,3.575,-12.6666666666667,-16.3333333333334,1.67461538461539,12.0216666666667,-1193.0,18.2825,18.1316666666667,18.1404166666667,3.28,1.24916666666667,1.24125,Sunday
349,363.0,2020-12-28,0.95,1.05,0.8,0.53333333333334,0.0,-6.0,10.2,32.8,0.0,-0.949999999999999,-6.0,5.1666666666666,-1.32538461538461,-6.03583333333333,2450.0,6.17541666666667,6.435,6.75083333333333,5.89791666666667,5.51875,1.30416666666667,Monday
350,259.0,2020-09-15,-0.367857142857099,-2.57321428571429,1.8464285714286,0.04,0.0,0.0,-9.9,-2.2,0.0,0.36785714285714,13.3,0.466666666666697,-4.9746153846154,1.5458333333334,-443.0,14.5591666666667,15.1595833333333,14.51375,7.04708333333333,6.7775,6.7775,Tuesday
351,183.0,2020-07-01,0.737500000000001,-0.9375,2.45,0.0,0.0,0.0,17.5,-0.6666666666667,0.7375,0.0,-13.3333333333334,3.8333333333333,1.6,0.3783333333334,-6973.0,15.14875,14.5554166666667,14.9783333333333,15.67125,7.86916666666667,1.05625,Wednesday
352,198.0,2020-07-16,0.433928571428599,3.4803571428571,-2.6071428571429,3.72,0.0,0.0,7.0,-4.4,0.43392857142857,0.0,19.6666666666667,10.1666666666667,-18.3453846153846,-0.0608333333334006,-4965.0,14.2758333333333,14.725,14.9833333333333,3.10791666666667,2.32083333333333,0.585,Thursday
353,360.0,2020-12-25,-6.3125,-3.15,-9.4125,-8.7,-2.46666666666667,8.16666666666667,4.6,3.59999999999999,0.0,6.3125,0.5,-3.8333333333333,2.02692307692308,-1.7325,-3086.0,4.97875,4.5375,4.66625,3.16875,2.96416666666667,1.10875,Friday
354,25.0,2020-01-25,0.78888888888889,2.45555555555555,-0.87777777777778,-13.0857142857142,0.0,-5.6,1.46666666666667,-2.6666666666667,0.0,-0.788888888888899,35.1666666666667,5.3333333333333,-4.39153846153846,4.67458333333333,-9317.0,11.55375,11.5920833333333,9.35375,11.0054166666667,10.4425,10.33,Saturday
355,362.0,2020-12-27,3.425,1.5,5.3375,2.28333333333333,-0.666666666666666,-0.5,-9.2,-18.2,0.0,-3.425,-7.3333333333333,-2.8333333333333,0.0323076923076902,-0.608333333333301,214.0,12.4766666666667,11.9408333333333,11.8854166666667,4.3175,3.9325,1.01541666666667,Sunday
356,83.0,2020-03-23,3.975,5.9125,1.95,5.5,-0.73333333333333,2.41666666666667,-0.866666666666669,-5.8,0.0,-3.975,28.0,25.0,-14.6715384615384,5.3516666666666,10797.0,18.0670833333333,17.6766666666667,17.35875,0.498333333333333,0.22875,0.228333333333333,Monday
357,259.0,2020-09-15,-0.367857142857099,-2.57321428571429,1.8464285714286,0.04,0.0,0.0,-9.9,-2.2,0.0,0.36785714285714,13.3,0.466666666666697,-4.9746153846154,1.5458333333334,-443.0,14.5591666666667,15.1595833333333,14.51375,7.04708333333333,6.7775,6.7775,Tuesday
358,169.0,2020-06-17,2.7857142857143,2.17142857142857,3.4428571428571,-0.1,0.0,0.0,,,1.5,-1.28571428571429,2.8333333333334,0.0,0.543076923076903,3.73,9528.0,,,,2.65833333333333,1.83875,0.415833333333333,Wednesday
359,149.0,2020-05-28,-2.5428571428572,-0.199999999999999,-4.9285714285714,6.12,0.0,0.0,,,-2.54285714285715,0.0,25.0,8.1666666666666,-11.94,-5.54833333333337,-17088.0,12.5295833333333,13.2916666666667,13.2395833333333,10.6491666666667,5.20625,1.44708333333333,Thursday
360,360.0,2020-12-25,-6.3125,-3.15,-9.4125,-8.7,-2.46666666666667,8.16666666666667,4.6,3.59999999999999,0.0,6.3125,0.5,-3.8333333333333,2.02692307692308,-1.7325,-3086.0,4.97875,4.5375,4.66625,3.16875,2.96416666666667,1.10875,Friday
361,130.0,2020-05-09,-0.39642857142857,-1.42678571428571,0.66785714285714,0.22,0.2,0.0,-2.4,14.2,0.0,0.396428571428601,10.5,8.1666666666667,0.510769230769199,-0.4875,-4120.0,7.72625,7.05875,6.99416666666667,1.67333333333333,1.67333333333333,1.44916666666667,Saturday
362,320.0,2020-11-15,3.3125,1.975,4.6625,5.96666666666666,0.0,0.0,11.2666666666667,51.8,0.0,-3.3125,15.6666666666667,18.0,-8.21923076923079,-8.21083333333333,-375.0,2.3325,2.3075,2.29333333333333,7.12791666666667,3.53458333333333,3.53458333333333,Sunday
363,279.0,2020-10-05,2.15892857142857,0.39821428571429,3.8732142857143,-2.62333333333333,0.0,0.0,,,0.0,-2.15892857142857,-29.3333333333333,0.1666666666667,7.47384615384618,-2.78749999999997,10109.0,9.74791666666667,9.845,9.98666666666667,0.235833333333333,0.235833333333333,0.235833333333333,Monday
364,77.0,2020-03-17,4.2625,3.7375,4.675,-0.65,-0.466666666666667,0.166666666666667,16.4,11.2,0.0,-4.2625,0.8333333333333,0.0,-7.77692307692312,-2.02625,243.0,18.1954166666667,18.0054166666667,17.4745833333333,3.60458333333333,3.07833333333333,2.07125,Tuesday
365,169.0,2020-06-17,2.7857142857143,2.17142857142857,3.4428571428571,-0.1,0.0,0.0,,,1.5,-1.28571428571429,2.8333333333334,0.0,0.543076923076903,3.73,9528.0,,,,2.65833333333333,1.83875,0.415833333333333,Wednesday
366,366.0,2020-12-31,-0.65,1.925,-3.2125,-4.91666666666667,-0.533333333333333,-3.33333333333334,1.6,-0.399999999999999,0.0,0.649999999999999,-4.0,-14.8333333333334,2.38153846153846,12.5183333333334,-5902.0,17.07375,16.4179166666667,16.3020833333333,6.97916666666667,6.1875,1.8375,Thursday
