datetime,forecast_mw
2026-02-15 00:00:00,16155.0
2026-02-15 01:00:00,15828.0
2026-02-15 02:00:00,15675.0
2026-02-15 03:00:00,15627.0
2026-02-15 04:00:00,15633.0
2026-02-15 05:00:00,15778.0
2026-02-15 06:00:00,16084.0
2026-02-15 07:00:00,16557.0
2026-02-15 08:00:00,16932.0
2026-02-15 09:00:00,17192.0
2026-02-15 10:00:00,17279.0
2026-02-15 11:00:00,17053.0
2026-02-15 12:00:00,16855.0
2026-02-15 13:00:00,16749.0
2026-02-15 14:00:00,16739.0
2026-02-15 15:00:00,17493.0
2026-02-15 16:00:00,18308.0
2026-02-15 17:00:00,18752.0
2026-02-15 18:00:00,19174.0
2026-02-15 19:00:00,18940.0
2026-02-15 20:00:00,18467.0
2026-02-15 21:00:00,17942.0
2026-02-15 22:00:00,17317.0
2026-02-15 23:00:00,16663.0
2026-02-16 00:00:00,16203.0
2026-02-16 01:00:00,15802.0
2026-02-16 02:00:00,15591.0
2026-02-16 03:00:00,15558.0
2026-02-16 04:00:00,15636.0
2026-02-16 05:00:00,15843.0
2026-02-16 06:00:00,16265.0
2026-02-16 07:00:00,16775.0
2026-02-16 08:00:00,17433.0
2026-02-16 09:00:00,17486.0
2026-02-16 10:00:00,17253.0
2026-02-16 11:00:00,17052.0
2026-02-16 12:00:00,16993.0
2026-02-16 13:00:00,16893.0
2026-02-16 14:00:00,16887.0
2026-02-16 15:00:00,17558.0
2026-02-16 16:00:00,18313.0
2026-02-16 17:00:00,18722.0
2026-02-16 18:00:00,19066.0
2026-02-16 19:00:00,18741.0
2026-02-16 20:00:00,18272.0
2026-02-16 21:00:00,17650.0
2026-02-16 22:00:00,16897.0
2026-02-16 23:00:00,16201.0
2026-02-17 00:00:00,15698.0
2026-02-17 01:00:00,15441.0
2026-02-17 02:00:00,15201.0
2026-02-17 03:00:00,15140.0
2026-02-17 04:00:00,15335.0
2026-02-17 05:00:00,16498.0
2026-02-17 06:00:00,17704.0
2026-02-17 07:00:00,18325.0
2026-02-17 08:00:00,18674.0
2026-02-17 09:00:00,18327.0
2026-02-17 10:00:00,18169.0
2026-02-17 11:00:00,17926.0
2026-02-17 12:00:00,17616.0
2026-02-17 13:00:00,17438.0
2026-02-17 14:00:00,17217.0
2026-02-17 15:00:00,17654.0
2026-02-17 16:00:00,18429.0
2026-02-17 17:00:00,18884.0
2026-02-17 18:00:00,19372.0
2026-02-17 19:00:00,19263.0
2026-02-17 20:00:00,18903.0
2026-02-17 21:00:00,18360.0
2026-02-17 22:00:00,17329.0
2026-02-17 23:00:00,16626.0
2026-02-18 00:00:00,16132.0
2026-02-18 01:00:00,15767.0
2026-02-18 02:00:00,15624.0
2026-02-18 03:00:00,15603.0
2026-02-18 04:00:00,16063.0
2026-02-18 05:00:00,16994.0
2026-02-18 06:00:00,18244.0
2026-02-18 07:00:00,18821.0
2026-02-18 08:00:00,19178.0
2026-02-18 09:00:00,18999.0
2026-02-18 10:00:00,18995.0
2026-02-18 11:00:00,19190.0
2026-02-18 12:00:00,19419.0
2026-02-18 13:00:00,19624.0
2026-02-18 14:00:00,19898.0
2026-02-18 15:00:00,19956.0
2026-02-18 16:00:00,20066.0
2026-02-18 17:00:00,20214.0
2026-02-18 18:00:00,20657.0
2026-02-18 19:00:00,20562.0
2026-02-18 20:00:00,19954.0
2026-02-18 21:00:00,19366.0
2026-02-18 22:00:00,18419.0
2026-02-18 23:00:00,17580.0
2026-02-19 00:00:00,17012.0
2026-02-19 01:00:00,16615.0
2026-02-19 02:00:00,16465.0
2026-02-19 03:00:00,16290.0
2026-02-19 04:00:00,16378.0
2026-02-19 05:00:00,17429.0
2026-02-19 06:00:00,18566.0
2026-02-19 07:00:00,19133.0
2026-02-19 08:00:00,19305.0
2026-02-19 09:00:00,19204.0
2026-02-19 10:00:00,19039.0
2026-02-19 11:00:00,18951.0
2026-02-19 12:00:00,18824.0
2026-02-19 13:00:00,18687.0
2026-02-19 14:00:00,18671.0
2026-02-19 15:00:00,18841.0
2026-02-19 16:00:00,19196.0
2026-02-19 17:00:00,19753.0
2026-02-19 18:00:00,20036.0
2026-02-19 19:00:00,19785.0
2026-02-19 20:00:00,19287.0
2026-02-19 21:00:00,18779.0
2026-02-19 22:00:00,17705.0
2026-02-19 23:00:00,17001.0
2026-02-20 00:00:00,16416.0
2026-02-20 01:00:00,16024.0
2026-02-20 02:00:00,15681.0
2026-02-20 03:00:00,15779.0
2026-02-20 04:00:00,15832.0
2026-02-20 05:00:00,16881.0
2026-02-20 06:00:00,18002.0
2026-02-20 07:00:00,18496.0
2026-02-20 08:00:00,18926.0
2026-02-20 09:00:00,19087.0
2026-02-20 10:00:00,19110.0
2026-02-20 11:00:00,18963.0
2026-02-20 12:00:00,18902.0
2026-02-20 13:00:00,19068.0
2026-02-20 14:00:00,19033.0
2026-02-20 15:00:00,19027.0
2026-02-20 16:00:00,19207.0
2026-02-20 17:00:00,19637.0
2026-02-20 18:00:00,19832.0
2026-02-20 19:00:00,19698.0
2026-02-20 20:00:00,19268.0
2026-02-20 21:00:00,18311.0
2026-02-20 22:00:00,17545.0
2026-02-20 23:00:00,16727.0
2026-02-21 00:00:00,16259.0
2026-02-21 01:00:00,15722.0
2026-02-21 02:00:00,15554.0
2026-02-21 03:00:00,15351.0
2026-02-21 04:00:00,15571.0
2026-02-21 05:00:00,15809.0
2026-02-21 06:00:00,16265.0
2026-02-21 07:00:00,16794.0
2026-02-21 08:00:00,17362.0
2026-02-21 09:00:00,17730.0
2026-02-21 10:00:00,17884.0
2026-02-21 11:00:00,17977.0
2026-02-21 12:00:00,18082.0
2026-02-21 13:00:00,18276.0
2026-02-21 14:00:00,18206.0
2026-02-21 15:00:00,18149.0
2026-02-21 16:00:00,18399.0
2026-02-21 17:00:00,18928.0
2026-02-21 18:00:00,19325.0
2026-02-21 19:00:00,18941.0
2026-02-21 20:00:00,18277.0
2026-02-21 21:00:00,17676.0
2026-02-21 22:00:00,17133.0
2026-02-21 23:00:00,16584.0
2026-02-22 00:00:00,16136.0
2026-02-22 01:00:00,15806.0
2026-02-22 02:00:00,15465.0
2026-02-22 03:00:00,15497.0
2026-02-22 04:00:00,15791.0
2026-02-22 05:00:00,16003.0
2026-02-22 06:00:00,16384.0
2026-02-22 07:00:00,16931.0
2026-02-22 08:00:00,17367.0
2026-02-22 09:00:00,17963.0
2026-02-22 10:00:00,18132.0
2026-02-22 11:00:00,18190.0
2026-02-22 12:00:00,18135.0
2026-02-22 13:00:00,17437.0
2026-02-22 14:00:00,17603.0
2026-02-22 15:00:00,17931.0
2026-02-22 16:00:00,18514.0
2026-02-22 17:00:00,19010.0
2026-02-22 18:00:00,19356.0
2026-02-22 19:00:00,19090.0
2026-02-22 20:00:00,18507.0
2026-02-22 21:00:00,17984.0
2026-02-22 22:00:00,17426.0
2026-02-22 23:00:00,16876.0
2026-02-23 00:00:00,16156.0
2026-02-23 01:00:00,15965.0
2026-02-23 02:00:00,15923.0
2026-02-23 03:00:00,15919.0
2026-02-23 04:00:00,16342.0
2026-02-23 05:00:00,17290.0
2026-02-23 06:00:00,18439.0
2026-02-23 07:00:00,18958.0
2026-02-23 08:00:00,19214.0
2026-02-23 09:00:00,19145.0
2026-02-23 10:00:00,18907.0
2026-02-23 11:00:00,18753.0
2026-02-23 12:00:00,18506.0
2026-02-23 13:00:00,18041.0
2026-02-23 14:00:00,17963.0
2026-02-23 15:00:00,18874.0
2026-02-23 16:00:00,19676.0
2026-02-23 17:00:00,20059.0
2026-02-23 18:00:00,20582.0
2026-02-23 19:00:00,20528.0
2026-02-23 20:00:00,20113.0
2026-02-23 21:00:00,19563.0
2026-02-23 22:00:00,18997.0
2026-02-23 23:00:00,18222.0
2026-02-24 00:00:00,17520.0
2026-02-24 01:00:00,17279.0
2026-02-24 02:00:00,17125.0
2026-02-24 03:00:00,17098.0
2026-02-24 04:00:00,17818.0
2026-02-24 05:00:00,18662.0
2026-02-24 06:00:00,19865.0
2026-02-24 07:00:00,20388.0
2026-02-24 08:00:00,20616.0
2026-02-24 09:00:00,20104.0
2026-02-24 10:00:00,19740.0
2026-02-24 11:00:00,19182.0
2026-02-24 12:00:00,18861.0
2026-02-24 13:00:00,18472.0
2026-02-24 14:00:00,18494.0
2026-02-24 15:00:00,19200.0
2026-02-24 16:00:00,20034.0
2026-02-24 17:00:00,20415.0
2026-02-24 18:00:00,20817.0
2026-02-24 19:00:00,20836.0
2026-02-24 20:00:00,20528.0
2026-02-24 21:00:00,19781.0
2026-02-24 22:00:00,18814.0
2026-02-24 23:00:00,17910.0
2026-02-25 00:00:00,17304.0
2026-02-25 01:00:00,16860.0
2026-02-25 02:00:00,16587.0
2026-02-25 03:00:00,16958.0
2026-02-25 04:00:00,17086.0
2026-02-25 05:00:00,17897.0
2026-02-25 06:00:00,18960.0
2026-02-25 07:00:00,19513.0
2026-02-25 08:00:00,19728.0
2026-02-25 09:00:00,19596.0
2026-02-25 10:00:00,19364.0
2026-02-25 11:00:00,19181.0
2026-02-25 12:00:00,18889.0
2026-02-25 13:00:00,18798.0
2026-02-25 14:00:00,19044.0
2026-02-25 15:00:00,19478.0
2026-02-25 16:00:00,19816.0
2026-02-25 17:00:00,20258.0
2026-02-25 18:00:00,20332.0
2026-02-25 19:00:00,20136.0
2026-02-25 20:00:00,19792.0
2026-02-25 21:00:00,19253.0
2026-02-25 22:00:00,18404.0
2026-02-25 23:00:00,17674.0
2026-02-26 00:00:00,17167.0
2026-02-26 01:00:00,16964.0
2026-02-26 02:00:00,17029.0
2026-02-26 03:00:00,16636.0
2026-02-26 04:00:00,16744.0
2026-02-26 05:00:00,17901.0
2026-02-26 06:00:00,19093.0
2026-02-26 07:00:00,19661.0
2026-02-26 08:00:00,19912.0
2026-02-26 09:00:00,19505.0
2026-02-26 10:00:00,18816.0
2026-02-26 11:00:00,18505.0
2026-02-26 12:00:00,18299.0
2026-02-26 13:00:00,18269.0
2026-02-26 14:00:00,18327.0
2026-02-26 15:00:00,18868.0
2026-02-26 16:00:00,19701.0
2026-02-26 17:00:00,20165.0
2026-02-26 18:00:00,20495.0
2026-02-26 19:00:00,20311.0
2026-02-26 20:00:00,20054.0
2026-02-26 21:00:00,19552.0
2026-02-26 22:00:00,18726.0
2026-02-26 23:00:00,17910.0
2026-02-27 00:00:00,17334.0
2026-02-27 01:00:00,17009.0
2026-02-27 02:00:00,16731.0
2026-02-27 03:00:00,16396.0
2026-02-27 04:00:00,16546.0
2026-02-27 05:00:00,17582.0
2026-02-27 06:00:00,18560.0
2026-02-27 07:00:00,19020.0
2026-02-27 08:00:00,19122.0
2026-02-27 09:00:00,18999.0
2026-02-27 10:00:00,18748.0
2026-02-27 11:00:00,18374.0
2026-02-27 12:00:00,18088.0
2026-02-27 13:00:00,17531.0
2026-02-27 14:00:00,17393.0
2026-02-27 15:00:00,17292.0
2026-02-27 16:00:00,17922.0
2026-02-27 17:00:00,18499.0
2026-02-27 18:00:00,18915.0
2026-02-27 19:00:00,18830.0
2026-02-27 20:00:00,18423.0
2026-02-27 21:00:00,17852.0
2026-02-27 22:00:00,17117.0
2026-02-27 23:00:00,16339.0
2026-02-28 00:00:00,15671.0
2026-02-28 01:00:00,15189.0
2026-02-28 02:00:00,14959.0
2026-02-28 03:00:00,14748.0
2026-02-28 04:00:00,14657.0
2026-02-28 05:00:00,14781.0
2026-02-28 06:00:00,15244.0
2026-02-28 07:00:00,16194.0
2026-02-28 08:00:00,16599.0
2026-02-28 09:00:00,16792.0
2026-02-28 10:00:00,16581.0
2026-02-28 11:00:00,16256.0
2026-02-28 12:00:00,15980.0
2026-02-28 13:00:00,15866.0
2026-02-28 14:00:00,15875.0
2026-02-28 15:00:00,16559.0
2026-02-28 16:00:00,17436.0
2026-02-28 17:00:00,17982.0
2026-02-28 18:00:00,18773.0
2026-02-28 19:00:00,18598.0
2026-02-28 20:00:00,18192.0
2026-02-28 21:00:00,17864.0
2026-02-28 22:00:00,17280.0
2026-02-28 23:00:00,16780.0
2026-03-01 00:00:00,16332.0
2026-03-01 01:00:00,16100.0
2026-03-01 02:00:00,15956.0
2026-03-01 03:00:00,15835.0
2026-03-01 04:00:00,15845.0
2026-03-01 05:00:00,16049.0
2026-03-01 06:00:00,16679.0
2026-03-01 07:00:00,17508.0
2026-03-01 08:00:00,17593.0
2026-03-01 09:00:00,17405.0
2026-03-01 10:00:00,17333.0
2026-03-01 11:00:00,17158.0
2026-03-01 12:00:00,16890.0
2026-03-01 13:00:00,16697.0
2026-03-01 14:00:00,16910.0
2026-03-01 15:00:00,17903.0
2026-03-01 16:00:00,19050.0
2026-03-01 17:00:00,19674.0
2026-03-01 18:00:00,20116.0
2026-03-01 19:00:00,19952.0
2026-03-01 20:00:00,19695.0
2026-03-01 21:00:00,19170.0
2026-03-01 22:00:00,18562.0
2026-03-01 23:00:00,17941.0
2026-03-02 00:00:00,17442.0
2026-03-02 01:00:00,17201.0
2026-03-02 02:00:00,17228.0
2026-03-02 03:00:00,17481.0
2026-03-02 04:00:00,17682.0
2026-03-02 05:00:00,18815.0
2026-03-02 06:00:00,19816.0
2026-03-02 07:00:00,20178.0
2026-03-02 08:00:00,20063.0
2026-03-02 09:00:00,19448.0
2026-03-02 10:00:00,18888.0
2026-03-02 11:00:00,18140.0
2026-03-02 12:00:00,17716.0
2026-03-02 13:00:00,17672.0
2026-03-02 14:00:00,17767.0
2026-03-02 15:00:00,18634.0
2026-03-02 16:00:00,19737.0
2026-03-02 17:00:00,20371.0
2026-03-02 18:00:00,20673.0
2026-03-02 19:00:00,20586.0
2026-03-02 20:00:00,20230.0
2026-03-02 21:00:00,19556.0
2026-03-02 22:00:00,18768.0
2026-03-02 23:00:00,17959.0
2026-03-03 00:00:00,17328.0
2026-03-03 01:00:00,16989.0
2026-03-03 02:00:00,16759.0
2026-03-03 03:00:00,16727.0
2026-03-03 04:00:00,17322.0
2026-03-03 05:00:00,18179.0
2026-03-03 06:00:00,18950.0
2026-03-03 07:00:00,19343.0
2026-03-03 08:00:00,19327.0
2026-03-03 09:00:00,18960.0
2026-03-03 10:00:00,18499.0
2026-03-03 11:00:00,18233.0
2026-03-03 12:00:00,18185.0
2026-03-03 13:00:00,18211.0
2026-03-03 14:00:00,18166.0
2026-03-03 15:00:00,18319.0
2026-03-03 16:00:00,19126.0
2026-03-03 17:00:00,19846.0
2026-03-03 18:00:00,20191.0
2026-03-03 19:00:00,20189.0
2026-03-03 20:00:00,19722.0
2026-03-03 21:00:00,18974.0
2026-03-03 22:00:00,18068.0
2026-03-03 23:00:00,17224.0
2026-03-04 00:00:00,16682.0
2026-03-04 01:00:00,16332.0
2026-03-04 02:00:00,16199.0
2026-03-04 03:00:00,16371.0
2026-03-04 04:00:00,16848.0
2026-03-04 05:00:00,17628.0
2026-03-04 06:00:00,18432.0
2026-03-04 07:00:00,18754.0
2026-03-04 08:00:00,18567.0
2026-03-04 09:00:00,18027.0
2026-03-04 10:00:00,17433.0
2026-03-04 11:00:00,16966.0
2026-03-04 12:00:00,16748.0
2026-03-04 13:00:00,16853.0
2026-03-04 14:00:00,16878.0
2026-03-04 15:00:00,17589.0
2026-03-04 16:00:00,18422.0
2026-03-04 17:00:00,18873.0
2026-03-04 18:00:00,19318.0
2026-03-04 19:00:00,19403.0
2026-03-04 20:00:00,18829.0
2026-03-04 21:00:00,18101.0
2026-03-04 22:00:00,17323.0
2026-03-04 23:00:00,16610.0
2026-03-05 00:00:00,16032.0
2026-03-05 01:00:00,15790.0
2026-03-05 02:00:00,15593.0
2026-03-05 03:00:00,15597.0
2026-03-05 04:00:00,15860.0
2026-03-05 05:00:00,16851.0
2026-03-05 06:00:00,17955.0
2026-03-05 07:00:00,18386.0
2026-03-05 08:00:00,18145.0
2026-03-05 09:00:00,17800.0
2026-03-05 10:00:00,17717.0
2026-03-05 11:00:00,17696.0
2026-03-05 12:00:00,17632.0
2026-03-05 13:00:00,17685.0
2026-03-05 14:00:00,17984.0
2026-03-05 15:00:00,18354.0
2026-03-05 16:00:00,19148.0
2026-03-05 17:00:00,19448.0
2026-03-05 18:00:00,19572.0
2026-03-05 19:00:00,19513.0
2026-03-05 20:00:00,19158.0
2026-03-05 21:00:00,18344.0
2026-03-05 22:00:00,17562.0
2026-03-05 23:00:00,16745.0
2026-03-06 00:00:00,16065.0
2026-03-06 01:00:00,16040.0
2026-03-06 02:00:00,15936.0
2026-03-06 03:00:00,15973.0
2026-03-06 04:00:00,15982.0
2026-03-06 05:00:00,16852.0
2026-03-06 06:00:00,17944.0
2026-03-06 07:00:00,18407.0
2026-03-06 08:00:00,18578.0
2026-03-06 09:00:00,18577.0
2026-03-06 10:00:00,18491.0
2026-03-06 11:00:00,18441.0
2026-03-06 12:00:00,18498.0
2026-03-06 13:00:00,18249.0
2026-03-06 14:00:00,18367.0
2026-03-06 15:00:00,18362.0
2026-03-06 16:00:00,18867.0
2026-03-06 17:00:00,19571.0
2026-03-06 18:00:00,19273.0
2026-03-06 19:00:00,18988.0
2026-03-06 20:00:00,18565.0
2026-03-06 21:00:00,17757.0
2026-03-06 22:00:00,16885.0
2026-03-06 23:00:00,15981.0
2026-03-07 00:00:00,15339.0
2026-03-07 01:00:00,15028.0
2026-03-07 02:00:00,14915.0
2026-03-07 03:00:00,14771.0
2026-03-07 04:00:00,14631.0
2026-03-07 05:00:00,14472.0
2026-03-07 06:00:00,15392.0
2026-03-07 07:00:00,16163.0
2026-03-07 08:00:00,16509.0
2026-03-07 09:00:00,16906.0
2026-03-07 10:00:00,16957.0
2026-03-07 11:00:00,16369.0
2026-03-07 12:00:00,16373.0
2026-03-07 13:00:00,16335.0
2026-03-07 14:00:00,16632.0
2026-03-07 15:00:00,16688.0
2026-03-07 16:00:00,16887.0
2026-03-07 17:00:00,17157.0
2026-03-07 18:00:00,17303.0
2026-03-07 19:00:00,17066.0
2026-03-07 20:00:00,16499.0
2026-03-07 21:00:00,15923.0
2026-03-07 22:00:00,15178.0
2026-03-07 23:00:00,14643.0
2026-03-08 00:00:00,14282.0
2026-03-08 01:00:00,13859.0
2026-03-08 02:00:00,13551.0
2026-03-08 03:00:00,13594.0
2026-03-08 04:00:00,14264.0
2026-03-08 05:00:00,14952.0
2026-03-08 06:00:00,15254.0
2026-03-08 07:00:00,15494.0
2026-03-08 08:00:00,15544.0
2026-03-08 09:00:00,15465.0
2026-03-08 10:00:00,15279.0
2026-03-08 11:00:00,15013.0
2026-03-08 12:00:00,14831.0
2026-03-08 13:00:00,14712.0
2026-03-08 14:00:00,15095.0
2026-03-08 15:00:00,15802.0
2026-03-08 16:00:00,16180.0
2026-03-08 17:00:00,16670.0
2026-03-08 18:00:00,17001.0
2026-03-08 19:00:00,16968.0
2026-03-08 20:00:00,16444.0
2026-03-08 21:00:00,15747.0
2026-03-08 22:00:00,15102.0
2026-03-08 23:00:00,14381.0
2026-03-09 00:00:00,13856.0
2026-03-09 01:00:00,13794.0
2026-03-09 02:00:00,13883.0
2026-03-09 03:00:00,14031.0
2026-03-09 04:00:00,14983.0
2026-03-09 05:00:00,16073.0
2026-03-09 06:00:00,16677.0
2026-03-09 07:00:00,17025.0
2026-03-09 08:00:00,16805.0
2026-03-09 09:00:00,16277.0
2026-03-09 10:00:00,15792.0
2026-03-09 11:00:00,15424.0
2026-03-09 12:00:00,15357.0
2026-03-09 13:00:00,15253.0
2026-03-09 14:00:00,15319.0
2026-03-09 15:00:00,16038.0
2026-03-09 16:00:00,16363.0
2026-03-09 17:00:00,16853.0
2026-03-09 18:00:00,17155.0
2026-03-09 19:00:00,17079.0
2026-03-09 20:00:00,16499.0
2026-03-09 21:00:00,15671.0
2026-03-09 22:00:00,14786.0
2026-03-09 23:00:00,14243.0
2026-03-10 00:00:00,14000.0
2026-03-10 01:00:00,13685.0
2026-03-10 02:00:00,13607.0
2026-03-10 03:00:00,13703.0
2026-03-10 04:00:00,14851.0
2026-03-10 05:00:00,16084.0
2026-03-10 06:00:00,16700.0
2026-03-10 07:00:00,17069.0
2026-03-10 08:00:00,16919.0
2026-03-10 09:00:00,16592.0
2026-03-10 10:00:00,16379.0
2026-03-10 11:00:00,16450.0
2026-03-10 12:00:00,16406.0
2026-03-10 13:00:00,16408.0
2026-03-10 14:00:00,16561.0
2026-03-10 15:00:00,16476.0
2026-03-10 16:00:00,16858.0
2026-03-10 17:00:00,17188.0
2026-03-10 18:00:00,17487.0
2026-03-10 19:00:00,17615.0
2026-03-10 20:00:00,17137.0
2026-03-10 21:00:00,16325.0
2026-03-10 22:00:00,15331.0
2026-03-10 23:00:00,14634.0
2026-03-11 00:00:00,14544.0
2026-03-11 01:00:00,14438.0
2026-03-11 02:00:00,14192.0
2026-03-11 03:00:00,14338.0
2026-03-11 04:00:00,15613.0
2026-03-11 05:00:00,16825.0
2026-03-11 06:00:00,17477.0
2026-03-11 07:00:00,17798.0
2026-03-11 08:00:00,17847.0
2026-03-11 09:00:00,18038.0
2026-03-11 10:00:00,18087.0
2026-03-11 11:00:00,18451.0
2026-03-11 12:00:00,18571.0
2026-03-11 13:00:00,18543.0
2026-03-11 14:00:00,18490.0
2026-03-11 15:00:00,18482.0
2026-03-11 16:00:00,18719.0
2026-03-11 17:00:00,18745.0
2026-03-11 18:00:00,18684.0
2026-03-11 19:00:00,18463.0
2026-03-11 20:00:00,17703.0
2026-03-11 21:00:00,16816.0
2026-03-11 22:00:00,15926.0
2026-03-11 23:00:00,15323.0
2026-03-12 00:00:00,15429.0
2026-03-12 01:00:00,15357.0
2026-03-12 02:00:00,15340.0
2026-03-12 03:00:00,15462.0
2026-03-12 04:00:00,16412.0
2026-03-12 05:00:00,17680.0
2026-03-12 06:00:00,18331.0
2026-03-12 07:00:00,18554.0
2026-03-12 08:00:00,18379.0
2026-03-12 09:00:00,18017.0
2026-03-12 10:00:00,17758.0
2026-03-12 11:00:00,17449.0
2026-03-12 12:00:00,17137.0
2026-03-12 13:00:00,16998.0
2026-03-12 14:00:00,17051.0
2026-03-12 15:00:00,17780.0
2026-03-12 16:00:00,18163.0
2026-03-12 17:00:00,18694.0
2026-03-12 18:00:00,19122.0
2026-03-12 19:00:00,19253.0
2026-03-12 20:00:00,18894.0
2026-03-12 21:00:00,18093.0
2026-03-12 22:00:00,17267.0
2026-03-12 23:00:00,16457.0
2026-03-13 00:00:00,16247.0
2026-03-13 01:00:00,16043.0
2026-03-13 02:00:00,15919.0
2026-03-13 03:00:00,16018.0
2026-03-13 04:00:00,17021.0
2026-03-13 05:00:00,18084.0
2026-03-13 06:00:00,18758.0
2026-03-13 07:00:00,19087.0
2026-03-13 08:00:00,18535.0
2026-03-13 09:00:00,18413.0
2026-03-13 10:00:00,18385.0
2026-03-13 11:00:00,18807.0
2026-03-13 12:00:00,18697.0
2026-03-13 13:00:00,18428.0
2026-03-13 14:00:00,18871.0
2026-03-13 15:00:00,18890.0
2026-03-13 16:00:00,18916.0
2026-03-13 17:00:00,19445.0
2026-03-13 18:00:00,19472.0
2026-03-13 19:00:00,19081.0
2026-03-13 20:00:00,18495.0
2026-03-13 21:00:00,17579.0
2026-03-13 22:00:00,16506.0
2026-03-13 23:00:00,15762.0
2026-03-14 00:00:00,15468.0
2026-03-14 01:00:00,15219.0
2026-03-14 02:00:00,15063.0
2026-03-14 03:00:00,15174.0
2026-03-14 04:00:00,15852.0
2026-03-14 05:00:00,16488.0
2026-03-14 06:00:00,16819.0
2026-03-14 07:00:00,17180.0
2026-03-14 08:00:00,17383.0
2026-03-14 09:00:00,17386.0
2026-03-14 10:00:00,17397.0
2026-03-14 11:00:00,17239.0
2026-03-14 12:00:00,16878.0
2026-03-14 13:00:00,16590.0
2026-03-14 14:00:00,16526.0
2026-03-14 15:00:00,17024.0
2026-03-14 16:00:00,17328.0
2026-03-14 17:00:00,17754.0
2026-03-14 18:00:00,18210.0
2026-03-14 19:00:00,18150.0
2026-03-14 20:00:00,17663.0
2026-03-14 21:00:00,17169.0
2026-03-14 22:00:00,16697.0
2026-03-14 23:00:00,16221.0
2026-03-15 00:00:00,15867.0
2026-03-15 01:00:00,15654.0
2026-03-15 02:00:00,15520.0
2026-03-15 03:00:00,15355.0
2026-03-15 04:00:00,15562.0
2026-03-15 05:00:00,15749.0
2026-03-15 06:00:00,16232.0
2026-03-15 07:00:00,16572.0
2026-03-15 08:00:00,16989.0
2026-03-15 09:00:00,17412.0
2026-03-15 10:00:00,17473.0
2026-03-15 11:00:00,17390.0
2026-03-15 12:00:00,17207.0
2026-03-15 13:00:00,16805.0
2026-03-15 14:00:00,16695.0
2026-03-15 15:00:00,17109.0
2026-03-15 16:00:00,17608.0
2026-03-15 17:00:00,18112.0
2026-03-15 18:00:00,18314.0
2026-03-15 19:00:00,17811.0
2026-03-15 20:00:00,17194.0
2026-03-15 21:00:00,16347.0
2026-03-15 22:00:00,15667.0
2026-03-15 23:00:00,15028.0
2026-03-16 00:00:00,14706.0
2026-03-16 01:00:00,14511.0
2026-03-16 02:00:00,14412.0
2026-03-16 03:00:00,14610.0
2026-03-16 04:00:00,15481.0
2026-03-16 05:00:00,16526.0
2026-03-16 06:00:00,17352.0
2026-03-16 07:00:00,17658.0
2026-03-16 08:00:00,17694.0
2026-03-16 09:00:00,17578.0
2026-03-16 10:00:00,17444.0
2026-03-16 11:00:00,17445.0
2026-03-16 12:00:00,17693.0
2026-03-16 13:00:00,17747.0
2026-03-16 14:00:00,17552.0
2026-03-16 15:00:00,17849.0
2026-03-16 16:00:00,18209.0
2026-03-16 17:00:00,18597.0
2026-03-16 18:00:00,18828.0
2026-03-16 19:00:00,18738.0
2026-03-16 20:00:00,18231.0
2026-03-16 21:00:00,17427.0
2026-03-16 22:00:00,16701.0
2026-03-16 23:00:00,16122.0
2026-03-17 00:00:00,15805.0
2026-03-17 01:00:00,15707.0
2026-03-17 02:00:00,15761.0
2026-03-17 03:00:00,15933.0
2026-03-17 04:00:00,17127.0
2026-03-17 05:00:00,18402.0
2026-03-17 06:00:00,19064.0
2026-03-17 07:00:00,19495.0
2026-03-17 08:00:00,19423.0
2026-03-17 09:00:00,19054.0
2026-03-17 10:00:00,18627.0
2026-03-17 11:00:00,18448.0
2026-03-17 12:00:00,18436.0
2026-03-17 13:00:00,18445.0
2026-03-17 14:00:00,18558.0
2026-03-17 15:00:00,19197.0
2026-03-17 16:00:00,19570.0
2026-03-17 17:00:00,20119.0
2026-03-17 18:00:00,20548.0
2026-03-17 19:00:00,20335.0
2026-03-17 20:00:00,19699.0
2026-03-17 21:00:00,18896.0
2026-03-17 22:00:00,18082.0
2026-03-17 23:00:00,17253.0
2026-03-18 00:00:00,16875.0
2026-03-18 01:00:00,16705.0
2026-03-18 02:00:00,16709.0
2026-03-18 03:00:00,17055.0
2026-03-18 04:00:00,17959.0
2026-03-18 05:00:00,18928.0
2026-03-18 06:00:00,19421.0
2026-03-18 07:00:00,19639.0
2026-03-18 08:00:00,19263.0
2026-03-18 09:00:00,18708.0
2026-03-18 10:00:00,18307.0
2026-03-18 11:00:00,18208.0
2026-03-18 12:00:00,18035.0
2026-03-18 13:00:00,18227.0
2026-03-18 14:00:00,18587.0
2026-03-18 15:00:00,19006.0
2026-03-18 16:00:00,19394.0
2026-03-18 17:00:00,19839.0
2026-03-18 18:00:00,20117.0
2026-03-18 19:00:00,19754.0
2026-03-18 20:00:00,19266.0
2026-03-18 21:00:00,18346.0
2026-03-18 22:00:00,17454.0
2026-03-18 23:00:00,16665.0
2026-03-19 00:00:00,16191.0
2026-03-19 01:00:00,16161.0
2026-03-19 02:00:00,16039.0
2026-03-19 03:00:00,16170.0
2026-03-19 04:00:00,17004.0
2026-03-19 05:00:00,18042.0
2026-03-19 06:00:00,18534.0
2026-03-19 07:00:00,18846.0
2026-03-19 08:00:00,18684.0
2026-03-19 09:00:00,18395.0
2026-03-19 10:00:00,18143.0
2026-03-19 11:00:00,17750.0
2026-03-19 12:00:00,17562.0
2026-03-19 13:00:00,17297.0
2026-03-19 14:00:00,17391.0
2026-03-19 15:00:00,17694.0
2026-03-19 16:00:00,18037.0
2026-03-19 17:00:00,18379.0
2026-03-19 18:00:00,18678.0
2026-03-19 19:00:00,18800.0
2026-03-19 20:00:00,18353.0
2026-03-19 21:00:00,17449.0
2026-03-19 22:00:00,16753.0
2026-03-19 23:00:00,16023.0
2026-03-20 00:00:00,15785.0
2026-03-20 01:00:00,15649.0
2026-03-20 02:00:00,15602.0
2026-03-20 03:00:00,15794.0
2026-03-20 04:00:00,16711.0
2026-03-20 05:00:00,17704.0
2026-03-20 06:00:00,18133.0
2026-03-20 07:00:00,18649.0
2026-03-20 08:00:00,18726.0
2026-03-20 09:00:00,18965.0
2026-03-20 10:00:00,19033.0
2026-03-20 11:00:00,19454.0
2026-03-20 12:00:00,19302.0
2026-03-20 13:00:00,19093.0
2026-03-20 14:00:00,18854.0
2026-03-20 15:00:00,18515.0
2026-03-20 16:00:00,18680.0
2026-03-20 17:00:00,18176.0
2026-03-20 18:00:00,18484.0
2026-03-20 19:00:00,18536.0
2026-03-20 20:00:00,18040.0
2026-03-20 21:00:00,17141.0
2026-03-20 22:00:00,16256.0
2026-03-20 23:00:00,15499.0
2026-03-21 00:00:00,15128.0
2026-03-21 01:00:00,14871.0
2026-03-21 02:00:00,14803.0
2026-03-21 03:00:00,14889.0
2026-03-21 04:00:00,15188.0
2026-03-21 05:00:00,15682.0
2026-03-21 06:00:00,16270.0
2026-03-21 07:00:00,16684.0
2026-03-21 08:00:00,16905.0
2026-03-21 09:00:00,16917.0
2026-03-21 10:00:00,16758.0
2026-03-21 11:00:00,16811.0
2026-03-21 12:00:00,16692.0
2026-03-21 13:00:00,16533.0
2026-03-21 14:00:00,16431.0
2026-03-21 15:00:00,16679.0
2026-03-21 16:00:00,17234.0
2026-03-21 17:00:00,17397.0
2026-03-21 18:00:00,17606.0
2026-03-21 19:00:00,17542.0
2026-03-21 20:00:00,16894.0
2026-03-21 21:00:00,16107.0
2026-03-21 22:00:00,15467.0
2026-03-21 23:00:00,14938.0
2026-03-22 00:00:00,14650.0
2026-03-22 01:00:00,14442.0
2026-03-22 02:00:00,14366.0
2026-03-22 03:00:00,14352.0
2026-03-22 04:00:00,14569.0
2026-03-22 05:00:00,14899.0
2026-03-22 06:00:00,15357.0
2026-03-22 07:00:00,15948.0
2026-03-22 08:00:00,16443.0
2026-03-22 09:00:00,16800.0
2026-03-22 10:00:00,17121.0
2026-03-22 11:00:00,17121.0
2026-03-22 12:00:00,17236.0
2026-03-22 13:00:00,17022.0
2026-03-22 14:00:00,17152.0
2026-03-22 15:00:00,17407.0
2026-03-22 16:00:00,17797.0
2026-03-22 17:00:00,17818.0
2026-03-22 18:00:00,18086.0
2026-03-22 19:00:00,17921.0
2026-03-22 20:00:00,17218.0
2026-03-22 21:00:00,16491.0
2026-03-22 22:00:00,15688.0
2026-03-22 23:00:00,14900.0
2026-03-23 00:00:00,14581.0
2026-03-23 01:00:00,14482.0
2026-03-23 02:00:00,14539.0
2026-03-23 03:00:00,14890.0
2026-03-23 04:00:00,16150.0
2026-03-23 05:00:00,17528.0
2026-03-23 06:00:00,18122.0
2026-03-23 07:00:00,18488.0
2026-03-23 08:00:00,18206.0
2026-03-23 09:00:00,17877.0
2026-03-23 10:00:00,17589.0
2026-03-23 11:00:00,17870.0
2026-03-23 12:00:00,17852.0
2026-03-23 13:00:00,17818.0
2026-03-23 14:00:00,17774.0
2026-03-23 15:00:00,17887.0
2026-03-23 16:00:00,18380.0
2026-03-23 17:00:00,18593.0
2026-03-23 18:00:00,19032.0
2026-03-23 19:00:00,19055.0
2026-03-23 20:00:00,18609.0
2026-03-23 21:00:00,17772.0
2026-03-23 22:00:00,17064.0
2026-03-23 23:00:00,16396.0
2026-03-24 00:00:00,16033.0
2026-03-24 01:00:00,15854.0
2026-03-24 02:00:00,15791.0
2026-03-24 03:00:00,15933.0
2026-03-24 04:00:00,16990.0
2026-03-24 05:00:00,18064.0
2026-03-24 06:00:00,18587.0
2026-03-24 07:00:00,19119.0
2026-03-24 08:00:00,18614.0
2026-03-24 09:00:00,17472.0
2026-03-24 10:00:00,17012.0
2026-03-24 11:00:00,16818.0
2026-03-24 12:00:00,16864.0
2026-03-24 13:00:00,17070.0
2026-03-24 14:00:00,17117.0
2026-03-24 15:00:00,17507.0
2026-03-24 16:00:00,17947.0
2026-03-24 17:00:00,18466.0
2026-03-24 18:00:00,18733.0
2026-03-24 19:00:00,18740.0
2026-03-24 20:00:00,18238.0
2026-03-24 21:00:00,17436.0
2026-03-24 22:00:00,16659.0
2026-03-24 23:00:00,15926.0
2026-03-25 00:00:00,15554.0
2026-03-25 01:00:00,15283.0
2026-03-25 02:00:00,15215.0
2026-03-25 03:00:00,15454.0
2026-03-25 04:00:00,16598.0
2026-03-25 05:00:00,17733.0
2026-03-25 06:00:00,18303.0
2026-03-25 07:00:00,18686.0
2026-03-25 08:00:00,18512.0
2026-03-25 09:00:00,18239.0
2026-03-25 10:00:00,17764.0
2026-03-25 11:00:00,17020.0
2026-03-25 12:00:00,16374.0
2026-03-25 13:00:00,16183.0
2026-03-25 14:00:00,16390.0
2026-03-25 15:00:00,17209.0
2026-03-25 16:00:00,17816.0
2026-03-25 17:00:00,18249.0
2026-03-25 18:00:00,18645.0
2026-03-25 19:00:00,18713.0
2026-03-25 20:00:00,18015.0
2026-03-25 21:00:00,17021.0
2026-03-25 22:00:00,16113.0
2026-03-25 23:00:00,15303.0
2026-03-26 00:00:00,14893.0
2026-03-26 01:00:00,14624.0
2026-03-26 02:00:00,14548.0
2026-03-26 03:00:00,14721.0
2026-03-26 04:00:00,15796.0
2026-03-26 05:00:00,16843.0
2026-03-26 06:00:00,17572.0
2026-03-26 07:00:00,17973.0
2026-03-26 08:00:00,17736.0
2026-03-26 09:00:00,17297.0
2026-03-26 10:00:00,17063.0
2026-03-26 11:00:00,17373.0
2026-03-26 12:00:00,17594.0
2026-03-26 13:00:00,17752.0
2026-03-26 14:00:00,17727.0
2026-03-26 15:00:00,17806.0
2026-03-26 16:00:00,18276.0
2026-03-26 17:00:00,18263.0
2026-03-26 18:00:00,18285.0
2026-03-26 19:00:00,18316.0
2026-03-26 20:00:00,17721.0
2026-03-26 21:00:00,16828.0
2026-03-26 22:00:00,15995.0
2026-03-26 23:00:00,15534.0
2026-03-27 00:00:00,15225.0
2026-03-27 01:00:00,15323.0
2026-03-27 02:00:00,15020.0
2026-03-27 03:00:00,15556.0
2026-03-27 04:00:00,16403.0
2026-03-27 05:00:00,17571.0
2026-03-27 06:00:00,18156.0
2026-03-27 07:00:00,18568.0
2026-03-27 08:00:00,18331.0
2026-03-27 09:00:00,17713.0
2026-03-27 10:00:00,16853.0
2026-03-27 11:00:00,16164.0
2026-03-27 12:00:00,15921.0
2026-03-27 13:00:00,16133.0
2026-03-27 14:00:00,16146.0
2026-03-27 15:00:00,16962.0
2026-03-27 16:00:00,17602.0
2026-03-27 17:00:00,18109.0
2026-03-27 18:00:00,18438.0
2026-03-27 19:00:00,18632.0
2026-03-27 20:00:00,18198.0
2026-03-27 21:00:00,17508.0
2026-03-27 22:00:00,16725.0
2026-03-27 23:00:00,16227.0
2026-03-28 00:00:00,15968.0
2026-03-28 01:00:00,15775.0
2026-03-28 02:00:00,15662.0
2026-03-28 03:00:00,15647.0
2026-03-28 04:00:00,15806.0
2026-03-28 05:00:00,16397.0
2026-03-28 06:00:00,16947.0
2026-03-28 07:00:00,17300.0
2026-03-28 08:00:00,17300.0
2026-03-28 09:00:00,17146.0
2026-03-28 10:00:00,16587.0
2026-03-28 11:00:00,16712.0
2026-03-28 12:00:00,16417.0
2026-03-28 13:00:00,16132.0
2026-03-28 14:00:00,16178.0
2026-03-28 15:00:00,16603.0
2026-03-28 16:00:00,17075.0
2026-03-28 17:00:00,17375.0
2026-03-28 18:00:00,17750.0
2026-03-28 19:00:00,17813.0
2026-03-28 20:00:00,17229.0
2026-03-28 21:00:00,16567.0
2026-03-28 22:00:00,15974.0
2026-03-28 23:00:00,15401.0
2026-03-29 00:00:00,14987.0
2026-03-29 01:00:00,14788.0
2026-03-29 02:00:00,14654.0
2026-03-29 03:00:00,14616.0
2026-03-29 04:00:00,14768.0
2026-03-29 05:00:00,15090.0
2026-03-29 06:00:00,15307.0
2026-03-29 07:00:00,15624.0
2026-03-29 08:00:00,15835.0
2026-03-29 09:00:00,15924.0
2026-03-29 10:00:00,15564.0
2026-03-29 11:00:00,15102.0
2026-03-29 12:00:00,15052.0
2026-03-29 13:00:00,15026.0
2026-03-29 14:00:00,15216.0
2026-03-29 15:00:00,15796.0
2026-03-29 16:00:00,16255.0
2026-03-29 17:00:00,16752.0
2026-03-29 18:00:00,17262.0
2026-03-29 19:00:00,17256.0
2026-03-29 20:00:00,16683.0
2026-03-29 21:00:00,16001.0
2026-03-29 22:00:00,15304.0
2026-03-29 23:00:00,14773.0
2026-03-30 00:00:00,14372.0
2026-03-30 01:00:00,14240.0
2026-03-30 02:00:00,14222.0
2026-03-30 03:00:00,14381.0
2026-03-30 04:00:00,15462.0
2026-03-30 05:00:00,16527.0
2026-03-30 06:00:00,17065.0
2026-03-30 07:00:00,17337.0
2026-03-30 08:00:00,17103.0
2026-03-30 09:00:00,16586.0
2026-03-30 10:00:00,16017.0
2026-03-30 11:00:00,15878.0
2026-03-30 12:00:00,15319.0
2026-03-30 13:00:00,15049.0
2026-03-30 14:00:00,15476.0
2026-03-30 15:00:00,16247.0
2026-03-30 16:00:00,16605.0
2026-03-30 17:00:00,17030.0
2026-03-30 18:00:00,17306.0
2026-03-30 19:00:00,17248.0
2026-03-30 20:00:00,16728.0
2026-03-30 21:00:00,15683.0
2026-03-30 22:00:00,14800.0
2026-03-30 23:00:00,14036.0
2026-03-31 00:00:00,13716.0
2026-03-31 01:00:00,13508.0
2026-03-31 02:00:00,13273.0
2026-03-31 03:00:00,13486.0
2026-03-31 04:00:00,14724.0
2026-03-31 05:00:00,16029.0
2026-03-31 06:00:00,16602.0
2026-03-31 07:00:00,16994.0
2026-03-31 08:00:00,17077.0
2026-03-31 09:00:00,17147.0
2026-03-31 10:00:00,17015.0
2026-03-31 11:00:00,16853.0
2026-03-31 12:00:00,16864.0
2026-03-31 13:00:00,16983.0
2026-03-31 14:00:00,17049.0
2026-03-31 15:00:00,17280.0
2026-03-31 16:00:00,17582.0
2026-03-31 17:00:00,17838.0
2026-03-31 18:00:00,18005.0
2026-03-31 19:00:00,17839.0
2026-03-31 20:00:00,17275.0
2026-03-31 21:00:00,16218.0
2026-03-31 22:00:00,15388.0
2026-03-31 23:00:00,14748.0
2026-04-01 00:00:00,14317.0
2026-04-01 01:00:00,14155.0
2026-04-01 02:00:00,14218.0
2026-04-01 03:00:00,14286.0
2026-04-01 04:00:00,15288.0
2026-04-01 05:00:00,16509.0
2026-04-01 06:00:00,17127.0
2026-04-01 07:00:00,17424.0
2026-04-01 08:00:00,17393.0
2026-04-01 09:00:00,17057.0
2026-04-01 10:00:00,17279.0
2026-04-01 11:00:00,17146.0
2026-04-01 12:00:00,17095.0
2026-04-01 13:00:00,17209.0
2026-04-01 14:00:00,17218.0
2026-04-01 15:00:00,17531.0
2026-04-01 16:00:00,17737.0
2026-04-01 17:00:00,17976.0
2026-04-01 18:00:00,18261.0
2026-04-01 19:00:00,18288.0
2026-04-01 20:00:00,17471.0
2026-04-01 21:00:00,16568.0
2026-04-01 22:00:00,15794.0
2026-04-01 23:00:00,15224.0
2026-04-02 00:00:00,15132.0
2026-04-02 01:00:00,15129.0
2026-04-02 02:00:00,14676.0
2026-04-02 03:00:00,14661.0
2026-04-02 04:00:00,15746.0
2026-04-02 05:00:00,16989.0
2026-04-02 06:00:00,17494.0
2026-04-02 07:00:00,17796.0
2026-04-02 08:00:00,17642.0
2026-04-02 09:00:00,17513.0
2026-04-02 10:00:00,17385.0
2026-04-02 11:00:00,17463.0
2026-04-02 12:00:00,17342.0
2026-04-02 13:00:00,17301.0
2026-04-02 14:00:00,17662.0
2026-04-02 15:00:00,17910.0
2026-04-02 16:00:00,18104.0
2026-04-02 17:00:00,18049.0
2026-04-02 18:00:00,18183.0
2026-04-02 19:00:00,18227.0
2026-04-02 20:00:00,17627.0
2026-04-02 21:00:00,16582.0
2026-04-02 22:00:00,15541.0
2026-04-02 23:00:00,14829.0
2026-04-03 00:00:00,14462.0
2026-04-03 01:00:00,13947.0
2026-04-03 02:00:00,13839.0
2026-04-03 03:00:00,13806.0
2026-04-03 04:00:00,14074.0
2026-04-03 05:00:00,14363.0
2026-04-03 06:00:00,14729.0
2026-04-03 07:00:00,15037.0
2026-04-03 08:00:00,15312.0
2026-04-03 09:00:00,15519.0
2026-04-03 10:00:00,15347.0
2026-04-03 11:00:00,14824.0
2026-04-03 12:00:00,14846.0
2026-04-03 13:00:00,14523.0
2026-04-03 14:00:00,14242.0
2026-04-03 15:00:00,14668.0
2026-04-03 16:00:00,14768.0
2026-04-03 17:00:00,15059.0
2026-04-03 18:00:00,15150.0
2026-04-03 19:00:00,15334.0
2026-04-03 20:00:00,14846.0
2026-04-03 21:00:00,14402.0
2026-04-03 22:00:00,13904.0
2026-04-03 23:00:00,13436.0
2026-04-04 00:00:00,13192.0
2026-04-04 01:00:00,12973.0
2026-04-04 02:00:00,12995.0
2026-04-04 03:00:00,13186.0
2026-04-04 04:00:00,13362.0
2026-04-04 05:00:00,13906.0
2026-04-04 06:00:00,14772.0
2026-04-04 07:00:00,15099.0
2026-04-04 08:00:00,15569.0
2026-04-04 09:00:00,15764.0
2026-04-04 10:00:00,15869.0
2026-04-04 11:00:00,15931.0
2026-04-04 12:00:00,16128.0
2026-04-04 13:00:00,16092.0
2026-04-04 14:00:00,16056.0
2026-04-04 15:00:00,16109.0
2026-04-04 16:00:00,16403.0
2026-04-04 17:00:00,16441.0
2026-04-04 18:00:00,16395.0
2026-04-04 19:00:00,16309.0
2026-04-04 20:00:00,15828.0
2026-04-04 21:00:00,15113.0
2026-04-04 22:00:00,14411.0
2026-04-04 23:00:00,13822.0
2026-04-05 00:00:00,13557.0
2026-04-05 01:00:00,13405.0
2026-04-05 02:00:00,13169.0
2026-04-05 03:00:00,13159.0
2026-04-05 04:00:00,13468.0
2026-04-05 05:00:00,13909.0
2026-04-05 06:00:00,14362.0
2026-04-05 07:00:00,14689.0
2026-04-05 08:00:00,14826.0
2026-04-05 09:00:00,15532.0
2026-04-05 10:00:00,15726.0
2026-04-05 11:00:00,15847.0
2026-04-05 12:00:00,15995.0
2026-04-05 13:00:00,15882.0
2026-04-05 14:00:00,15772.0
2026-04-05 15:00:00,16178.0
2026-04-05 16:00:00,16465.0
2026-04-05 17:00:00,16420.0
2026-04-05 18:00:00,16458.0
2026-04-05 19:00:00,16253.0
2026-04-05 20:00:00,15892.0
2026-04-05 21:00:00,15545.0
2026-04-05 22:00:00,14973.0
2026-04-05 23:00:00,14441.0
2026-04-06 00:00:00,14092.0
2026-04-06 01:00:00,14216.0
2026-04-06 02:00:00,14086.0
2026-04-06 03:00:00,14285.0
2026-04-06 04:00:00,15335.0
2026-04-06 05:00:00,16379.0
2026-04-06 06:00:00,16804.0
2026-04-06 07:00:00,17342.0
2026-04-06 08:00:00,17312.0
2026-04-06 09:00:00,17089.0
2026-04-06 10:00:00,16388.0
2026-04-06 11:00:00,16240.0
2026-04-06 12:00:00,16119.0
2026-04-06 13:00:00,16098.0
2026-04-06 14:00:00,16830.0
2026-04-06 15:00:00,17120.0
2026-04-06 16:00:00,17422.0
2026-04-06 17:00:00,17770.0
2026-04-06 18:00:00,18103.0
2026-04-06 19:00:00,18052.0
2026-04-06 20:00:00,17206.0
2026-04-06 21:00:00,16429.0
2026-04-06 22:00:00,15963.0
2026-04-06 23:00:00,15398.0
2026-04-07 00:00:00,15009.0
2026-04-07 01:00:00,15287.0
2026-04-07 02:00:00,15332.0
2026-04-07 03:00:00,15446.0
2026-04-07 04:00:00,16348.0
2026-04-07 05:00:00,17509.0
2026-04-07 06:00:00,18087.0
2026-04-07 07:00:00,18243.0
2026-04-07 08:00:00,17878.0
2026-04-07 09:00:00,17489.0
2026-04-07 10:00:00,17164.0
2026-04-07 11:00:00,16736.0
2026-04-07 12:00:00,16391.0
2026-04-07 13:00:00,16469.0
2026-04-07 14:00:00,16443.0
2026-04-07 15:00:00,17136.0
2026-04-07 16:00:00,17651.0
2026-04-07 17:00:00,17959.0
2026-04-07 18:00:00,18415.0
2026-04-07 19:00:00,18125.0
2026-04-07 20:00:00,17621.0
2026-04-07 21:00:00,16906.0
2026-04-07 22:00:00,16387.0
2026-04-07 23:00:00,15839.0
2026-04-08 00:00:00,15430.0
2026-04-08 01:00:00,15291.0
2026-04-08 02:00:00,15252.0
2026-04-08 03:00:00,15401.0
2026-04-08 04:00:00,16475.0
2026-04-08 05:00:00,17551.0
2026-04-08 06:00:00,18095.0
2026-04-08 07:00:00,18012.0
2026-04-08 08:00:00,17272.0
2026-04-08 09:00:00,16361.0
2026-04-08 10:00:00,15863.0
2026-04-08 11:00:00,15441.0
2026-04-08 12:00:00,15348.0
2026-04-08 13:00:00,15213.0
2026-04-08 14:00:00,15251.0
2026-04-08 15:00:00,16059.0
2026-04-08 16:00:00,16723.0
2026-04-08 17:00:00,17422.0
2026-04-08 18:00:00,17641.0
2026-04-08 19:00:00,17934.0
2026-04-08 20:00:00,17392.0
2026-04-08 21:00:00,16476.0
2026-04-08 22:00:00,15668.0
2026-04-08 23:00:00,14944.0
2026-04-09 00:00:00,14495.0
2026-04-09 01:00:00,14289.0
2026-04-09 02:00:00,14141.0
2026-04-09 03:00:00,14231.0
2026-04-09 04:00:00,15105.0
2026-04-09 05:00:00,16069.0
2026-04-09 06:00:00,16533.0
2026-04-09 07:00:00,16854.0
2026-04-09 08:00:00,16442.0
2026-04-09 09:00:00,15969.0
2026-04-09 10:00:00,15715.0
2026-04-09 11:00:00,15596.0
2026-04-09 12:00:00,15801.0
2026-04-09 13:00:00,15731.0
2026-04-09 14:00:00,15680.0
2026-04-09 15:00:00,15991.0
2026-04-09 16:00:00,16323.0
2026-04-09 17:00:00,16259.0
2026-04-09 18:00:00,16506.0
2026-04-09 19:00:00,16769.0
2026-04-09 20:00:00,16417.0
2026-04-09 21:00:00,15553.0
2026-04-09 22:00:00,14839.0
2026-04-09 23:00:00,14376.0
2026-04-10 00:00:00,14136.0
2026-04-10 01:00:00,14000.0
2026-04-10 02:00:00,13959.0
2026-04-10 03:00:00,14110.0
2026-04-10 04:00:00,15192.0
2026-04-10 05:00:00,16218.0
2026-04-10 06:00:00,16713.0
2026-04-10 07:00:00,17302.0
2026-04-10 08:00:00,17415.0
2026-04-10 09:00:00,17366.0
2026-04-10 10:00:00,17407.0
2026-04-10 11:00:00,17590.0
2026-04-10 12:00:00,17965.0
2026-04-10 13:00:00,17949.0
2026-04-10 14:00:00,17811.0
2026-04-10 15:00:00,17437.0
2026-04-10 16:00:00,17411.0
2026-04-10 17:00:00,17638.0
2026-04-10 18:00:00,17747.0
2026-04-10 19:00:00,17458.0
2026-04-10 20:00:00,17046.0
2026-04-10 21:00:00,16151.0
2026-04-10 22:00:00,15389.0
2026-04-10 23:00:00,14735.0
2026-04-11 00:00:00,14457.0
2026-04-11 01:00:00,14226.0
2026-04-11 02:00:00,14002.0
2026-04-11 03:00:00,14137.0
2026-04-11 04:00:00,14380.0
2026-04-11 05:00:00,15096.0
2026-04-11 06:00:00,15412.0
2026-04-11 07:00:00,15820.0
2026-04-11 08:00:00,15459.0
2026-04-11 09:00:00,15290.0
2026-04-11 10:00:00,14671.0
2026-04-11 11:00:00,14445.0
2026-04-11 12:00:00,14332.0
2026-04-11 13:00:00,14234.0
2026-04-11 14:00:00,14336.0
2026-04-11 15:00:00,14569.0
2026-04-11 16:00:00,15155.0
2026-04-11 17:00:00,15545.0
2026-04-11 18:00:00,15997.0
2026-04-11 19:00:00,16069.0
2026-04-11 20:00:00,15652.0
2026-04-11 21:00:00,15204.0
2026-04-11 22:00:00,14759.0
2026-04-11 23:00:00,14214.0
2026-04-12 00:00:00,13964.0
2026-04-12 01:00:00,13784.0
2026-04-12 02:00:00,13655.0
2026-04-12 03:00:00,13409.0
2026-04-12 04:00:00,13501.0
2026-04-12 05:00:00,14278.0
2026-04-12 06:00:00,14579.0
2026-04-12 07:00:00,15157.0
2026-04-12 08:00:00,15458.0
2026-04-12 09:00:00,15695.0
2026-04-12 10:00:00,16097.0
2026-04-12 11:00:00,16021.0
2026-04-12 12:00:00,16097.0
2026-04-12 13:00:00,16308.0
2026-04-12 14:00:00,16284.0
2026-04-12 15:00:00,16339.0
2026-04-12 16:00:00,16415.0
2026-04-12 17:00:00,16426.0
2026-04-12 18:00:00,16646.0
2026-04-12 19:00:00,16724.0
2026-04-12 20:00:00,16147.0
2026-04-12 21:00:00,15302.0
2026-04-12 22:00:00,14640.0
2026-04-12 23:00:00,14199.0
2026-04-13 00:00:00,13949.0
2026-04-13 01:00:00,13643.0
2026-04-13 02:00:00,13466.0
2026-04-13 03:00:00,13489.0
2026-04-13 04:00:00,14408.0
2026-04-13 05:00:00,15470.0
2026-04-13 06:00:00,16316.0
2026-04-13 07:00:00,16733.0
2026-04-13 08:00:00,16771.0
2026-04-13 09:00:00,16745.0
2026-04-13 10:00:00,16588.0
2026-04-13 11:00:00,16132.0
2026-04-13 12:00:00,16263.0
2026-04-13 13:00:00,16351.0
2026-04-13 14:00:00,16532.0
2026-04-13 15:00:00,16384.0
2026-04-13 16:00:00,16148.0
2026-04-13 17:00:00,16393.0
2026-04-13 18:00:00,16746.0
2026-04-13 19:00:00,17059.0
2026-04-13 20:00:00,16730.0
2026-04-13 21:00:00,15831.0
2026-04-13 22:00:00,15079.0
2026-04-13 23:00:00,14390.0
2026-04-14 00:00:00,13930.0
2026-04-14 01:00:00,13643.0
2026-04-14 02:00:00,13480.0
2026-04-14 03:00:00,13562.0
2026-04-14 04:00:00,14586.0
2026-04-14 05:00:00,15576.0
2026-04-14 06:00:00,16041.0
2026-04-14 07:00:00,16501.0
2026-04-14 08:00:00,16541.0
2026-04-14 09:00:00,16516.0
2026-04-14 10:00:00,16403.0
2026-04-14 11:00:00,16393.0
2026-04-14 12:00:00,16157.0
2026-04-14 13:00:00,16194.0
2026-04-14 14:00:00,16107.0
2026-04-14 15:00:00,16504.0
2026-04-14 16:00:00,16932.0
2026-04-14 17:00:00,16923.0
2026-04-14 18:00:00,17049.0
2026-04-14 19:00:00,17298.0
2026-04-14 20:00:00,16880.0
2026-04-14 21:00:00,15995.0
2026-04-14 22:00:00,15063.0
2026-04-14 23:00:00,14360.0
2026-04-15 00:00:00,13930.0
2026-04-15 01:00:00,13643.0
2026-04-15 02:00:00,13480.0
2026-04-15 03:00:00,13562.0
2026-04-15 04:00:00,14580.0
2026-04-15 05:00:00,15577.0
2026-04-15 06:00:00,16041.0
2026-04-15 07:00:00,16501.0
2026-04-15 08:00:00,16541.0
2026-04-15 09:00:00,16616.0
2026-04-15 10:00:00,16736.0
2026-04-15 11:00:00,16603.0
2026-04-15 12:00:00,16370.0
2026-04-15 13:00:00,16368.0
2026-04-15 14:00:00,16285.0
2026-04-15 15:00:00,16665.0
2026-04-15 16:00:00,17182.0
2026-04-15 17:00:00,17273.0
2026-04-15 18:00:00,17199.0
2026-04-15 19:00:00,17298.0
2026-04-15 20:00:00,16880.0
2026-04-15 21:00:00,15995.0
2026-04-15 22:00:00,14913.0
2026-04-15 23:00:00,14160.0
2026-04-16 00:00:00,13813.0
2026-04-16 01:00:00,13510.0
2026-04-16 02:00:00,13368.0
2026-04-16 03:00:00,13583.0
2026-04-16 04:00:00,14504.0
2026-04-16 05:00:00,15471.0
2026-04-16 06:00:00,16043.0
2026-04-16 07:00:00,16555.0
2026-04-16 08:00:00,16472.0
2026-04-16 09:00:00,16395.0
2026-04-16 10:00:00,16701.0
2026-04-16 11:00:00,16792.0
2026-04-16 12:00:00,16718.0
2026-04-16 13:00:00,16698.0
2026-04-16 14:00:00,16840.0
2026-04-16 15:00:00,17153.0
2026-04-16 16:00:00,17278.0
2026-04-16 17:00:00,17057.0
2026-04-16 18:00:00,16999.0
2026-04-16 19:00:00,16955.0
2026-04-16 20:00:00,16581.0
2026-04-16 21:00:00,15804.0
2026-04-16 22:00:00,14927.0
2026-04-16 23:00:00,14292.0
2026-04-17 00:00:00,13865.0
2026-04-17 01:00:00,13564.0
2026-04-17 02:00:00,13437.0
2026-04-17 03:00:00,13529.0
2026-04-17 04:00:00,14317.0
2026-04-17 05:00:00,15369.0
2026-04-17 06:00:00,15856.0
2026-04-17 07:00:00,16310.0
2026-04-17 08:00:00,16212.0
2026-04-17 09:00:00,15934.0
2026-04-17 10:00:00,15266.0
2026-04-17 11:00:00,14838.0
2026-04-17 12:00:00,14805.0
2026-04-17 13:00:00,14726.0
2026-04-17 14:00:00,14780.0
2026-04-17 15:00:00,15072.0
2026-04-17 16:00:00,15789.0
2026-04-17 17:00:00,15870.0
2026-04-17 18:00:00,15997.0
2026-04-17 19:00:00,16363.0
2026-04-17 20:00:00,15892.0
2026-04-17 21:00:00,15011.0
2026-04-17 22:00:00,14160.0
2026-04-17 23:00:00,13321.0
2026-04-18 00:00:00,13010.0
2026-04-18 01:00:00,12831.0
2026-04-18 02:00:00,12637.0
2026-04-18 03:00:00,12495.0
2026-04-18 04:00:00,12598.0
2026-04-18 05:00:00,13212.0
2026-04-18 06:00:00,13514.0
2026-04-18 07:00:00,14068.0
2026-04-18 08:00:00,14529.0
2026-04-18 09:00:00,14887.0
2026-04-18 10:00:00,15057.0
2026-04-18 11:00:00,15163.0
2026-04-18 12:00:00,15168.0
2026-04-18 13:00:00,15265.0
2026-04-18 14:00:00,15512.0
2026-04-18 15:00:00,15696.0
2026-04-18 16:00:00,15850.0
2026-04-18 17:00:00,16075.0
2026-04-18 18:00:00,16185.0
2026-04-18 19:00:00,16082.0
2026-04-18 20:00:00,15659.0
2026-04-18 21:00:00,14809.0
2026-04-18 22:00:00,14125.0
2026-04-18 23:00:00,13440.0
2026-04-19 00:00:00,13228.0
2026-04-19 01:00:00,13140.0
2026-04-19 02:00:00,13072.0
2026-04-19 03:00:00,13103.0
2026-04-19 04:00:00,13225.0
2026-04-19 05:00:00,13613.0
2026-04-19 06:00:00,14096.0
2026-04-19 07:00:00,14620.0
2026-04-19 08:00:00,14920.0
2026-04-19 09:00:00,15070.0
2026-04-19 10:00:00,14795.0
2026-04-19 11:00:00,14694.0
2026-04-19 12:00:00,14669.0
2026-04-19 13:00:00,14674.0
2026-04-19 14:00:00,14929.0
2026-04-19 15:00:00,15363.0
2026-04-19 16:00:00,15944.0
2026-04-19 17:00:00,16309.0
2026-04-19 18:00:00,16496.0
2026-04-19 19:00:00,16712.0
2026-04-19 20:00:00,16245.0
2026-04-19 21:00:00,15675.0
2026-04-19 22:00:00,15044.0
2026-04-19 23:00:00,14568.0
2026-04-20 00:00:00,14289.0
2026-04-20 01:00:00,14069.0
2026-04-20 02:00:00,14053.0
2026-04-20 03:00:00,14338.0
2026-04-20 04:00:00,15544.0
2026-04-20 05:00:00,16711.0
2026-04-20 06:00:00,17283.0
2026-04-20 07:00:00,17288.0
2026-04-20 08:00:00,16932.0
2026-04-20 09:00:00,16584.0
2026-04-20 10:00:00,15943.0
2026-04-20 11:00:00,15703.0
2026-04-20 12:00:00,15878.0
2026-04-20 13:00:00,15753.0
2026-04-20 14:00:00,15827.0
2026-04-20 15:00:00,16271.0
2026-04-20 16:00:00,16727.0
2026-04-20 17:00:00,17178.0
2026-04-20 18:00:00,17621.0
2026-04-20 19:00:00,17662.0
2026-04-20 20:00:00,17180.0
2026-04-20 21:00:00,16471.0
2026-04-20 22:00:00,15793.0
2026-04-20 23:00:00,15123.0
2026-04-21 00:00:00,14685.0
2026-04-21 01:00:00,14416.0
2026-04-21 02:00:00,14424.0
2026-04-21 03:00:00,14685.0
2026-04-21 04:00:00,15833.0
2026-04-21 05:00:00,16909.0
2026-04-21 06:00:00,17399.0
2026-04-21 07:00:00,17273.0
2026-04-21 08:00:00,16934.0
2026-04-21 09:00:00,16580.0
2026-04-21 10:00:00,16071.0
2026-04-21 11:00:00,15513.0
2026-04-21 12:00:00,15039.0
2026-04-21 13:00:00,14970.0
2026-04-21 14:00:00,14983.0
2026-04-21 15:00:00,15593.0
2026-04-21 16:00:00,16015.0
2026-04-21 17:00:00,16424.0
2026-04-21 18:00:00,17042.0
2026-04-21 19:00:00,17063.0
2026-04-21 20:00:00,16858.0
2026-04-21 21:00:00,15991.0
2026-04-21 22:00:00,15164.0
2026-04-21 23:00:00,14496.0
2026-04-22 00:00:00,13914.0
2026-04-22 01:00:00,13655.0
2026-04-22 02:00:00,13614.0
2026-04-22 03:00:00,13919.0
2026-04-22 04:00:00,14874.0
2026-04-22 05:00:00,15822.0
2026-04-22 06:00:00,16392.0
2026-04-22 07:00:00,16567.0
2026-04-22 08:00:00,15934.0
2026-04-22 09:00:00,15342.0
2026-04-22 10:00:00,14735.0
2026-04-22 11:00:00,14550.0
2026-04-22 12:00:00,14457.0
2026-04-22 13:00:00,14454.0
2026-04-22 14:00:00,14553.0
2026-04-22 15:00:00,14961.0
2026-04-22 16:00:00,15550.0
2026-04-22 17:00:00,16072.0
2026-04-22 18:00:00,16534.0
2026-04-22 19:00:00,16807.0
2026-04-22 20:00:00,16288.0
2026-04-22 21:00:00,15397.0
2026-04-22 22:00:00,14753.0
2026-04-22 23:00:00,14009.0
2026-04-23 00:00:00,13448.0
2026-04-23 01:00:00,13230.0
2026-04-23 02:00:00,13214.0
2026-04-23 03:00:00,13435.0
2026-04-23 04:00:00,14524.0
2026-04-23 05:00:00,15588.0
2026-04-23 06:00:00,16135.0
2026-04-23 07:00:00,15951.0
2026-04-23 08:00:00,15447.0
2026-04-23 09:00:00,14974.0
2026-04-23 10:00:00,14796.0
2026-04-23 11:00:00,14654.0
2026-04-23 12:00:00,14583.0
2026-04-23 13:00:00,14572.0
2026-04-23 14:00:00,14654.0
2026-04-23 15:00:00,15297.0
2026-04-23 16:00:00,15689.0
2026-04-23 17:00:00,16015.0
2026-04-23 18:00:00,16311.0
2026-04-23 19:00:00,16761.0
2026-04-23 20:00:00,16540.0
2026-04-23 21:00:00,15515.0
2026-04-23 22:00:00,14635.0
2026-04-23 23:00:00,14021.0
2026-04-24 00:00:00,13829.0
2026-04-24 01:00:00,13502.0
2026-04-24 02:00:00,13301.0
2026-04-24 03:00:00,13319.0
2026-04-24 04:00:00,14411.0
2026-04-24 05:00:00,15366.0
2026-04-24 06:00:00,15893.0
2026-04-24 07:00:00,16070.0
2026-04-24 08:00:00,15662.0
2026-04-24 09:00:00,15291.0
2026-04-24 10:00:00,14913.0
2026-04-24 11:00:00,14637.0
2026-04-24 12:00:00,14465.0
2026-04-24 13:00:00,14826.0
2026-04-24 14:00:00,14969.0
2026-04-24 15:00:00,15389.0
2026-04-24 16:00:00,15755.0
2026-04-24 17:00:00,16170.0
2026-04-24 18:00:00,16397.0
2026-04-24 19:00:00,16563.0
2026-04-24 20:00:00,16242.0
2026-04-24 21:00:00,15461.0
2026-04-24 22:00:00,14760.0
2026-04-24 23:00:00,14021.0
2026-04-25 00:00:00,13511.0
2026-04-25 01:00:00,13235.0
2026-04-25 02:00:00,13112.0
2026-04-25 03:00:00,13151.0
2026-04-25 04:00:00,13346.0
2026-04-25 05:00:00,14117.0
2026-04-25 06:00:00,15027.0
2026-04-25 07:00:00,15416.0
2026-04-25 08:00:00,15621.0
2026-04-25 09:00:00,15529.0
2026-04-25 10:00:00,15778.0
2026-04-25 11:00:00,16089.0
2026-04-25 12:00:00,15975.0
2026-04-25 13:00:00,15752.0
2026-04-25 14:00:00,15655.0
2026-04-25 15:00:00,15602.0
2026-04-25 16:00:00,15751.0
2026-04-25 17:00:00,15818.0
2026-04-25 18:00:00,15965.0
2026-04-25 19:00:00,16142.0
2026-04-25 20:00:00,15903.0
2026-04-25 21:00:00,15205.0
2026-04-25 22:00:00,14454.0
2026-04-25 23:00:00,13892.0
2026-04-26 00:00:00,13454.0
2026-04-26 01:00:00,13211.0
2026-04-26 02:00:00,13102.0
2026-04-26 03:00:00,13112.0
2026-04-26 04:00:00,13276.0
2026-04-26 05:00:00,13679.0
2026-04-26 06:00:00,14087.0
2026-04-26 07:00:00,14170.0
2026-04-26 08:00:00,14011.0
2026-04-26 09:00:00,13797.0
2026-04-26 10:00:00,13735.0
2026-04-26 11:00:00,13673.0
2026-04-26 12:00:00,13701.0
2026-04-26 13:00:00,13691.0
2026-04-26 14:00:00,13495.0
2026-04-26 15:00:00,14402.0
2026-04-26 16:00:00,14779.0
2026-04-26 17:00:00,15205.0
2026-04-26 18:00:00,15501.0
2026-04-26 19:00:00,15760.0
2026-04-26 20:00:00,15510.0
2026-04-26 21:00:00,14839.0
2026-04-26 22:00:00,14278.0
2026-04-26 23:00:00,13633.0
2026-04-27 00:00:00,13357.0
2026-04-27 01:00:00,12985.0
2026-04-27 02:00:00,13018.0
2026-04-27 03:00:00,13440.0
2026-04-27 04:00:00,14372.0
2026-04-27 05:00:00,15396.0
2026-04-27 06:00:00,15826.0
2026-04-27 07:00:00,15914.0
2026-04-27 08:00:00,15223.0
2026-04-27 09:00:00,14660.0
2026-04-27 10:00:00,14459.0
2026-04-27 11:00:00,14439.0
2026-04-27 12:00:00,14460.0
2026-04-27 13:00:00,14452.0
2026-04-27 14:00:00,14562.0
2026-04-27 15:00:00,15084.0
2026-04-27 16:00:00,15679.0
2026-04-27 17:00:00,15862.0
2026-04-27 18:00:00,16107.0
2026-04-27 19:00:00,16307.0
2026-04-27 20:00:00,15961.0
2026-04-27 21:00:00,15192.0
2026-04-27 22:00:00,14348.0
2026-04-27 23:00:00,13429.0
2026-04-28 00:00:00,13022.0
2026-04-28 01:00:00,12829.0
2026-04-28 02:00:00,12695.0
2026-04-28 03:00:00,12838.0
2026-04-28 04:00:00,13784.0
2026-04-28 05:00:00,14624.0
2026-04-28 06:00:00,14993.0
2026-04-28 07:00:00,15398.0
2026-04-28 08:00:00,15293.0
2026-04-28 09:00:00,15652.0
2026-04-28 10:00:00,15890.0
2026-04-28 11:00:00,15735.0
2026-04-28 12:00:00,15471.0
2026-04-28 13:00:00,15361.0
2026-04-28 14:00:00,15306.0
2026-04-28 15:00:00,15862.0
2026-04-28 16:00:00,16314.0
2026-04-28 17:00:00,16471.0
2026-04-28 18:00:00,16609.0
2026-04-28 19:00:00,16820.0
2026-04-28 20:00:00,16381.0
2026-04-28 21:00:00,15467.0
2026-04-28 22:00:00,14737.0
2026-04-28 23:00:00,13942.0
2026-04-29 00:00:00,13344.0
2026-04-29 01:00:00,13146.0
2026-04-29 02:00:00,13270.0
2026-04-29 03:00:00,13381.0
2026-04-29 04:00:00,14369.0
2026-04-29 05:00:00,15285.0
2026-04-29 06:00:00,15733.0
2026-04-29 07:00:00,16249.0
2026-04-29 08:00:00,16354.0
2026-04-29 09:00:00,16330.0
2026-04-29 10:00:00,16381.0
2026-04-29 11:00:00,16324.0
2026-04-29 12:00:00,16507.0
2026-04-29 13:00:00,16387.0
2026-04-29 14:00:00,16386.0
2026-04-29 15:00:00,16450.0
2026-04-29 16:00:00,16877.0
2026-04-29 17:00:00,16874.0
2026-04-29 18:00:00,17087.0
2026-04-29 19:00:00,17165.0
2026-04-29 20:00:00,16729.0
2026-04-29 21:00:00,15939.0
2026-04-29 22:00:00,15015.0
2026-04-29 23:00:00,14394.0
2026-04-30 00:00:00,13871.0
2026-04-30 01:00:00,13754.0
2026-04-30 02:00:00,13667.0
2026-04-30 03:00:00,13821.0
2026-04-30 04:00:00,14938.0
2026-04-30 05:00:00,15980.0
2026-04-30 06:00:00,16466.0
2026-04-30 07:00:00,16744.0
2026-04-30 08:00:00,16643.0
2026-04-30 09:00:00,16443.0
2026-04-30 10:00:00,16025.0
2026-04-30 11:00:00,15577.0
2026-04-30 12:00:00,15508.0
2026-04-30 13:00:00,15686.0
2026-04-30 14:00:00,15959.0
2026-04-30 15:00:00,16149.0
2026-04-30 16:00:00,16497.0
2026-04-30 17:00:00,16719.0
2026-04-30 18:00:00,16917.0
2026-04-30 19:00:00,17083.0
2026-04-30 20:00:00,16697.0
2026-04-30 21:00:00,15832.0
2026-04-30 22:00:00,15045.0
2026-04-30 23:00:00,14501.0
2026-05-01 00:00:00,14126.0
2026-05-01 01:00:00,14167.0
2026-05-01 02:00:00,13864.0
2026-05-01 03:00:00,14126.0
2026-05-01 04:00:00,15055.0
2026-05-01 05:00:00,16061.0
2026-05-01 06:00:00,16472.0
2026-05-01 07:00:00,16592.0
2026-05-01 08:00:00,16225.0
2026-05-01 09:00:00,15860.0
2026-05-01 10:00:00,15575.0
2026-05-01 11:00:00,15387.0
2026-05-01 12:00:00,15288.0
2026-05-01 13:00:00,15196.0
2026-05-01 14:00:00,15269.0
2026-05-01 15:00:00,15695.0
2026-05-01 16:00:00,16116.0
2026-05-01 17:00:00,16208.0
2026-05-01 18:00:00,16408.0
2026-05-01 19:00:00,16689.0
2026-05-01 20:00:00,16419.0
2026-05-01 21:00:00,15631.0
2026-05-01 22:00:00,14842.0
2026-05-01 23:00:00,14259.0
2026-05-02 00:00:00,13841.0
2026-05-02 01:00:00,13667.0
2026-05-02 02:00:00,13677.0
2026-05-02 03:00:00,13874.0
2026-05-02 04:00:00,14032.0
2026-05-02 05:00:00,14252.0
2026-05-02 06:00:00,14536.0
2026-05-02 07:00:00,14976.0
2026-05-02 08:00:00,15016.0
2026-05-02 09:00:00,15006.0
2026-05-02 10:00:00,14826.0
2026-05-02 11:00:00,14958.0
2026-05-02 12:00:00,14857.0
2026-05-02 13:00:00,15017.0
2026-05-02 14:00:00,14955.0
2026-05-02 15:00:00,15141.0
2026-05-02 16:00:00,15598.0
2026-05-02 17:00:00,16070.0
2026-05-02 18:00:00,16494.0
2026-05-02 19:00:00,16825.0
2026-05-02 20:00:00,16236.0
2026-05-02 21:00:00,15410.0
2026-05-02 22:00:00,14621.0
2026-05-02 23:00:00,13927.0
2026-05-03 00:00:00,13664.0
2026-05-03 01:00:00,13447.0
2026-05-03 02:00:00,13371.0
2026-05-03 03:00:00,13385.0
2026-05-03 04:00:00,13598.0
2026-05-03 05:00:00,13955.0
2026-05-03 06:00:00,14293.0
2026-05-03 07:00:00,14382.0
2026-05-03 08:00:00,14143.0
2026-05-03 09:00:00,13993.0
2026-05-03 10:00:00,13577.0
2026-05-03 11:00:00,13577.0
2026-05-03 12:00:00,13548.0
2026-05-03 13:00:00,13710.0
2026-05-03 14:00:00,14083.0
2026-05-03 15:00:00,14541.0
2026-05-03 16:00:00,15131.0
2026-05-03 17:00:00,15442.0
2026-05-03 18:00:00,15943.0
2026-05-03 19:00:00,16205.0
2026-05-03 20:00:00,15861.0
2026-05-03 21:00:00,15026.0
2026-05-03 22:00:00,14078.0
2026-05-03 23:00:00,13448.0
2026-05-04 00:00:00,13119.0
2026-05-04 01:00:00,12889.0
2026-05-04 02:00:00,12775.0
2026-05-04 03:00:00,12870.0
2026-05-04 04:00:00,13818.0
2026-05-04 05:00:00,14764.0
2026-05-04 06:00:00,15256.0
2026-05-04 07:00:00,15600.0
2026-05-04 08:00:00,15640.0
2026-05-04 09:00:00,15088.0
2026-05-04 10:00:00,14787.0
2026-05-04 11:00:00,14496.0
2026-05-04 12:00:00,14392.0
2026-05-04 13:00:00,14396.0
2026-05-04 14:00:00,14435.0
2026-05-04 15:00:00,15236.0
2026-05-04 16:00:00,15556.0
2026-05-04 17:00:00,15887.0
2026-05-04 18:00:00,15999.0
2026-05-04 19:00:00,16209.0
2026-05-04 20:00:00,16049.0
2026-05-04 21:00:00,15063.0
2026-05-04 22:00:00,14209.0
2026-05-04 23:00:00,13541.0
2026-05-05 00:00:00,13081.0
2026-05-05 01:00:00,12960.0
2026-05-05 02:00:00,12634.0
2026-05-05 03:00:00,12918.0
2026-05-05 04:00:00,13942.0
2026-05-05 05:00:00,14947.0
2026-05-05 06:00:00,15495.0
2026-05-05 07:00:00,15977.0
2026-05-05 08:00:00,16125.0
2026-05-05 09:00:00,16228.0
2026-05-05 10:00:00,16256.0
2026-05-05 11:00:00,16261.0
2026-05-05 12:00:00,16267.0
2026-05-05 13:00:00,16247.0
2026-05-05 14:00:00,16330.0
2026-05-05 15:00:00,16614.0
2026-05-05 16:00:00,16907.0
2026-05-05 17:00:00,16988.0
2026-05-05 18:00:00,17260.0
2026-05-05 19:00:00,17258.0
2026-05-05 20:00:00,16755.0
2026-05-05 21:00:00,15574.0
2026-05-05 22:00:00,14669.0
2026-05-05 23:00:00,14080.0
2026-05-06 00:00:00,13668.0
2026-05-06 01:00:00,13403.0
2026-05-06 02:00:00,13261.0
2026-05-06 03:00:00,13256.0
2026-05-06 04:00:00,14316.0
2026-05-06 05:00:00,15329.0
2026-05-06 06:00:00,15841.0
2026-05-06 07:00:00,16295.0
2026-05-06 08:00:00,16319.0
2026-05-06 09:00:00,16308.0
2026-05-06 10:00:00,16239.0
2026-05-06 11:00:00,16178.0
2026-05-06 12:00:00,15913.0
2026-05-06 13:00:00,15800.0
2026-05-06 14:00:00,15850.0
2026-05-06 15:00:00,16130.0
2026-05-06 16:00:00,16417.0
2026-05-06 17:00:00,16453.0
2026-05-06 18:00:00,16504.0
2026-05-06 19:00:00,16846.0
2026-05-06 20:00:00,16585.0
2026-05-06 21:00:00,15830.0
2026-05-06 22:00:00,15034.0
2026-05-06 23:00:00,14446.0
2026-05-07 00:00:00,14072.0
2026-05-07 01:00:00,13820.0
2026-05-07 02:00:00,13679.0
2026-05-07 03:00:00,13771.0
2026-05-07 04:00:00,14692.0
2026-05-07 05:00:00,15696.0
2026-05-07 06:00:00,16269.0
2026-05-07 07:00:00,16320.0
2026-05-07 08:00:00,15712.0
2026-05-07 09:00:00,15113.0
2026-05-07 10:00:00,14977.0
2026-05-07 11:00:00,14975.0
2026-05-07 12:00:00,14976.0
2026-05-07 13:00:00,15329.0
2026-05-07 14:00:00,15391.0
2026-05-07 15:00:00,15657.0
2026-05-07 16:00:00,15997.0
2026-05-07 17:00:00,16288.0
2026-05-07 18:00:00,16521.0
2026-05-07 19:00:00,16837.0
2026-05-07 20:00:00,16714.0
2026-05-07 21:00:00,15837.0
2026-05-07 22:00:00,15034.0
2026-05-07 23:00:00,14335.0
2026-05-08 00:00:00,13994.0
2026-05-08 01:00:00,13755.0
2026-05-08 02:00:00,13740.0
2026-05-08 03:00:00,13937.0
2026-05-08 04:00:00,14947.0
2026-05-08 05:00:00,15713.0
2026-05-08 06:00:00,16097.0
2026-05-08 07:00:00,15973.0
2026-05-08 08:00:00,15472.0
2026-05-08 09:00:00,15078.0
2026-05-08 10:00:00,14900.0
2026-05-08 11:00:00,14795.0
2026-05-08 12:00:00,14739.0
2026-05-08 13:00:00,14701.0
2026-05-08 14:00:00,14869.0
2026-05-08 15:00:00,15023.0
2026-05-08 16:00:00,15534.0
2026-05-08 17:00:00,15806.0
2026-05-08 18:00:00,15975.0
2026-05-08 19:00:00,16250.0
2026-05-08 20:00:00,16004.0
2026-05-08 21:00:00,15092.0
2026-05-08 22:00:00,14393.0
2026-05-08 23:00:00,13801.0
2026-05-09 00:00:00,13403.0
2026-05-09 01:00:00,13165.0
2026-05-09 02:00:00,12996.0
2026-05-09 03:00:00,12966.0
2026-05-09 04:00:00,13155.0
2026-05-09 05:00:00,13481.0
2026-05-09 06:00:00,13830.0
2026-05-09 07:00:00,14217.0
2026-05-09 08:00:00,14389.0
2026-05-09 09:00:00,14455.0
2026-05-09 10:00:00,14070.0
2026-05-09 11:00:00,14058.0
2026-05-09 12:00:00,13880.0
2026-05-09 13:00:00,13763.0
2026-05-09 14:00:00,13873.0
2026-05-09 15:00:00,14415.0
2026-05-09 16:00:00,15096.0
2026-05-09 17:00:00,15346.0
2026-05-09 18:00:00,15312.0
2026-05-09 19:00:00,15327.0
2026-05-09 20:00:00,15091.0
2026-05-09 21:00:00,14458.0
2026-05-09 22:00:00,13944.0
2026-05-09 23:00:00,13340.0
2026-05-10 00:00:00,12714.0
2026-05-10 01:00:00,12470.0
2026-05-10 02:00:00,12394.0
2026-05-10 03:00:00,12478.0
2026-05-10 04:00:00,12660.0
2026-05-10 05:00:00,13180.0
2026-05-10 06:00:00,13314.0
2026-05-10 07:00:00,13441.0
2026-05-10 08:00:00,13385.0
2026-05-10 09:00:00,13131.0
2026-05-10 10:00:00,12976.0
2026-05-10 11:00:00,13027.0
2026-05-10 12:00:00,13150.0
2026-05-10 13:00:00,13192.0
2026-05-10 14:00:00,13385.0
2026-05-10 15:00:00,14262.0
2026-05-10 16:00:00,14561.0
2026-05-10 17:00:00,15002.0
2026-05-10 18:00:00,15328.0
2026-05-10 19:00:00,15588.0
2026-05-10 20:00:00,15501.0
2026-05-10 21:00:00,14811.0
2026-05-10 22:00:00,14109.0
2026-05-10 23:00:00,13564.0
2026-05-11 00:00:00,13175.0
2026-05-11 01:00:00,13013.0
2026-05-11 02:00:00,13012.0
2026-05-11 03:00:00,13200.0
2026-05-11 04:00:00,14383.0
2026-05-11 05:00:00,15299.0
2026-05-11 06:00:00,15732.0
2026-05-11 07:00:00,15971.0
2026-05-11 08:00:00,15604.0
2026-05-11 09:00:00,15168.0
2026-05-11 10:00:00,14977.0
2026-05-11 11:00:00,15057.0
2026-05-11 12:00:00,15055.0
2026-05-11 13:00:00,15027.0
2026-05-11 14:00:00,15007.0
2026-05-11 15:00:00,15089.0
2026-05-11 16:00:00,15573.0
2026-05-11 17:00:00,15864.0
2026-05-11 18:00:00,16256.0
2026-05-11 19:00:00,16470.0
2026-05-11 20:00:00,16302.0
2026-05-11 21:00:00,15556.0
2026-05-11 22:00:00,14743.0
2026-05-11 23:00:00,14156.0
2026-05-12 00:00:00,13662.0
2026-05-12 01:00:00,13441.0
2026-05-12 02:00:00,13461.0
2026-05-12 03:00:00,13650.0
2026-05-12 04:00:00,14625.0
2026-05-12 05:00:00,15521.0
2026-05-12 06:00:00,16027.0
2026-05-12 07:00:00,15916.0
2026-05-12 08:00:00,15323.0
2026-05-12 09:00:00,14928.0
2026-05-12 10:00:00,14772.0
2026-05-12 11:00:00,14738.0
2026-05-12 12:00:00,14892.0
2026-05-12 13:00:00,15000.0
2026-05-12 14:00:00,14902.0
2026-05-12 15:00:00,15300.0
2026-05-12 16:00:00,15798.0
2026-05-12 17:00:00,16125.0
2026-05-12 18:00:00,16521.0
2026-05-12 19:00:00,16666.0
2026-05-12 20:00:00,16410.0
2026-05-12 21:00:00,15531.0
2026-05-12 22:00:00,14720.0
2026-05-12 23:00:00,13994.0
2026-05-13 00:00:00,13479.0
2026-05-13 01:00:00,13504.0
2026-05-13 02:00:00,13303.0
2026-05-13 03:00:00,13381.0
2026-05-13 04:00:00,14318.0
2026-05-13 05:00:00,15237.0
2026-05-13 06:00:00,15716.0
2026-05-13 07:00:00,16056.0
2026-05-13 08:00:00,15854.0
2026-05-13 09:00:00,15808.0
2026-05-13 10:00:00,16172.0
2026-05-13 11:00:00,16047.0
2026-05-13 12:00:00,15948.0
2026-05-13 13:00:00,16020.0
2026-05-13 14:00:00,16015.0
2026-05-13 15:00:00,16360.0
2026-05-13 16:00:00,16399.0
2026-05-13 17:00:00,16753.0
2026-05-13 18:00:00,16952.0
2026-05-13 19:00:00,17187.0
2026-05-13 20:00:00,16875.0
2026-05-13 21:00:00,15999.0
2026-05-13 22:00:00,15047.0
2026-05-13 23:00:00,14274.0
2026-05-14 00:00:00,13699.0
2026-05-14 01:00:00,13381.0
2026-05-14 02:00:00,13247.0
2026-05-14 03:00:00,13366.0
2026-05-14 04:00:00,14444.0
2026-05-14 05:00:00,15463.0
2026-05-14 06:00:00,15992.0
2026-05-14 07:00:00,16246.0
2026-05-14 08:00:00,16327.0
2026-05-14 09:00:00,16151.0
2026-05-14 10:00:00,16054.0
2026-05-14 11:00:00,15971.0
2026-05-14 12:00:00,15912.0
2026-05-14 13:00:00,15899.0
2026-05-14 14:00:00,15919.0
2026-05-14 15:00:00,16145.0
2026-05-14 16:00:00,16472.0
2026-05-14 17:00:00,16710.0
2026-05-14 18:00:00,16808.0
2026-05-14 19:00:00,17082.0
2026-05-14 20:00:00,16884.0
2026-05-14 21:00:00,16010.0
2026-05-14 22:00:00,14976.0
2026-05-14 23:00:00,14160.0
2026-05-15 00:00:00,13816.0
2026-05-15 01:00:00,13566.0
2026-05-15 02:00:00,13448.0
2026-05-15 03:00:00,13483.0
2026-05-15 04:00:00,14488.0
2026-05-15 05:00:00,15498.0
2026-05-15 06:00:00,15988.0
2026-05-15 07:00:00,16054.0
2026-05-15 08:00:00,15708.0
2026-05-15 09:00:00,15332.0
2026-05-15 10:00:00,15113.0
2026-05-15 11:00:00,15056.0
2026-05-15 12:00:00,14997.0
2026-05-15 13:00:00,14942.0
2026-05-15 14:00:00,14933.0
2026-05-15 15:00:00,15193.0
2026-05-15 16:00:00,15421.0
2026-05-15 17:00:00,15732.0
2026-05-15 18:00:00,16147.0
2026-05-15 19:00:00,16210.0
2026-05-15 20:00:00,15992.0
2026-05-15 21:00:00,15120.0
2026-05-15 22:00:00,14202.0
2026-05-15 23:00:00,13481.0
2026-05-16 00:00:00,13152.0
2026-05-16 01:00:00,12669.0
2026-05-16 02:00:00,12537.0
2026-05-16 03:00:00,12533.0
2026-05-16 04:00:00,12708.0
2026-05-16 05:00:00,13077.0
2026-05-16 06:00:00,13544.0
2026-05-16 07:00:00,13948.0
2026-05-16 08:00:00,14221.0
2026-05-16 09:00:00,14411.0
2026-05-16 10:00:00,14534.0
2026-05-16 11:00:00,14654.0
2026-05-16 12:00:00,14598.0
2026-05-16 13:00:00,14563.0
2026-05-16 14:00:00,14797.0
2026-05-16 15:00:00,15200.0
2026-05-16 16:00:00,15472.0
2026-05-16 17:00:00,15299.0
2026-05-16 18:00:00,15339.0
2026-05-16 19:00:00,15310.0
2026-05-16 20:00:00,15143.0
2026-05-16 21:00:00,14509.0
2026-05-16 22:00:00,13933.0
2026-05-16 23:00:00,13332.0
2026-05-17 00:00:00,12733.0
2026-05-17 01:00:00,12488.0
2026-05-17 02:00:00,12261.0
2026-05-17 03:00:00,12104.0
2026-05-17 04:00:00,12158.0
2026-05-17 05:00:00,12381.0
2026-05-17 06:00:00,12934.0
2026-05-17 07:00:00,13311.0
2026-05-17 08:00:00,13472.0
2026-05-17 09:00:00,13518.0
2026-05-17 10:00:00,13689.0
2026-05-17 11:00:00,13727.0
2026-05-17 12:00:00,14010.0
2026-05-17 13:00:00,14311.0
2026-05-17 14:00:00,14628.0
2026-05-17 15:00:00,15029.0
2026-05-17 16:00:00,15602.0
2026-05-17 17:00:00,16103.0
2026-05-17 18:00:00,16285.0
2026-05-17 19:00:00,16207.0
2026-05-17 20:00:00,15989.0
2026-05-17 21:00:00,15237.0
2026-05-17 22:00:00,14410.0
2026-05-17 23:00:00,13587.0
2026-05-18 00:00:00,13202.0
2026-05-18 01:00:00,12753.0
2026-05-18 02:00:00,12518.0
2026-05-18 03:00:00,12547.0
2026-05-18 04:00:00,12443.0
2026-05-18 05:00:00,12828.0
2026-05-18 06:00:00,13027.0
2026-05-18 07:00:00,13534.0
2026-05-18 08:00:00,13848.0
2026-05-18 09:00:00,14307.0
2026-05-18 10:00:00,14598.0
2026-05-18 11:00:00,15038.0
2026-05-18 12:00:00,15978.0
2026-05-18 13:00:00,16387.0
2026-05-18 14:00:00,16821.0
2026-05-18 15:00:00,17916.0
2026-05-18 16:00:00,18344.0
2026-05-18 17:00:00,18670.0
2026-05-18 18:00:00,18748.0
2026-05-18 19:00:00,18357.0
2026-05-18 20:00:00,18053.0
2026-05-18 21:00:00,16997.0
2026-05-18 22:00:00,15791.0
2026-05-18 23:00:00,14828.0
2026-05-19 00:00:00,14261.0
2026-05-19 01:00:00,13963.0
2026-05-19 02:00:00,13548.0
2026-05-19 03:00:00,13692.0
2026-05-19 04:00:00,13987.0
2026-05-19 05:00:00,14991.0
2026-05-19 06:00:00,16209.0
2026-05-19 07:00:00,16850.0
2026-05-19 08:00:00,17091.0
2026-05-19 09:00:00,17287.0
2026-05-19 10:00:00,17705.0
2026-05-19 11:00:00,17894.0
2026-05-19 12:00:00,18399.0
2026-05-19 13:00:00,18823.0
2026-05-19 14:00:00,19189.0
2026-05-19 15:00:00,19616.0
2026-05-19 16:00:00,20052.0
2026-05-19 17:00:00,19979.0
2026-05-19 18:00:00,19630.0
2026-05-19 19:00:00,19259.0
2026-05-19 20:00:00,18833.0
2026-05-19 21:00:00,17780.0
2026-05-19 22:00:00,16442.0
2026-05-19 23:00:00,15340.0
2026-05-20 00:00:00,14580.0
2026-05-20 01:00:00,14268.0
2026-05-20 02:00:00,13780.0
2026-05-20 03:00:00,13763.0
2026-05-20 04:00:00,13985.0
2026-05-20 05:00:00,14551.0
2026-05-20 06:00:00,15649.0
2026-05-20 07:00:00,16078.0
2026-05-20 08:00:00,16133.0
2026-05-20 09:00:00,15988.0
2026-05-20 10:00:00,15875.0
2026-05-20 11:00:00,15679.0
2026-05-20 12:00:00,15797.0
2026-05-20 13:00:00,15768.0
2026-05-20 14:00:00,15653.0
2026-05-20 15:00:00,15772.0
2026-05-20 16:00:00,16102.0
2026-05-20 17:00:00,16227.0
2026-05-20 18:00:00,16386.0
2026-05-20 19:00:00,16409.0
2026-05-20 20:00:00,16283.0
2026-05-20 21:00:00,15457.0
2026-05-20 22:00:00,14627.0
2026-05-20 23:00:00,13906.0
2026-05-21 00:00:00,13546.0
2026-05-21 01:00:00,13379.0
2026-05-21 02:00:00,13297.0
2026-05-21 03:00:00,13366.0
2026-05-21 04:00:00,13796.0
2026-05-21 05:00:00,14674.0
2026-05-21 06:00:00,15630.0
2026-05-21 07:00:00,15646.0
2026-05-21 08:00:00,15135.0
2026-05-21 09:00:00,14696.0
2026-05-21 10:00:00,14597.0
2026-05-21 11:00:00,14513.0
2026-05-21 12:00:00,14648.0
2026-05-21 13:00:00,14567.0
2026-05-21 14:00:00,14524.0
2026-05-21 15:00:00,14723.0
2026-05-21 16:00:00,15218.0
2026-05-21 17:00:00,15510.0
2026-05-21 18:00:00,15832.0
2026-05-21 19:00:00,15954.0
2026-05-21 20:00:00,15906.0
2026-05-21 21:00:00,15185.0
2026-05-21 22:00:00,14403.0
2026-05-21 23:00:00,13717.0
2026-05-22 00:00:00,13379.0
2026-05-22 01:00:00,13233.0
2026-05-22 02:00:00,13086.0
2026-05-22 03:00:00,13132.0
2026-05-22 04:00:00,13470.0
2026-05-22 05:00:00,14269.0
2026-05-22 06:00:00,15169.0
2026-05-22 07:00:00,15319.0
2026-05-22 08:00:00,14941.0
2026-05-22 09:00:00,14616.0
2026-05-22 10:00:00,14610.0
2026-05-22 11:00:00,14546.0
2026-05-22 12:00:00,14639.0
2026-05-22 13:00:00,14613.0
2026-05-22 14:00:00,14467.0
2026-05-22 15:00:00,14538.0
2026-05-22 16:00:00,14968.0
2026-05-22 17:00:00,15101.0
2026-05-22 18:00:00,15310.0
2026-05-22 19:00:00,15377.0
2026-05-22 20:00:00,15250.0
2026-05-22 21:00:00,14552.0
2026-05-22 22:00:00,13746.0
2026-05-22 23:00:00,13103.0
2026-05-23 00:00:00,12805.0
2026-05-23 01:00:00,12646.0
2026-05-23 02:00:00,12524.0
2026-05-23 03:00:00,12503.0
2026-05-23 04:00:00,12492.0
2026-05-23 05:00:00,12676.0
2026-05-23 06:00:00,13249.0
2026-05-23 07:00:00,13763.0
2026-05-23 08:00:00,13990.0
2026-05-23 09:00:00,13975.0
2026-05-23 10:00:00,14122.0
2026-05-23 11:00:00,14016.0
2026-05-23 12:00:00,14119.0
2026-05-23 13:00:00,13961.0
2026-05-23 14:00:00,13906.0
2026-05-23 15:00:00,13897.0
2026-05-23 16:00:00,14444.0
2026-05-23 17:00:00,14735.0
2026-05-23 18:00:00,14893.0
2026-05-23 19:00:00,14794.0
2026-05-23 20:00:00,14784.0
2026-05-23 21:00:00,14202.0
2026-05-23 22:00:00,13515.0
2026-05-23 23:00:00,12859.0
2026-05-24 00:00:00,12547.0
2026-05-24 01:00:00,12344.0
2026-05-24 02:00:00,12195.0
2026-05-24 03:00:00,12116.0
2026-05-24 04:00:00,12049.0
2026-05-24 05:00:00,12211.0
2026-05-24 06:00:00,12693.0
2026-05-24 07:00:00,13101.0
2026-05-24 08:00:00,13243.0
2026-05-24 09:00:00,13339.0
2026-05-24 10:00:00,13443.0
2026-05-24 11:00:00,13457.0
2026-05-24 12:00:00,13611.0
2026-05-24 13:00:00,13646.0
2026-05-24 14:00:00,13690.0
2026-05-24 15:00:00,13927.0
2026-05-24 16:00:00,14515.0
2026-05-24 17:00:00,14805.0
2026-05-24 18:00:00,15025.0
2026-05-24 19:00:00,15019.0
2026-05-24 20:00:00,15032.0
2026-05-24 21:00:00,14386.0
2026-05-24 22:00:00,13637.0
2026-05-24 23:00:00,13013.0
2026-05-25 00:00:00,12738.0
2026-05-25 01:00:00,12612.0
2026-05-25 02:00:00,12516.0
2026-05-25 03:00:00,12643.0
2026-05-25 04:00:00,13014.0
2026-05-25 05:00:00,13937.0
2026-05-25 06:00:00,15040.0
2026-05-25 07:00:00,15413.0
2026-05-25 08:00:00,15324.0
2026-05-25 09:00:00,15356.0
2026-05-25 10:00:00,15492.0
2026-05-25 11:00:00,15521.0
2026-05-25 12:00:00,15758.0
2026-05-25 13:00:00,15946.0
2026-05-25 14:00:00,16065.0
2026-05-25 15:00:00,16358.0
2026-05-25 16:00:00,16874.0
2026-05-25 17:00:00,16900.0
2026-05-25 18:00:00,16945.0
2026-05-25 19:00:00,16820.0
2026-05-25 20:00:00,16600.0
2026-05-25 21:00:00,15688.0
2026-05-25 22:00:00,14741.0
2026-05-25 23:00:00,13916.0
2026-05-26 00:00:00,13450.0
2026-05-26 01:00:00,13228.0
2026-05-26 02:00:00,12984.0
2026-05-26 03:00:00,13006.0
2026-05-26 04:00:00,13290.0
2026-05-26 05:00:00,14226.0
2026-05-26 06:00:00,15321.0
2026-05-26 07:00:00,15621.0
2026-05-26 08:00:00,15527.0
2026-05-26 09:00:00,15426.0
2026-05-26 10:00:00,15448.0
2026-05-26 11:00:00,15400.0
2026-05-26 12:00:00,15529.0
2026-05-26 13:00:00,15596.0
2026-05-26 14:00:00,15617.0
2026-05-26 15:00:00,15835.0
2026-05-26 16:00:00,16339.0
2026-05-26 17:00:00,16406.0
2026-05-26 18:00:00,16601.0
2026-05-26 19:00:00,16509.0
2026-05-26 20:00:00,16373.0
2026-05-26 21:00:00,15475.0
2026-05-26 22:00:00,14448.0
2026-05-26 23:00:00,13669.0
2026-05-27 00:00:00,13260.0
2026-05-27 01:00:00,13122.0
2026-05-27 02:00:00,12927.0
2026-05-27 03:00:00,12964.0
2026-05-27 04:00:00,13279.0
2026-05-27 05:00:00,14163.0
2026-05-27 06:00:00,15238.0
2026-05-27 07:00:00,15554.0
2026-05-27 08:00:00,15376.0
2026-05-27 09:00:00,15273.0
2026-05-27 10:00:00,15328.0
2026-05-27 11:00:00,15283.0
2026-05-27 12:00:00,15495.0
2026-05-27 13:00:00,15618.0
2026-05-27 14:00:00,15686.0
2026-05-27 15:00:00,15960.0
2026-05-27 16:00:00,16454.0
2026-05-27 17:00:00,16510.0
2026-05-27 18:00:00,16681.0
2026-05-27 19:00:00,16638.0
2026-05-27 20:00:00,16524.0
2026-05-27 21:00:00,15621.0
2026-05-27 22:00:00,14550.0
2026-05-27 23:00:00,13733.0
2026-05-28 00:00:00,13816.0
2026-05-28 01:00:00,13445.0
2026-05-28 02:00:00,13219.0
2026-05-28 03:00:00,13238.0
2026-05-28 04:00:00,13569.0
2026-05-28 05:00:00,14338.0
2026-05-28 06:00:00,15398.0
2026-05-28 07:00:00,15853.0
2026-05-28 08:00:00,15958.0
2026-05-28 09:00:00,16117.0
2026-05-28 10:00:00,16147.0
2026-05-28 11:00:00,16091.0
2026-05-28 12:00:00,16183.0
2026-05-28 13:00:00,16261.0
2026-05-28 14:00:00,16496.0
2026-05-28 15:00:00,16944.0
2026-05-28 16:00:00,17437.0
2026-05-28 17:00:00,17610.0
2026-05-28 18:00:00,17670.0
2026-05-28 19:00:00,17435.0
2026-05-28 20:00:00,16990.0
2026-05-28 21:00:00,16164.0
2026-05-28 22:00:00,15201.0
2026-05-28 23:00:00,14508.0
2026-05-29 00:00:00,14032.0
2026-05-29 01:00:00,13670.0
2026-05-29 02:00:00,13464.0
2026-05-29 03:00:00,13501.0
2026-05-29 04:00:00,13877.0
2026-05-29 05:00:00,14702.0
2026-05-29 06:00:00,15924.0
2026-05-29 07:00:00,16680.0
2026-05-29 08:00:00,17143.0
2026-05-29 09:00:00,17546.0
2026-05-29 10:00:00,17745.0
2026-05-29 11:00:00,17832.0
2026-05-29 12:00:00,18025.0
2026-05-29 13:00:00,18158.0
2026-05-29 14:00:00,18307.0
2026-05-29 15:00:00,18542.0
2026-05-29 16:00:00,18822.0
2026-05-29 17:00:00,18970.0
2026-05-29 18:00:00,19102.0
2026-05-29 19:00:00,18824.0
2026-05-29 20:00:00,18039.0
2026-05-29 21:00:00,17175.0
2026-05-29 22:00:00,16239.0
2026-05-29 23:00:00,15509.0
2026-05-30 00:00:00,13804.0
2026-05-30 01:00:00,13471.0
2026-05-30 02:00:00,13279.0
2026-05-30 03:00:00,13164.0
2026-05-30 04:00:00,13166.0
2026-05-30 05:00:00,13301.0
2026-05-30 06:00:00,13725.0
2026-05-30 07:00:00,14233.0
2026-05-30 08:00:00,14636.0
2026-05-30 09:00:00,14879.0
2026-05-30 10:00:00,14963.0
2026-05-30 11:00:00,14944.0
2026-05-30 12:00:00,14947.0
2026-05-30 13:00:00,14932.0
2026-05-30 14:00:00,15047.0
2026-05-30 15:00:00,15365.0
2026-05-30 16:00:00,15806.0
2026-05-30 17:00:00,16107.0
2026-05-30 18:00:00,16152.0
2026-05-30 19:00:00,15924.0
2026-05-30 20:00:00,15461.0
2026-05-30 21:00:00,14961.0
2026-05-30 22:00:00,14328.0
2026-05-30 23:00:00,13775.0
2026-05-31 00:00:00,13179.0
2026-05-31 01:00:00,12811.0
2026-05-31 02:00:00,12574.0
2026-05-31 03:00:00,12481.0
2026-05-31 04:00:00,12483.0
2026-05-31 05:00:00,12570.0
2026-05-31 06:00:00,12947.0
2026-05-31 07:00:00,13475.0
2026-05-31 08:00:00,13915.0
2026-05-31 09:00:00,14240.0
2026-05-31 10:00:00,14394.0
2026-05-31 11:00:00,14467.0
2026-05-31 12:00:00,14569.0
2026-05-31 13:00:00,14612.0
2026-05-31 14:00:00,14897.0
2026-05-31 15:00:00,15380.0
2026-05-31 16:00:00,16015.0
2026-05-31 17:00:00,16339.0
2026-05-31 18:00:00,16354.0
2026-05-31 19:00:00,16262.0
2026-05-31 20:00:00,15935.0
2026-05-31 21:00:00,15316.0
2026-05-31 22:00:00,14355.0
2026-05-31 23:00:00,13547.0
2026-06-01 00:00:00,15347.0
2026-06-01 01:00:00,14711.0
2026-06-01 02:00:00,14267.0
2026-06-01 03:00:00,14276.0
2026-06-01 04:00:00,14626.0
2026-06-01 05:00:00,15602.0
2026-06-01 06:00:00,17017.0
2026-06-01 07:00:00,18150.0
2026-06-01 08:00:00,18950.0
2026-06-01 09:00:00,19640.0
2026-06-01 10:00:00,20151.0
2026-06-01 11:00:00,20531.0
2026-06-01 12:00:00,20999.0
2026-06-01 13:00:00,21325.0
2026-06-01 14:00:00,21737.0
2026-06-01 15:00:00,22268.0
2026-06-01 16:00:00,22799.0
2026-06-01 17:00:00,22911.0
2026-06-01 18:00:00,22750.0
2026-06-01 19:00:00,22278.0
2026-06-01 20:00:00,21690.0
2026-06-01 21:00:00,20517.0
2026-06-01 22:00:00,19011.0
2026-06-01 23:00:00,17803.0
2026-06-02 00:00:00,17010.0
2026-06-02 01:00:00,16300.0
2026-06-02 02:00:00,15820.0
2026-06-02 03:00:00,15681.0
2026-06-02 04:00:00,15920.0
2026-06-02 05:00:00,16818.0
2026-06-02 06:00:00,18196.0
2026-06-02 07:00:00,19327.0
2026-06-02 08:00:00,20119.0
2026-06-02 09:00:00,20805.0
2026-06-02 10:00:00,21232.0
2026-06-02 11:00:00,21508.0
2026-06-02 12:00:00,21867.0
2026-06-02 13:00:00,22108.0
2026-06-02 14:00:00,22484.0
2026-06-02 15:00:00,22992.0
2026-06-02 16:00:00,23347.0
2026-06-02 17:00:00,23243.0
2026-06-02 18:00:00,22983.0
2026-06-02 19:00:00,22478.0
2026-06-02 20:00:00,21930.0
2026-06-02 21:00:00,20755.0
2026-06-02 22:00:00,19248.0
2026-06-02 23:00:00,18040.0
2026-06-03 00:00:00,16982.0
2026-06-03 01:00:00,16277.0
2026-06-03 02:00:00,15803.0
2026-06-03 03:00:00,15660.0
2026-06-03 04:00:00,15897.0
2026-06-03 05:00:00,16806.0
2026-06-03 06:00:00,18153.0
2026-06-03 07:00:00,19203.0
2026-06-03 08:00:00,19850.0
2026-06-03 09:00:00,20450.0
2026-06-03 10:00:00,20770.0
2026-06-03 11:00:00,21019.0
2026-06-03 12:00:00,21333.0
2026-06-03 13:00:00,21537.0
2026-06-03 14:00:00,21689.0
2026-06-03 15:00:00,21919.0
2026-06-03 16:00:00,22187.0
2026-06-03 17:00:00,21908.0
2026-06-03 18:00:00,21635.0
2026-06-03 19:00:00,21132.0
2026-06-03 20:00:00,20749.0
2026-06-03 21:00:00,19650.0
2026-06-03 22:00:00,18242.0
2026-06-03 23:00:00,17142.0
2026-06-04 00:00:00,16190.0
2026-06-04 01:00:00,15571.0
2026-06-04 02:00:00,15167.0
2026-06-04 03:00:00,15073.0
2026-06-04 04:00:00,15347.0
2026-06-04 05:00:00,16215.0
2026-06-04 06:00:00,17592.0
2026-06-04 07:00:00,18540.0
2026-06-04 08:00:00,19062.0
2026-06-04 09:00:00,19538.0
2026-06-04 10:00:00,19766.0
2026-06-04 11:00:00,19837.0
2026-06-04 12:00:00,19842.0
2026-06-04 13:00:00,19829.0
2026-06-04 14:00:00,20018.0
2026-06-04 15:00:00,20164.0
2026-06-04 16:00:00,20403.0
2026-06-04 17:00:00,20432.0
2026-06-04 18:00:00,20429.0
2026-06-04 19:00:00,19944.0
2026-06-04 20:00:00,19201.0
2026-06-04 21:00:00,18229.0
2026-06-04 22:00:00,17013.0
2026-06-04 23:00:00,16095.0
2026-06-05 00:00:00,14838.0
2026-06-05 01:00:00,14345.0
2026-06-05 02:00:00,14046.0
2026-06-05 03:00:00,14007.0
2026-06-05 04:00:00,14297.0
2026-06-05 05:00:00,15156.0
2026-06-05 06:00:00,16335.0
2026-06-05 07:00:00,17019.0
2026-06-05 08:00:00,17333.0
2026-06-05 09:00:00,17616.0
2026-06-05 10:00:00,17729.0
2026-06-05 11:00:00,17786.0
2026-06-05 12:00:00,17867.0
2026-06-05 13:00:00,17853.0
2026-06-05 14:00:00,17935.0
2026-06-05 15:00:00,18238.0
2026-06-05 16:00:00,18410.0
2026-06-05 17:00:00,18256.0
2026-06-05 18:00:00,18165.0
2026-06-05 19:00:00,17845.0
2026-06-05 20:00:00,17443.0
2026-06-05 21:00:00,16626.0
2026-06-05 22:00:00,15705.0
2026-06-05 23:00:00,15007.0
2026-06-06 00:00:00,13839.0
2026-06-06 01:00:00,13502.0
2026-06-06 02:00:00,13323.0
2026-06-06 03:00:00,13220.0
2026-06-06 04:00:00,13202.0
2026-06-06 05:00:00,13363.0
2026-06-06 06:00:00,14000.0
2026-06-06 07:00:00,14842.0
2026-06-06 08:00:00,15554.0
2026-06-06 09:00:00,15951.0
2026-06-06 10:00:00,16103.0
2026-06-06 11:00:00,16082.0
2026-06-06 12:00:00,16041.0
2026-06-06 13:00:00,16050.0
2026-06-06 14:00:00,16144.0
2026-06-06 15:00:00,16397.0
2026-06-06 16:00:00,16643.0
2026-06-06 17:00:00,16564.0
2026-06-06 18:00:00,16473.0
2026-06-06 19:00:00,16143.0
2026-06-06 20:00:00,15866.0
2026-06-06 21:00:00,15368.0
2026-06-06 22:00:00,14693.0
2026-06-06 23:00:00,14155.0
2026-06-07 00:00:00,13149.0
2026-06-07 01:00:00,12850.0
2026-06-07 02:00:00,12663.0
2026-06-07 03:00:00,12586.0
2026-06-07 04:00:00,12531.0
2026-06-07 05:00:00,12587.0
2026-06-07 06:00:00,12928.0
2026-06-07 07:00:00,13486.0
2026-06-07 08:00:00,13943.0
2026-06-07 09:00:00,14200.0
2026-06-07 10:00:00,14347.0
2026-06-07 11:00:00,14414.0
2026-06-07 12:00:00,14468.0
2026-06-07 13:00:00,14545.0
2026-06-07 14:00:00,14783.0
2026-06-07 15:00:00,15253.0
2026-06-07 16:00:00,15807.0
2026-06-07 17:00:00,16166.0
2026-06-07 18:00:00,16285.0
2026-06-07 19:00:00,16051.0
2026-06-07 20:00:00,15653.0
2026-06-07 21:00:00,15171.0
2026-06-07 22:00:00,14358.0
2026-06-07 23:00:00,13704.0
2026-06-08 00:00:00,14915.0
2026-06-08 01:00:00,14335.0
2026-06-08 02:00:00,13931.0
2026-06-08 03:00:00,13961.0
2026-06-08 04:00:00,14328.0
2026-06-08 05:00:00,15255.0
2026-06-08 06:00:00,16691.0
2026-06-08 07:00:00,17845.0
2026-06-08 08:00:00,18665.0
2026-06-08 09:00:00,19311.0
2026-06-08 10:00:00,19777.0
2026-06-08 11:00:00,20101.0
2026-06-08 12:00:00,20532.0
2026-06-08 13:00:00,20797.0
2026-06-08 14:00:00,21043.0
2026-06-08 15:00:00,21509.0
2026-06-08 16:00:00,21968.0
2026-06-08 17:00:00,22079.0
2026-06-08 18:00:00,21860.0
2026-06-08 19:00:00,21427.0
2026-06-08 20:00:00,20793.0
2026-06-08 21:00:00,19698.0
2026-06-08 22:00:00,18273.0
2026-06-08 23:00:00,17152.0
2026-06-09 00:00:00,16575.0
2026-06-09 01:00:00,15890.0
2026-06-09 02:00:00,15424.0
2026-06-09 03:00:00,15301.0
2026-06-09 04:00:00,15543.0
2026-06-09 05:00:00,16417.0
2026-06-09 06:00:00,17828.0
2026-06-09 07:00:00,18900.0
2026-06-09 08:00:00,19629.0
2026-06-09 09:00:00,20225.0
2026-06-09 10:00:00,20657.0
2026-06-09 11:00:00,20970.0
2026-06-09 12:00:00,21273.0
2026-06-09 13:00:00,21465.0
2026-06-09 14:00:00,21751.0
2026-06-09 15:00:00,22207.0
2026-06-09 16:00:00,22633.0
2026-06-09 17:00:00,22699.0
2026-06-09 18:00:00,22556.0
2026-06-09 19:00:00,22056.0
2026-06-09 20:00:00,21237.0
2026-06-09 21:00:00,20113.0
2026-06-09 22:00:00,18645.0
2026-06-09 23:00:00,17481.0
2026-06-10 00:00:00,17012.0
2026-06-10 01:00:00,16313.0
2026-06-10 02:00:00,15839.0
2026-06-10 03:00:00,15700.0
2026-06-10 04:00:00,15921.0
2026-06-10 05:00:00,16806.0
2026-06-10 06:00:00,18259.0
2026-06-10 07:00:00,19438.0
2026-06-10 08:00:00,20179.0
2026-06-10 09:00:00,20690.0
2026-06-10 10:00:00,21096.0
2026-06-10 11:00:00,21336.0
2026-06-10 12:00:00,21623.0
2026-06-10 13:00:00,21845.0
2026-06-10 14:00:00,22099.0
2026-06-10 15:00:00,22564.0
2026-06-10 16:00:00,22949.0
2026-06-10 17:00:00,22816.0
2026-06-10 18:00:00,22311.0
2026-06-10 19:00:00,21733.0
2026-06-10 20:00:00,21439.0
2026-06-10 21:00:00,20319.0
2026-06-10 22:00:00,18845.0
2026-06-10 23:00:00,17676.0
2026-06-11 00:00:00,17393.0
2026-06-11 01:00:00,16669.0
2026-06-11 02:00:00,16183.0
2026-06-11 03:00:00,16042.0
2026-06-11 04:00:00,16298.0
2026-06-11 05:00:00,17211.0
2026-06-11 06:00:00,18762.0
2026-06-11 07:00:00,19989.0
2026-06-11 08:00:00,20837.0
2026-06-11 09:00:00,21408.0
2026-06-11 10:00:00,21818.0
2026-06-11 11:00:00,22045.0
2026-06-11 12:00:00,22335.0
2026-06-11 13:00:00,22619.0
2026-06-11 14:00:00,22969.0
2026-06-11 15:00:00,23414.0
2026-06-11 16:00:00,23598.0
2026-06-11 17:00:00,23336.0
2026-06-11 18:00:00,23043.0
2026-06-11 19:00:00,22422.0
2026-06-11 20:00:00,21864.0
2026-06-11 21:00:00,20738.0
2026-06-11 22:00:00,19274.0
2026-06-11 23:00:00,18110.0
2026-06-12 00:00:00,16694.0
2026-06-12 01:00:00,16022.0
2026-06-12 02:00:00,15568.0
2026-06-12 03:00:00,15421.0
2026-06-12 04:00:00,15633.0
2026-06-12 05:00:00,16472.0
2026-06-12 06:00:00,17805.0
2026-06-12 07:00:00,18816.0
2026-06-12 08:00:00,19491.0
2026-06-12 09:00:00,19925.0
2026-06-12 10:00:00,20196.0
2026-06-12 11:00:00,20334.0
2026-06-12 12:00:00,20403.0
2026-06-12 13:00:00,20348.0
2026-06-12 14:00:00,20367.0
2026-06-12 15:00:00,20496.0
2026-06-12 16:00:00,20637.0
2026-06-12 17:00:00,20378.0
2026-06-12 18:00:00,20082.0
2026-06-12 19:00:00,19496.0
2026-06-12 20:00:00,18877.0
2026-06-12 21:00:00,17967.0
2026-06-12 22:00:00,16887.0
2026-06-12 23:00:00,16062.0
2026-06-13 00:00:00,14797.0
2026-06-13 01:00:00,14372.0
2026-06-13 02:00:00,14113.0
2026-06-13 03:00:00,13956.0
2026-06-13 04:00:00,13922.0
2026-06-13 05:00:00,14122.0
2026-06-13 06:00:00,14724.0
2026-06-13 07:00:00,15519.0
2026-06-13 08:00:00,16199.0
2026-06-13 09:00:00,16670.0
2026-06-13 10:00:00,16953.0
2026-06-13 11:00:00,16953.0
2026-06-13 12:00:00,16921.0
2026-06-13 13:00:00,16995.0
2026-06-13 14:00:00,17132.0
2026-06-13 15:00:00,17507.0
2026-06-13 16:00:00,17998.0
2026-06-13 17:00:00,18221.0
2026-06-13 18:00:00,18063.0
2026-06-13 19:00:00,17553.0
2026-06-13 20:00:00,16901.0
2026-06-13 21:00:00,16320.0
2026-06-13 22:00:00,15503.0
2026-06-13 23:00:00,14826.0
2026-06-14 00:00:00,13855.0
2026-06-14 01:00:00,13448.0
2026-06-14 02:00:00,13177.0
2026-06-14 03:00:00,13045.0
2026-06-14 04:00:00,12966.0
2026-06-14 05:00:00,13007.0
2026-06-14 06:00:00,13367.0
2026-06-14 07:00:00,13962.0
2026-06-14 08:00:00,14493.0
2026-06-14 09:00:00,14766.0
2026-06-14 10:00:00,14880.0
2026-06-14 11:00:00,14854.0
2026-06-14 12:00:00,14866.0
2026-06-14 13:00:00,14935.0
2026-06-14 14:00:00,15158.0
2026-06-14 15:00:00,15683.0
2026-06-14 16:00:00,16326.0
2026-06-14 17:00:00,16636.0
2026-06-14 18:00:00,16594.0
2026-06-14 19:00:00,16341.0
2026-06-14 20:00:00,16001.0
2026-06-14 21:00:00,15473.0
2026-06-14 22:00:00,14551.0
2026-06-14 23:00:00,13808.0
2026-06-15 00:00:00,16186.0
2026-06-15 01:00:00,15456.0
2026-06-15 02:00:00,14939.0
2026-06-15 03:00:00,14899.0
2026-06-15 04:00:00,15208.0
2026-06-15 05:00:00,16172.0
2026-06-15 06:00:00,17752.0
2026-06-15 07:00:00,19028.0
2026-06-15 08:00:00,19914.0
2026-06-15 09:00:00,20645.0
2026-06-15 10:00:00,21110.0
2026-06-15 11:00:00,21528.0
2026-06-15 12:00:00,21872.0
2026-06-15 13:00:00,22079.0
2026-06-15 14:00:00,22491.0
2026-06-15 15:00:00,23064.0
2026-06-15 16:00:00,23462.0
2026-06-15 17:00:00,23432.0
2026-06-15 18:00:00,23375.0
2026-06-15 19:00:00,23028.0
2026-06-15 20:00:00,22035.0
2026-06-15 21:00:00,20869.0
2026-06-15 22:00:00,19325.0
2026-06-15 23:00:00,18076.0
2026-06-16 00:00:00,17480.0
2026-06-16 01:00:00,16718.0
2026-06-16 02:00:00,16196.0
2026-06-16 03:00:00,16038.0
2026-06-16 04:00:00,16266.0
2026-06-16 05:00:00,17179.0
2026-06-16 06:00:00,18691.0
2026-06-16 07:00:00,19956.0
2026-06-16 08:00:00,20921.0
2026-06-16 09:00:00,21740.0
2026-06-16 10:00:00,22301.0
2026-06-16 11:00:00,22662.0
2026-06-16 12:00:00,23054.0
2026-06-16 13:00:00,23370.0
2026-06-16 14:00:00,23735.0
2026-06-16 15:00:00,24184.0
2026-06-16 16:00:00,24556.0
2026-06-16 17:00:00,24602.0
2026-06-16 18:00:00,24378.0
2026-06-16 19:00:00,23903.0
2026-06-16 20:00:00,22838.0
2026-06-16 21:00:00,21642.0
2026-06-16 22:00:00,20041.0
2026-06-16 23:00:00,18738.0
2026-06-17 00:00:00,17697.0
2026-06-17 01:00:00,16895.0
2026-06-17 02:00:00,16340.0
2026-06-17 03:00:00,16149.0
2026-06-17 04:00:00,16371.0
2026-06-17 05:00:00,17283.0
2026-06-17 06:00:00,18726.0
2026-06-17 07:00:00,19859.0
2026-06-17 08:00:00,20610.0
2026-06-17 09:00:00,21243.0
2026-06-17 10:00:00,21649.0
2026-06-17 11:00:00,21912.0
2026-06-17 12:00:00,22135.0
2026-06-17 13:00:00,22352.0
2026-06-17 14:00:00,22670.0
2026-06-17 15:00:00,23130.0
2026-06-17 16:00:00,23443.0
2026-06-17 17:00:00,23208.0
2026-06-17 18:00:00,22859.0
2026-06-17 19:00:00,22466.0
2026-06-17 20:00:00,21647.0
2026-06-17 21:00:00,20520.0
2026-06-17 22:00:00,18994.0
2026-06-17 23:00:00,17768.0
2026-06-18 00:00:00,16870.0
2026-06-18 01:00:00,16167.0
2026-06-18 02:00:00,15687.0
2026-06-18 03:00:00,15538.0
2026-06-18 04:00:00,15739.0
2026-06-18 05:00:00,16597.0
2026-06-18 06:00:00,17915.0
2026-06-18 07:00:00,18813.0
2026-06-18 08:00:00,19264.0
2026-06-18 09:00:00,19603.0
2026-06-18 10:00:00,19786.0
2026-06-18 11:00:00,19856.0
2026-06-18 12:00:00,20058.0
2026-06-18 13:00:00,20145.0
2026-06-18 14:00:00,20349.0
2026-06-18 15:00:00,20728.0
2026-06-18 16:00:00,21114.0
2026-06-18 17:00:00,21314.0
2026-06-18 18:00:00,21190.0
2026-06-18 19:00:00,20755.0
2026-06-18 20:00:00,19771.0
2026-06-18 21:00:00,18828.0
2026-06-18 22:00:00,17550.0
2026-06-18 23:00:00,16546.0
2026-06-19 00:00:00,15550.0
2026-06-19 01:00:00,15002.0
2026-06-19 02:00:00,14648.0
2026-06-19 03:00:00,14568.0
2026-06-19 04:00:00,14811.0
2026-06-19 05:00:00,15620.0
2026-06-19 06:00:00,16800.0
2026-06-19 07:00:00,17613.0
2026-06-19 08:00:00,18043.0
2026-06-19 09:00:00,18300.0
2026-06-19 10:00:00,18423.0
2026-06-19 11:00:00,18455.0
2026-06-19 12:00:00,18612.0
2026-06-19 13:00:00,18681.0
2026-06-19 14:00:00,18840.0
2026-06-19 15:00:00,19216.0
2026-06-19 16:00:00,19663.0
2026-06-19 17:00:00,19880.0
2026-06-19 18:00:00,19737.0
2026-06-19 19:00:00,19494.0
2026-06-19 20:00:00,18535.0
2026-06-19 21:00:00,17744.0
2026-06-19 22:00:00,16746.0
2026-06-19 23:00:00,15948.0
2026-06-20 00:00:00,14383.0
2026-06-20 01:00:00,13941.0
2026-06-20 02:00:00,13687.0
2026-06-20 03:00:00,13533.0
2026-06-20 04:00:00,13514.0
2026-06-20 05:00:00,13716.0
2026-06-20 06:00:00,14338.0
2026-06-20 07:00:00,15212.0
2026-06-20 08:00:00,15907.0
2026-06-20 09:00:00,16401.0
2026-06-20 10:00:00,16603.0
2026-06-20 11:00:00,16592.0
2026-06-20 12:00:00,16748.0
2026-06-20 13:00:00,16955.0
2026-06-20 14:00:00,17056.0
2026-06-20 15:00:00,17331.0
2026-06-20 16:00:00,17553.0
2026-06-20 17:00:00,17499.0
2026-06-20 18:00:00,17487.0
2026-06-20 19:00:00,17154.0
2026-06-20 20:00:00,16597.0
2026-06-20 21:00:00,16079.0
2026-06-20 22:00:00,15274.0
2026-06-20 23:00:00,14558.0
