,0,1,2,3,4,5,6,7,8,9
0,"    Theta       rho
0    0.01  0.073927
1    0.10  0.077327
2    0.30  0.086504
3    0.50  0.096737
4    0.75  0.109619
5    1.00  0.121766
6    1.50  0.142595
7    2.00  0.158334
8    3.00  0.177242
9    4.00  0.188098
10   5.00  0.196505
11   6.00  0.203103
12   7.00  0.207557
13   8.00  0.209847
14   9.00  0.210296","    Theta       rho
0    0.01  0.104373
1    0.10  0.109515
2    0.30  0.121881
3    0.50  0.133313
4    0.75  0.144633
5    1.00  0.153054
6    1.50  0.164495
7    2.00  0.171696
8    3.00  0.178786
9    4.00  0.180776
10   5.00  0.180727
11   6.00  0.179708
12   7.00  0.178012
13   8.00  0.175763
14   9.00  0.173078","    Theta       rho
0    0.01  0.104962
1    0.10  0.112325
2    0.30  0.126081
3    0.50  0.137188
4    0.75  0.148779
5    1.00  0.158921
6    1.50  0.177002
7    2.00  0.192976
8    3.00  0.217826
9    4.00  0.233800
10   5.00  0.244349
11   6.00  0.251912
12   7.00  0.257117
13   8.00  0.260051
14   9.00  0.260937","    Theta       rho
0    0.01  0.024641
1    0.10  0.023183
2    0.30  0.018952
3    0.50  0.013766
4    0.75  0.006679
5    1.00 -0.000284
6    1.50 -0.011608
7    2.00 -0.018319
8    3.00 -0.020650
9    4.00 -0.015443
10   5.00 -0.008781
11   6.00 -0.002479
12   7.00  0.003351
13   8.00  0.008620
14   9.00  0.013185","    Theta       rho
0    0.01  0.263885
1    0.10  0.267213
2    0.30  0.273284
3    0.50  0.278068
4    0.75  0.282841
5    1.00  0.286650
6    1.50  0.292040
7    2.00  0.294666
8    3.00  0.291422
9    4.00  0.279347
10   5.00  0.263186
11   6.00  0.246088
12   7.00  0.229706
13   8.00  0.214810
14   9.00  0.201601","    Theta       rho
0    0.01  0.272072
1    0.10  0.275374
2    0.30  0.280722
3    0.50  0.284303
4    0.75  0.287335
5    1.00  0.289364
6    1.50  0.291289
7    2.00  0.290538
8    3.00  0.280969
9    4.00  0.263946
10   5.00  0.244712
11   6.00  0.226033
12   7.00  0.208813
13   8.00  0.193474
14   9.00  0.180251","    Theta       rho
0    0.01 -0.020627
1    0.10 -0.011513
2    0.30  0.011797
3    0.50  0.035014
4    0.75  0.059501
5    1.00  0.078241
6    1.50  0.103249
7    2.00  0.118260
8    3.00  0.133587
9    4.00  0.140677
10   5.00  0.144330
11   6.00  0.145579
12   7.00  0.145030
13   8.00  0.143278
14   9.00  0.140817","    Theta       rho
0    0.01  0.146359
1    0.10  0.147074
2    0.30  0.149307
3    0.50  0.152153
4    0.75  0.156195
5    1.00  0.160527
6    1.50  0.169479
7    2.00  0.177867
8    3.00  0.190021
9    4.00  0.197375
10   5.00  0.203279
11   6.00  0.208665
12   7.00  0.213236
13   8.00  0.216674
14   9.00  0.218840","    Theta       rho
0    0.01  0.227865
1    0.10  0.233732
2    0.30  0.243715
3    0.50  0.250215
4    0.75  0.254657
5    1.00  0.256164
6    1.50  0.253712
7    2.00  0.247330
8    3.00  0.231173
9    4.00  0.216272
10   5.00  0.203823
11   6.00  0.192890
12   7.00  0.182614
13   8.00  0.172581
14   9.00  0.162683","    Theta       rho
0    0.01 -0.177871
1    0.10 -0.158975
2    0.30 -0.103191
3    0.50 -0.048194
4    0.75  0.004576
5    1.00  0.041865
6    1.50  0.091474
7    2.00  0.125407
8    3.00  0.170770
9    4.00  0.198120
10   5.00  0.214676
11   6.00  0.224435
12   7.00  0.229636
13   8.00  0.231499
14   9.00  0.230793"
1,"    Theta       rho
0    0.01  0.122532
1    0.10  0.123491
2    0.30  0.127468
3    0.50  0.133355
4    0.75  0.142243
5    1.00  0.151655
6    1.50  0.168694
7    2.00  0.180845
8    3.00  0.190737
9    4.00  0.189842
10   5.00  0.186085
11   6.00  0.182542
12   7.00  0.179521
13   8.00  0.176517
14   9.00  0.172932","    Theta       rho
0    0.01  0.181674
1    0.10  0.185607
2    0.30  0.193308
3    0.50  0.199779
4    0.75  0.206440
5    1.00  0.211759
6    1.50  0.219013
7    2.00  0.222448
8    3.00  0.220865
9    4.00  0.213302
10   5.00  0.204867
11   6.00  0.197782
12   7.00  0.192315
13   8.00  0.188142
14   9.00  0.184811","    Theta       rho
0    0.01  0.081641
1    0.10  0.085834
2    0.30  0.093283
3    0.50  0.098716
4    0.75  0.103612
5    1.00  0.107241
6    1.50  0.112612
7    2.00  0.116296
8    3.00  0.118252
9    4.00  0.117180
10   5.00  0.118500
11   6.00  0.122370
12   7.00  0.126870
13   8.00  0.130442
14   9.00  0.132343","    Theta       rho
0    0.01  0.272419
1    0.10  0.275670
2    0.30  0.281165
3    0.50  0.284868
4    0.75  0.287700
5    1.00  0.289047
6    1.50  0.288415
7    2.00  0.284146
8    3.00  0.266354
9    4.00  0.241260
10   5.00  0.216941
11   6.00  0.197719
12   7.00  0.184096
13   8.00  0.174956
14   9.00  0.168844","    Theta       rho
0    0.01  0.263895
1    0.10  0.266675
2    0.30  0.271474
3    0.50  0.274898
4    0.75  0.277817
5    1.00  0.279543
6    1.50  0.279769
7    2.00  0.275587
8    3.00  0.254743
9    4.00  0.224079
10   5.00  0.193314
11   6.00  0.167138
12   7.00  0.146212
13   8.00  0.130159
14   9.00  0.118400","    Theta       rho
0    0.01  0.276802
1    0.10  0.280959
2    0.30  0.289291
3    0.50  0.296540
4    0.75  0.304278
5    1.00  0.310703
6    1.50  0.320205
7    2.00  0.326286
8    3.00  0.331822
9    4.00  0.330602
10   5.00  0.325316
11   6.00  0.319333
12   7.00  0.314180
13   8.00  0.310034
14   9.00  0.306569","    Theta       rho
0    0.01  0.144396
1    0.10  0.145419
2    0.30  0.147514
3    0.50  0.149293
4    0.75  0.150992
5    1.00  0.152103
6    1.50  0.152880
7    2.00  0.152330
8    3.00  0.149647
9    4.00  0.148351
10   5.00  0.150468
11   6.00  0.155486
12   7.00  0.161575
13   8.00  0.166909
14   9.00  0.170350","    Theta       rho
0    0.01  0.224005
1    0.10  0.228093
2    0.30  0.235707
3    0.50  0.241301
4    0.75  0.245630
5    1.00  0.247403
6    1.50  0.245383
7    2.00  0.238990
8    3.00  0.221807
9    4.00  0.205067
10   5.00  0.191471
11   6.00  0.181256
12   7.00  0.173899
13   8.00  0.169043
14   9.00  0.166468","    Theta       rho
0    0.01  0.221707
1    0.10  0.234692
2    0.30  0.258215
3    0.50  0.275317
4    0.75  0.289702
5    1.00  0.298457
6    1.50  0.305293
7    2.00  0.303837
8    3.00  0.289919
9    4.00  0.271419
10   5.00  0.253079
11   6.00  0.236503
12   7.00  0.222286
13   8.00  0.210560
14   9.00  0.200923","    Theta       rho
0    0.01  0.056154
1    0.10  0.059191
2    0.30  0.067415
3    0.50  0.077387
4    0.75  0.091631
5    1.00  0.106952
6    1.50  0.137410
7    2.00  0.164023
8    3.00  0.200688
9    4.00  0.218614
10   5.00  0.226041
11   6.00  0.229325
12   7.00  0.231311
13   8.00  0.232707
14   9.00  0.233430"
2,"    Theta       rho
0    0.01  0.152891
1    0.10  0.155770
2    0.30  0.162223
3    0.50  0.168601
4    0.75  0.176247
5    1.00  0.183408
6    1.50  0.196358
7    2.00  0.207966
8    3.00  0.227098
9    4.00  0.239558
10   5.00  0.246136
11   6.00  0.247514
12   7.00  0.244373
13   8.00  0.237980
14   9.00  0.229789","    Theta       rho
0    0.01  0.217791
1    0.10  0.222080
2    0.30  0.230412
3    0.50  0.237250
4    0.75  0.244007
5    1.00  0.249107
6    1.50  0.255391
7    2.00  0.257484
8    3.00  0.251694
9    4.00  0.238129
10   5.00  0.223429
11   6.00  0.209980
12   7.00  0.197596
13   8.00  0.185819
14   9.00  0.174533","    Theta       rho
0    0.01  0.275214
1    0.10  0.278204
2    0.30  0.283706
3    0.50  0.287941
4    0.75  0.291882
5    1.00  0.294666
6    1.50  0.297493
7    2.00  0.296714
8    3.00  0.282275
9    4.00  0.255594
10   5.00  0.228406
11   6.00  0.205298
12   7.00  0.185995
13   8.00  0.169766
14   9.00  0.156167","    Theta       rho
0    0.01  0.270389
1    0.10  0.273777
2    0.30  0.279576
3    0.50  0.283472
4    0.75  0.286287
5    1.00  0.287270
6    1.50  0.284666
7    2.00  0.276557
8    3.00  0.246340
9    4.00  0.207059
10   5.00  0.171280
11   6.00  0.143582
12   7.00  0.122376
13   8.00  0.104853
14   9.00  0.089056","    Theta       rho
0    0.01  0.268901
1    0.10  0.272708
2    0.30  0.280522
3    0.50  0.287512
4    0.75  0.295159
5    1.00  0.301654
6    1.50  0.311569
7    2.00  0.318187
8    3.00  0.323517
9    4.00  0.318697
10   5.00  0.307412
11   6.00  0.293795
12   7.00  0.279237
13   8.00  0.264157
14   9.00  0.249093","    Theta       rho
0    0.01  0.303741
1    0.10  0.306794
2    0.30  0.312673
3    0.50  0.317427
4    0.75  0.321948
5    1.00  0.325021
6    1.50  0.327224
7    2.00  0.324847
8    3.00  0.310479
9    4.00  0.290803
10   5.00  0.271314
11   6.00  0.252769
12   7.00  0.234656
13   8.00  0.216653
14   9.00  0.199024","    Theta       rho
0    0.01  0.217278
1    0.10  0.220473
2    0.30  0.226462
3    0.50  0.230944
4    0.75  0.234472
5    1.00  0.235767
6    1.50  0.232149
7    2.00  0.221423
8    3.00  0.186988
9    4.00  0.151120
10   5.00  0.123989
11   6.00  0.105947
12   7.00  0.094837
13   8.00  0.088785
14   9.00  0.086200","    Theta       rho
0    0.01  0.217560
1    0.10  0.227687
2    0.30  0.247036
3    0.50  0.262217
4    0.75  0.276131
5    1.00  0.285657
6    1.50  0.296352
7    2.00  0.301169
8    3.00  0.302415
9    4.00  0.294955
10   5.00  0.281465
11   6.00  0.264813
12   7.00  0.246890
13   8.00  0.229023
14   9.00  0.212134","    Theta       rho
0    0.01  0.226675
1    0.10  0.237639
2    0.30  0.258141
3    0.50  0.273734
4    0.75  0.287457
5    1.00  0.296174
6    1.50  0.303342
7    2.00  0.301981
8    3.00  0.287189
9    4.00  0.268451
10   5.00  0.252481
11   6.00  0.239829
12   7.00  0.228761
13   8.00  0.217856
14   9.00  0.206532","    Theta       rho
0    0.01  0.110831
1    0.10  0.112073
2    0.30  0.115882
3    0.50  0.121061
4    0.75  0.129149
5    1.00  0.138513
6    1.50  0.158643
7    2.00  0.177092
8    3.00  0.200277
9    4.00  0.207102
10   5.00  0.206214
11   6.00  0.202775
12   7.00  0.197859
13   8.00  0.191187
14   9.00  0.182922"
3,"    Theta       rho
0    0.01  0.134645
1    0.10  0.136452
2    0.30  0.140241
3    0.50  0.143830
4    0.75  0.148188
5    1.00  0.152536
6    1.50  0.161567
7    2.00  0.171195
8    3.00  0.190302
9    4.00  0.206799
10   5.00  0.220053
11   6.00  0.228864
12   7.00  0.232586
13   8.00  0.231715
14   9.00  0.227624","    Theta       rho
0    0.01  0.249885
1    0.10  0.254234
2    0.30  0.262674
3    0.50  0.269555
4    0.75  0.276219
5    1.00  0.281027
6    1.50  0.286168
7    2.00  0.286686
8    3.00  0.278066
9    4.00  0.263179
10   5.00  0.248786
11   6.00  0.236829
12   7.00  0.226380
13   8.00  0.216271
14   9.00  0.205994","    Theta       rho
0    0.01  0.271988
1    0.10  0.275556
2    0.30  0.282513
3    0.50  0.288366
4    0.75  0.294453
5    1.00  0.299402
6    1.50  0.306089
7    2.00  0.307861
8    3.00  0.294387
9    4.00  0.266578
10   5.00  0.238961
11   6.00  0.216189
12   7.00  0.197171
13   8.00  0.180649
14   9.00  0.166041","    Theta       rho
0    0.01  0.275386
1    0.10  0.278526
2    0.30  0.284427
3    0.50  0.288932
4    0.75  0.292725
5    1.00  0.294594
6    1.50  0.293064
7    2.00  0.285491
8    3.00  0.257852
9    4.00  0.225458
10   5.00  0.200352
11   6.00  0.184499
12   7.00  0.174384
13   8.00  0.166665
14   9.00  0.159600","    Theta       rho
0    0.01  0.296278
1    0.10  0.298970
2    0.30  0.304183
3    0.50  0.308425
4    0.75  0.312483
5    1.00  0.315265
6    1.50  0.317379
7    2.00  0.315507
8    3.00  0.302843
9    4.00  0.284103
10   5.00  0.265027
11   6.00  0.247464
12   7.00  0.231221
13   8.00  0.215602
14   9.00  0.200127","    Theta       rho
0    0.01  0.330435
1    0.10  0.333492
2    0.30  0.339024
3    0.50  0.342939
4    0.75  0.345753
5    1.00  0.346456
6    1.50  0.342279
7    2.00  0.331944
8    3.00  0.300538
9    4.00  0.267394
10   5.00  0.239567
11   6.00  0.216952
12   7.00  0.198143
13   8.00  0.181944
14   9.00  0.167687","    Theta       rho
0    0.01  0.210868
1    0.10  0.219955
2    0.30  0.237618
3    0.50  0.251847
4    0.75  0.265201
5    1.00  0.274346
6    1.50  0.283288
7    2.00  0.284311
8    3.00  0.275937
9    4.00  0.264254
10   5.00  0.254845
11   6.00  0.248234
12   7.00  0.242561
13   8.00  0.236070
14   9.00  0.227858","    Theta       rho
0    0.01  0.224853
1    0.10  0.233501
2    0.30  0.250220
3    0.50  0.263615
4    0.75  0.276177
5    1.00  0.284860
6    1.50  0.293851
7    2.00  0.295916
8    3.00  0.290658
9    4.00  0.280537
10   5.00  0.269280
11   6.00  0.257944
12   7.00  0.246221
13   8.00  0.233901
14   9.00  0.221222","    Theta       rho
0    0.01  0.323696
1    0.10  0.330303
2    0.30  0.342893
3    0.50  0.352928
4    0.75  0.362404
5    1.00  0.368958
6    1.50  0.374728
7    2.00  0.372435
8    3.00  0.351828
9    4.00  0.323775
10   5.00  0.299367
11   6.00  0.281617
12   7.00  0.268689
13   8.00  0.257643
14   9.00  0.246572","    Theta       rho
0    0.01  0.145822
1    0.10  0.148252
2    0.30  0.153511
3    0.50  0.158587
4    0.75  0.164693
5    1.00  0.170569
6    1.50  0.181882
7    2.00  0.192802
8    3.00  0.211191
9    4.00  0.221731
10   5.00  0.226530
11   6.00  0.228402
12   7.00  0.228335
13   8.00  0.226437
14   9.00  0.222848"
4,"    Theta       rho
0    0.01  0.280857
1    0.10  0.284354
2    0.30  0.291510
3    0.50  0.297852
4    0.75  0.304671
5    1.00  0.310306
6    1.50  0.318342
7    2.00  0.322853
8    3.00  0.325054
9    4.00  0.321900
10   5.00  0.315532
11   6.00  0.306656
12   7.00  0.295714
13   8.00  0.283761
14   9.00  0.271957","    Theta       rho
0    0.01  0.278051
1    0.10  0.282431
2    0.30  0.291020
3    0.50  0.298139
4    0.75  0.305168
5    1.00  0.310335
6    1.50  0.315831
7    2.00  0.315845
8    3.00  0.303654
9    4.00  0.283007
10   5.00  0.261554
11   6.00  0.242083
12   7.00  0.224547
13   8.00  0.208559
14   9.00  0.193954","    Theta       rho
0    0.01  0.277839
1    0.10  0.281433
2    0.30  0.288878
3    0.50  0.295636
4    0.75  0.303178
5    1.00  0.309731
6    1.50  0.319696
7    2.00  0.324941
8    3.00  0.320876
9    4.00  0.305778
10   5.00  0.291899
11   6.00  0.282153
12   7.00  0.274174
13   8.00  0.266053
14   9.00  0.257031","    Theta       rho
0    0.01  0.308279
1    0.10  0.310306
2    0.30  0.313851
3    0.50  0.316183
4    0.75  0.317552
5    1.00  0.317349
6    1.50  0.312730
7    2.00  0.303341
8    3.00  0.275247
9    4.00  0.244593
10   5.00  0.219238
11   6.00  0.197869
12   7.00  0.176784
13   8.00  0.154977
14   9.00  0.133329","    Theta       rho
0    0.01  0.324633
1    0.10  0.327365
2    0.30  0.332387
3    0.50  0.336044
4    0.75  0.338819
5    1.00  0.339714
6    1.50  0.336286
7    2.00  0.326682
8    3.00  0.294337
9    4.00  0.254911
10   5.00  0.217478
11   6.00  0.185789
12   7.00  0.160192
13   8.00  0.139551
14   9.00  0.122643","    Theta       rho
0    0.01  0.329080
1    0.10  0.335349
2    0.30  0.347336
3    0.50  0.356797
4    0.75  0.365407
5    1.00  0.370868
6    1.50  0.374030
7    2.00  0.369272
8    3.00  0.345771
9    4.00  0.315954
10   5.00  0.287121
11   6.00  0.260439
12   7.00  0.235270
13   8.00  0.211095
14   9.00  0.187863","    Theta       rho
0    0.01  0.217379
1    0.10  0.225655
2    0.30  0.242086
3    0.50  0.255822
4    0.75  0.269424
5    1.00  0.279496
6    1.50  0.291138
7    2.00  0.294481
8    3.00  0.286464
9    4.00  0.269617
10   5.00  0.251379
11   6.00  0.234495
12   7.00  0.219582
13   8.00  0.206799
14   9.00  0.196091","    Theta       rho
0    0.01  0.319021
1    0.10  0.325389
2    0.30  0.337952
3    0.50  0.348509
4    0.75  0.359201
5    1.00  0.367429
6    1.50  0.377521
7    2.00  0.380435
8    3.00  0.371270
9    4.00  0.352779
10   5.00  0.332247
11   6.00  0.311916
12   7.00  0.292471
13   8.00  0.274565
14   9.00  0.258739","    Theta       rho
0    0.01  0.315195
1    0.10  0.321653
2    0.30  0.334130
3    0.50  0.344267
4    0.75  0.354056
5    1.00  0.361038
6    1.50  0.367732
7    2.00  0.365998
8    3.00  0.343210
9    4.00  0.307626
10   5.00  0.272868
11   6.00  0.245199
12   7.00  0.224777
13   8.00  0.209232
14   9.00  0.196059","    Theta       rho
0    0.01  0.127611
1    0.10  0.129221
2    0.30  0.132608
3    0.50  0.135783
4    0.75  0.139507
5    1.00  0.142960
6    1.50  0.148833
7    2.00  0.152749
8    3.00  0.152667
9    4.00  0.143517
10   5.00  0.130731
11   6.00  0.118212
12   7.00  0.107498
13   8.00  0.099084
14   9.00  0.093062"
5,"    Theta       rho
0    0.01  0.276445
1    0.10  0.280168
2    0.30  0.287847
3    0.50  0.294756
4    0.75  0.302393
5    1.00  0.309011
6    1.50  0.319549
7    2.00  0.327020
8    3.00  0.334331
9    4.00  0.332229
10   5.00  0.321966
11   6.00  0.305958
12   7.00  0.286636
13   8.00  0.266124
14   9.00  0.245957","    Theta       rho
0    0.01  0.309013
1    0.10  0.313523
2    0.30  0.322488
3    0.50  0.330076
4    0.75  0.337774
5    1.00  0.343651
6    1.50  0.350522
7    2.00  0.351698
8    3.00  0.340901
9    4.00  0.319640
10   5.00  0.294416
11   6.00  0.268836
12   7.00  0.244783
13   8.00  0.223128
14   9.00  0.204063","    Theta       rho
0    0.01  0.311077
1    0.10  0.313319
2    0.30  0.317676
3    0.50  0.321277
4    0.75  0.324855
5    1.00  0.327517
6    1.50  0.330293
7    2.00  0.329713
8    3.00  0.318995
9    4.00  0.299182
10   5.00  0.275654
11   6.00  0.252160
12   7.00  0.230529
13   8.00  0.211059
14   9.00  0.193286","    Theta       rho
0    0.01  0.336363
1    0.10  0.338675
2    0.30  0.342900
3    0.50  0.345905
4    0.75  0.348007
5    1.00  0.348344
6    1.50  0.344063
7    2.00  0.333949
8    3.00  0.301461
9    4.00  0.262245
10   5.00  0.224609
11   6.00  0.191750
12   7.00  0.164198
13   8.00  0.141985
14   9.00  0.124968","    Theta       rho
0    0.01  0.323156
1    0.10  0.329159
2    0.30  0.340864
3    0.50  0.350401
4    0.75  0.359485
5    1.00  0.365703
6    1.50  0.370818
7    2.00  0.368234
8    3.00  0.348896
9    4.00  0.321632
10   5.00  0.292678
11   6.00  0.264008
12   7.00  0.236858
13   8.00  0.212150
14   9.00  0.190223","    Theta       rho
0    0.01  0.332855
1    0.10  0.338424
2    0.30  0.349280
3    0.50  0.358133
4    0.75  0.366593
5    1.00  0.372414
6    1.50  0.377176
7    2.00  0.374263
8    3.00  0.351639
9    4.00  0.315938
10   5.00  0.275824
11   6.00  0.237020
12   7.00  0.202698
13   8.00  0.173666
14   9.00  0.149288","    Theta       rho
0    0.01  0.314061
1    0.10  0.321079
2    0.30  0.335098
3    0.50  0.347043
4    0.75  0.359276
5    1.00  0.368781
6    1.50  0.380672
7    2.00  0.384635
8    3.00  0.376087
9    4.00  0.356394
10   5.00  0.333896
11   6.00  0.312353
12   7.00  0.292549
13   8.00  0.274172
14   9.00  0.256855","    Theta       rho
0    0.01  0.310585
1    0.10  0.316741
2    0.30  0.328922
3    0.50  0.339146
4    0.75  0.349377
5    1.00  0.356981
6    1.50  0.364988
7    2.00  0.364319
8    3.00  0.343066
9    4.00  0.308003
10   5.00  0.269763
11   6.00  0.233053
12   7.00  0.199884
13   8.00  0.171131
14   9.00  0.146936","    Theta       rho
0    0.01  0.322385
1    0.10  0.327475
2    0.30  0.337700
3    0.50  0.346565
4    0.75  0.355951
5    1.00  0.363654
6    1.50  0.374476
7    2.00  0.379407
8    3.00  0.373082
9    4.00  0.353305
10   5.00  0.329896
11   6.00  0.307292
12   7.00  0.287232
13   8.00  0.270556
14   9.00  0.257396","    Theta       rho
0    0.01  0.275506
1    0.10  0.278976
2    0.30  0.286173
3    0.50  0.292689
4    0.75  0.299905
5    1.00  0.306114
6    1.50  0.315658
7    2.00  0.321774
8    3.00  0.326265
9    4.00  0.323513
10   5.00  0.315082
11   6.00  0.302090
12   7.00  0.286258
13   8.00  0.269257
14   9.00  0.252188"
6,"    Theta       rho
0    0.01  0.282999
1    0.10  0.287556
2    0.30  0.296964
3    0.50  0.305381
4    0.75  0.314534
5    1.00  0.322239
6    1.50  0.333767
7    2.00  0.341001
8    3.00  0.345790
9    4.00  0.339947
10   5.00  0.325319
11   6.00  0.304776
12   7.00  0.281001
13   8.00  0.255885
14   9.00  0.230764","    Theta       rho
0    0.01  0.317586
1    0.10  0.322018
2    0.30  0.330918
3    0.50  0.338564
4    0.75  0.346462
5    1.00  0.352628
6    1.50  0.360174
7    2.00  0.361932
8    3.00  0.351386
9    4.00  0.329155
10   5.00  0.302809
11   6.00  0.276732
12   7.00  0.252739
13   8.00  0.231380
14   9.00  0.212722","    Theta       rho
0    0.01  0.332388
1    0.10  0.335603
2    0.30  0.341995
3    0.50  0.347343
4    0.75  0.352543
5    1.00  0.356080
6    1.50  0.358191
7    2.00  0.354017
8    3.00  0.330670
9    4.00  0.296344
10   5.00  0.261220
11   6.00  0.231627
12   7.00  0.209202
13   8.00  0.192802
14   9.00  0.180581","    Theta       rho
0    0.01  0.342439
1    0.10  0.346863
2    0.30  0.355459
3    0.50  0.362410
4    0.75  0.368908
5    1.00  0.373132
6    1.50  0.375478
7    2.00  0.370917
8    3.00  0.347267
9    4.00  0.314474
10   5.00  0.281327
11   6.00  0.251236
12   7.00  0.224587
13   8.00  0.201275
14   9.00  0.181483","    Theta       rho
0    0.01  0.326259
1    0.10  0.331667
2    0.30  0.342385
3    0.50  0.351367
4    0.75  0.360279
5    1.00  0.366775
6    1.50  0.373190
7    2.00  0.371925
8    3.00  0.351873
9    4.00  0.318331
10   5.00  0.280905
11   6.00  0.245037
12   7.00  0.213453
13   8.00  0.187411
14   9.00  0.167089","    Theta       rho
0    0.01  0.370099
1    0.10  0.374502
2    0.30  0.383032
3    0.50  0.389957
4    0.75  0.396564
5    1.00  0.401101
6    1.50  0.404661
7    2.00  0.401846
8    3.00  0.382080
9    4.00  0.352508
10   5.00  0.321793
11   6.00  0.294474
12   7.00  0.271760
13   8.00  0.253195
14   9.00  0.237740","    Theta       rho
0    0.01  0.305292
1    0.10  0.311956
2    0.30  0.325380
3    0.50  0.336950
4    0.75  0.348930
5    1.00  0.358298
6    1.50  0.369721
7    2.00  0.372168
8    3.00  0.355514
9    4.00  0.322356
10   5.00  0.285015
11   6.00  0.250255
12   7.00  0.220795
13   8.00  0.197149
14   9.00  0.178734","    Theta       rho
0    0.01  0.316316
1    0.10  0.321276
2    0.30  0.331238
3    0.50  0.339792
4    0.75  0.348607
5    1.00  0.355446
6    1.50  0.363566
7    2.00  0.364787
8    3.00  0.350514
9    4.00  0.324561
10   5.00  0.296509
11   6.00  0.269012
12   7.00  0.242224
13   8.00  0.216131
14   9.00  0.190936","    Theta       rho
0    0.01  0.318170
1    0.10  0.323021
2    0.30  0.332954
3    0.50  0.341791
4    0.75  0.351408
5    1.00  0.359536
6    1.50  0.371507
7    2.00  0.377768
8    3.00  0.374560
9    4.00  0.358823
10   5.00  0.340429
11   6.00  0.323010
12   7.00  0.307155
13   8.00  0.293183
14   9.00  0.281377","    Theta       rho
0    0.01  0.272132
1    0.10  0.275613
2    0.30  0.282853
3    0.50  0.289459
4    0.75  0.296905
5    1.00  0.303531
6    1.50  0.314567
7    2.00  0.322936
8    3.00  0.332375
9    4.00  0.332105
10   5.00  0.323142
11   6.00  0.308333
12   7.00  0.290110
13   8.00  0.270199
14   9.00  0.250127"
7,"    Theta       rho
0    0.01  0.305108
1    0.10  0.308376
2    0.30  0.315169
3    0.50  0.321371
4    0.75  0.328389
5    1.00  0.334684
6    1.50  0.345381
7    2.00  0.353780
8    3.00  0.363125
9    4.00  0.360653
10   5.00  0.347900
11   6.00  0.329662
12   7.00  0.309477
13   8.00  0.289014
14   9.00  0.269157","    Theta       rho
0    0.01  0.325916
1    0.10  0.330286
2    0.30  0.339114
3    0.50  0.346761
4    0.75  0.354730
5    1.00  0.361010
6    1.50  0.368802
7    2.00  0.370701
8    3.00  0.359787
9    4.00  0.336421
10   5.00  0.308990
11   6.00  0.282318
12   7.00  0.258194
13   8.00  0.237045
14   9.00  0.218768","    Theta       rho
0    0.01  0.339298
1    0.10  0.345128
2    0.30  0.356864
3    0.50  0.366917
4    0.75  0.377155
5    1.00  0.384896
6    1.50  0.393425
7    2.00  0.393815
8    3.00  0.376432
9    4.00  0.345662
10   5.00  0.312672
11   6.00  0.284048
12   7.00  0.261645
13   8.00  0.244661
14   9.00  0.231678","    Theta       rho
0    0.01  0.344369
1    0.10  0.348543
2    0.30  0.356832
3    0.50  0.363786
4    0.75  0.370641
5    1.00  0.375507
6    1.50  0.379524
7    2.00  0.376455
8    3.00  0.353086
9    4.00  0.316549
10   5.00  0.278178
11   6.00  0.244096
12   7.00  0.215746
13   8.00  0.192560
14   9.00  0.173390","    Theta       rho
0    0.01  0.364073
1    0.10  0.368550
2    0.30  0.377284
3    0.50  0.384474
4    0.75  0.391505
5    1.00  0.396578
6    1.50  0.401557
7    2.00  0.400573
8    3.00  0.385153
9    4.00  0.360753
10   5.00  0.336201
11   6.00  0.314338
12   7.00  0.294800
13   8.00  0.277271
14   9.00  0.261795","    Theta       rho
0    0.01  0.362993
1    0.10  0.367268
2    0.30  0.375684
3    0.50  0.382695
4    0.75  0.389625
5    1.00  0.394645
6    1.50  0.399307
7    2.00  0.397253
8    3.00  0.376344
9    4.00  0.342147
10   5.00  0.304860
11   6.00  0.269368
12   7.00  0.237720
13   8.00  0.211188
14   9.00  0.190037","    Theta       rho
0    0.01  0.311521
1    0.10  0.316893
2    0.30  0.327788
3    0.50  0.337263
4    0.75  0.347156
5    1.00  0.354949
6    1.50  0.364497
7    2.00  0.366406
8    3.00  0.350937
9    4.00  0.320545
10   5.00  0.287381
11   6.00  0.256864
12   7.00  0.230045
13   8.00  0.206654
14   9.00  0.186260","    Theta       rho
0    0.01  0.312004
1    0.10  0.316900
2    0.30  0.326936
3    0.50  0.335836
4    0.75  0.345424
5    1.00  0.353367
6    1.50  0.364515
7    2.00  0.369556
8    3.00  0.363384
9    4.00  0.343456
10   5.00  0.319262
11   6.00  0.295019
12   7.00  0.271965
13   8.00  0.250680
14   9.00  0.231508","    Theta       rho
0    0.01  0.311520
1    0.10  0.315858
2    0.30  0.324790
3    0.50  0.332762
4    0.75  0.341409
5    1.00  0.348617
6    1.50  0.358747
7    2.00  0.363186
8    3.00  0.356837
9    4.00  0.337756
10   5.00  0.314785
11   6.00  0.292086
12   7.00  0.271184
13   8.00  0.252812
14   9.00  0.237141","    Theta       rho
0    0.01  0.278187
1    0.10  0.282286
2    0.30  0.290757
3    0.50  0.298353
4    0.75  0.306638
5    1.00  0.313628
6    1.50  0.324022
7    2.00  0.330227
8    3.00  0.332468
9    4.00  0.323218
10   5.00  0.305243
11   6.00  0.283067
12   7.00  0.260363
13   8.00  0.238995
14   9.00  0.219676"
8,"    Theta       rho
0    0.01  0.325840
1    0.10  0.329123
2    0.30  0.335814
3    0.50  0.341678
4    0.75  0.347858
5    1.00  0.352782
6    1.50  0.359000
7    2.00  0.360695
8    3.00  0.352709
9    4.00  0.334385
10   5.00  0.311569
11   6.00  0.288384
12   7.00  0.266831
13   8.00  0.247551
14   9.00  0.230658","    Theta       rho
0    0.01  0.332539
1    0.10  0.336787
2    0.30  0.345359
3    0.50  0.352761
4    0.75  0.360424
5    1.00  0.366383
6    1.50  0.373462
7    2.00  0.374561
8    3.00  0.362127
9    4.00  0.338283
10   5.00  0.311759
11   6.00  0.286634
12   7.00  0.264110
13   8.00  0.244390
14   9.00  0.227296","    Theta       rho
0    0.01  0.341585
1    0.10  0.346763
2    0.30  0.357257
3    0.50  0.366348
4    0.75  0.375738
5    1.00  0.382956
6    1.50  0.391074
7    2.00  0.391322
8    3.00  0.372789
9    4.00  0.340172
10   5.00  0.306309
11   6.00  0.277854
12   7.00  0.256263
13   8.00  0.240686
14   9.00  0.229633","    Theta       rho
0    0.01  0.376846
1    0.10  0.380047
2    0.30  0.386275
3    0.50  0.391347
4    0.75  0.396168
5    1.00  0.399405
6    1.50  0.401478
7    2.00  0.398224
8    3.00  0.379741
9    4.00  0.355155
10   5.00  0.333382
11   6.00  0.315720
12   7.00  0.300241
13   8.00  0.285461
14   9.00  0.270782","    Theta       rho
0    0.01  0.356972
1    0.10  0.361230
2    0.30  0.369576
3    0.50  0.376486
4    0.75  0.383272
5    1.00  0.388158
6    1.50  0.392689
7    2.00  0.390751
8    3.00  0.370658
9    4.00  0.338503
10   5.00  0.305015
11   6.00  0.273743
12   7.00  0.244917
13   8.00  0.218967
14   9.00  0.196492","    Theta       rho
0    0.01  0.364631
1    0.10  0.367995
2    0.30  0.374758
3    0.50  0.380560
4    0.75  0.386497
5    1.00  0.390988
6    1.50  0.395616
7    2.00  0.394374
8    3.00  0.376050
9    4.00  0.345611
10   5.00  0.314161
11   6.00  0.286137
12   7.00  0.261952
13   8.00  0.241119
14   9.00  0.223052","    Theta       rho
0    0.01  0.306899
1    0.10  0.312119
2    0.30  0.322945
3    0.50  0.332685
4    0.75  0.343312
5    1.00  0.352204
6    1.50  0.364730
7    2.00  0.370195
8    3.00  0.361486
9    4.00  0.335196
10   5.00  0.303924
11   6.00  0.275126
12   7.00  0.251488
13   8.00  0.233288
14   9.00  0.219673","    Theta       rho
0    0.01  0.305352
1    0.10  0.309597
2    0.30  0.318281
3    0.50  0.325925
4    0.75  0.334012
5    1.00  0.340468
6    1.50  0.348534
7    2.00  0.350345
8    3.00  0.338179
9    4.00  0.313863
10   5.00  0.286522
11   6.00  0.260098
12   7.00  0.236339
13   8.00  0.216151
14   9.00  0.199626","    Theta       rho
0    0.01  0.309917
1    0.10  0.315482
2    0.30  0.326604
3    0.50  0.336042
4    0.75  0.345571
5    1.00  0.352740
6    1.50  0.360779
7    2.00  0.361788
8    3.00  0.349612
9    4.00  0.329470
10   5.00  0.309123
11   6.00  0.290163
12   7.00  0.272770
13   8.00  0.257345
14   9.00  0.244092","    Theta       rho
0    0.01  0.301477
1    0.10  0.304343
2    0.30  0.310194
3    0.50  0.315380
4    0.75  0.321009
5    1.00  0.325773
6    1.50  0.333007
7    2.00  0.337580
8    3.00  0.339732
9    4.00  0.332323
10   5.00  0.316161
11   6.00  0.294853
12   7.00  0.271911
13   8.00  0.249269
14   9.00  0.227801"
9,"    Theta       rho
0    0.01 -0.116372
1    0.10 -0.072444
2    0.30  0.025095
3    0.50  0.083887
4    0.75  0.126727
5    1.00  0.157321
6    1.50  0.205118
7    2.00  0.240151
8    3.00  0.280978
9    4.00  0.302370
10   5.00  0.315690
11   6.00  0.324716
12   7.00  0.331114
13   8.00  0.335749
14   9.00  0.339092","    Theta       rho
0    0.01 -0.054061
1    0.10 -0.049604
2    0.30 -0.001916
3    0.50  0.031880
4    0.75  0.061140
5    1.00  0.082030
6    1.50  0.111371
7    2.00  0.131623
8    3.00  0.158240
9    4.00  0.176158
10   5.00  0.189867
11   6.00  0.200914
12   7.00  0.210053
13   8.00  0.217719
14   9.00  0.224177","    Theta       rho
0    0.01  0.075511
1    0.10  0.074279
2    0.30  0.071937
3    0.50  0.070256
4    0.75  0.069051
5    1.00  0.068785
6    1.50  0.071076
7    2.00  0.076821
8    3.00  0.094477
9    4.00  0.114262
10   5.00  0.132675
11   6.00  0.148714
12   7.00  0.162306
13   8.00  0.173645
14   9.00  0.182990","    Theta       rho
0    0.01  0.046407
1    0.10  0.048922
2    0.30  0.056330
3    0.50  0.066275
4    0.75  0.081031
5    1.00  0.096406
6    1.50  0.123767
7    2.00  0.144842
8    3.00  0.174684
9    4.00  0.196417
10   5.00  0.213858
11   6.00  0.228488
12   7.00  0.241099
13   8.00  0.252111
14   9.00  0.261733","    Theta       rho
0    0.01 -0.358410
1    0.10 -0.392647
2    0.30 -0.390397
3    0.50 -0.311145
4    0.75 -0.218947
5    1.00 -0.158445
6    1.50 -0.090227
7    2.00 -0.053505
8    3.00 -0.015912
9    4.00  0.002170
10   5.00  0.012508
11   6.00  0.019411
12   7.00  0.024773
13   8.00  0.029531
14   9.00  0.034125","    Theta       rho
0    0.01  0.272349
1    0.10  0.277373
2    0.30  0.285800
3    0.50  0.292410
4    0.75  0.299784
5    1.00  0.306781
6    1.50  0.319519
7    2.00  0.329673
8    3.00  0.343137
9    4.00  0.352563
10   5.00  0.360964
11   6.00  0.368828
12   7.00  0.376030
13   8.00  0.382398
14   9.00  0.387829","    Theta       rho
0    0.01 -0.014676
1    0.10 -0.013910
2    0.30 -0.007503
3    0.50  0.004936
4    0.75  0.025222
5    1.00  0.046548
6    1.50  0.084377
7    2.00  0.114102
8    3.00  0.157092
9    4.00  0.187702
10   5.00  0.210756
11   6.00  0.228351
12   7.00  0.241921
13   8.00  0.252533
14   9.00  0.260947","    Theta       rho
0    0.01 -0.077438
1    0.10 -0.044871
2    0.30  0.018435
3    0.50  0.059296
4    0.75  0.091154
5    1.00  0.113779
6    1.50  0.148013
7    2.00  0.173076
8    3.00  0.204303
9    4.00  0.222483
10   5.00  0.234681
11   6.00  0.243515
12   7.00  0.250251
13   8.00  0.255534
14   9.00  0.259648","    Theta       rho
0    0.01  0.154237
1    0.10  0.155524
2    0.30  0.159068
3    0.50  0.163443
4    0.75  0.169444
5    1.00  0.175257
6    1.50  0.184608
7    2.00  0.190775
8    3.00  0.197798
9    4.00  0.202606
10   5.00  0.207406
11   6.00  0.212582
12   7.00  0.217962
13   8.00  0.223285
14   9.00  0.228353","    Theta       rho
0    0.01 -0.608297
1    0.10 -0.618808
2    0.30 -0.335085
3    0.50 -0.211579
4    0.75 -0.135679
5    1.00 -0.090886
6    1.50 -0.037553
7    2.00 -0.004118
8    3.00  0.041983
9    4.00  0.075793
10   5.00  0.101841
11   6.00  0.121901
12   7.00  0.137314
13   8.00  0.149167
14   9.00  0.158318"
