month,hour,n,actual_mean,mu_pre,sigma_pre,drift_mw,drift_sigma
1,0,62,16741.145161290322,15741.215542521993,1315.1484058428393,-999.9296187683285,-0.7603169454686017
1,1,62,16388.564516129034,15321.25513196481,1330.4368695057094,-1067.309384164224,-0.802224749349254
1,2,62,16214.41935483871,15090.458944281525,1344.7585491755278,-1123.9604105571852,-0.8358083399033127
1,3,62,16166.193548387097,15008.702346041056,1358.6549259818144,-1157.4912023460402,-0.8519390613548132
1,4,62,16272.661290322581,15118.3211143695,1382.7687863164642,-1154.3401759530807,-0.834803466332292
1,5,62,16691.870967741936,15591.08797653959,1455.0022938360435,-1100.7829912023462,-0.7565506912708604
1,6,62,17585.790322580644,16618.92815249267,1697.4061690158408,-966.8621700879739,-0.5696115565837506
1,7,62,18665.774193548386,17878.819648093842,2074.1812526972417,-786.9545454545441,-0.3794049070837939
1,8,62,19101.74193548387,18319.240469208213,2019.0942840043515,-782.5014662756585,-0.38755073127331585
1,9,62,19193.25806451613,18477.721407624635,1848.9772483737024,-715.5366568914942,-0.38699051463226813
1,10,62,19180.225806451614,18584.212609970673,1763.809335434082,-596.0131964809407,-0.33791248549790615
1,11,62,19106.58064516129,18590.209677419356,1697.6767795709732,-516.3709677419356,-0.304163297722921
1,12,62,19016.0,18485.120234604106,1623.2916551142423,-530.8797653958936,-0.3270390528549424
1,13,62,18974.274193548386,18386.551319648093,1602.6095536207654,-587.722873900293,-0.36672867235344664
1,14,62,19035.935483870966,18316.695014662757,1556.3972869344368,-719.2404692082091,-0.4621188145507909
1,15,62,19304.274193548386,18470.302052785923,1502.992765688143,-833.9721407624638,-0.5548743545552802
1,16,62,19862.354838709678,19144.3284457478,1480.343580603701,-718.0263929618777,-0.4850403665539985
1,17,62,20510.74193548387,20147.782991202344,1526.8756193448123,-362.9589442815268,-0.23771349786649534
1,18,62,20370.548387096773,20174.938416422283,1646.420934455053,-195.6099706744899,-0.11880921007557196
1,19,62,20024.983870967742,19773.870967741936,1632.4464594419135,-251.1129032258068,-0.1538261189354137
1,20,62,19643.75806451613,19347.200879765394,1619.1795666734604,-296.55718475073445,-0.18315274652335153
1,21,62,19021.983870967742,18655.230205278593,1554.1831189380582,-366.7536656891498,-0.23597841285249907
1,22,62,18160.967741935485,17638.4926686217,1446.9966275130998,-522.4750733137844,-0.3610755293961833
1,23,62,17378.290322580644,16553.99853372434,1348.4651779961,-824.2917888563024,-0.6112814793491734
2,0,56,16683.839285714286,15712.109324758843,1187.1255996385207,-971.729960955443,-0.8185569928332219
2,1,56,16321.107142857143,15311.31350482315,1197.453313406552,-1009.7936380339925,-0.8432843491503651
2,2,56,16219.19642857143,15105.136655948552,1203.5492689577638,-1114.059772622877,-0.9256453402922326
2,3,56,16185.767857142857,15041.056270096464,1206.4135407434417,-1144.711587046393,-0.9488550554074308
2,4,56,16312.94642857143,15162.967845659165,1220.2725002268278,-1149.9785829122648,-0.9423949017113009
2,5,56,16786.035714285714,15669.390675241157,1277.0449787391542,-1116.645039044557,-0.87439758006569
2,6,56,17700.035714285714,16746.659163987137,1499.9325576587023,-953.3765502985771,-0.635612945015832
2,7,56,18656.14285714286,17890.684887459807,1831.8308301803613,-765.4579696830515,-0.41786498898901314
2,8,56,18946.821428571428,18246.194533762056,1789.8199584971715,-700.6268948093712,-0.39145104594635033
2,9,56,18925.75,18315.819935691317,1704.1043774368293,-609.9300643086826,-0.357918254529742
2,10,56,18795.303571428572,18308.586816720257,1715.982242818411,-486.7167547083154,-0.28363740752288247
2,11,56,18635.928571428572,18231.66237942122,1713.0457638984603,-404.2661920073515,-0.23599263985063865
2,12,56,18499.75,18072.03697749196,1675.4493271674462,-427.71302250804,-0.25528257737949117
2,13,56,18389.053571428572,17927.797427652735,1684.4105829750863,-461.2561437758377,-0.273838307855526
2,14,56,18382.428571428572,17819.5,1655.9912082020594,-562.9285714285725,-0.33993451694695564
2,15,56,18593.23214285714,17935.495176848875,1589.2925696539776,-657.7369660082659,-0.4138551822157383
2,16,56,19166.214285714286,18468.90353697749,1525.501504726051,-697.3107487367961,-0.4571026292511058
2,17,56,19805.910714285714,19247.487138263667,1475.0389298048324,-558.4235760220472,-0.37858226297521125
2,18,56,20052.714285714286,19808.27652733119,1511.1189253335851,-244.4377583830974,-0.1617594447962703
2,19,56,19791.14285714286,19580.93569131833,1522.1150899010402,-210.2071658245295,-0.13810201818457504
2,20,56,19397.553571428572,19156.97427652733,1508.342621792422,-240.57929490124297,-0.1594991028068631
2,21,56,18805.196428571428,18474.818327974277,1443.3740354577494,-330.3781005971505,-0.22889292205701545
2,22,56,17971.660714285714,17489.12540192926,1342.7691076125175,-482.5353123564528,-0.3593583659475266
2,23,56,17221.625,16435.221864951767,1240.9985067242658,-786.4031350482328,-0.6336858028330905
3,0,62,14889.806451612903,14506.142228739003,1301.9387335013907,-383.66422287390014,-0.29468684892881736
3,1,62,14669.709677419354,14220.939882697947,1269.0144814342561,-448.7697947214074,-0.353636464584866
3,2,62,14641.322580645161,14088.33137829912,1238.4503823913851,-552.9912023460402,-0.4465186576778652
3,3,62,14730.645161290322,14109.705278592375,1207.6119088555233,-620.9398826979468,-0.5141882736867205
3,4,62,15137.806451612903,14421.91935483871,1186.3204954857567,-715.8870967741932,-0.6034516806363212
3,5,62,15996.112903225807,15232.620234604106,1280.2528881522853,-763.4926686217004,-0.5963608250270032
3,6,62,16934.274193548386,16286.6715542522,1544.7545977107638,-647.6026392961867,-0.41922687283526844
3,7,62,17354.612903225807,16953.82404692082,1664.7045329178452,-400.78885630498553,-0.24075675195194826
3,8,62,17281.5,17159.50146627566,1675.6865989273103,-121.99853372434154,-0.07280510198174218
3,9,62,17031.58064516129,17150.975073313784,1702.2478265832965,119.39442815249276,0.07013927483880997
3,10,62,16853.483870967742,17109.442815249266,1754.3512969842218,255.95894428152315,0.14589948131911984
3,11,62,16685.274193548386,16999.397360703813,1761.817179180769,314.1231671554269,0.1782949847846822
3,12,62,16530.516129032258,16837.020527859237,1756.8599097830593,306.504398826979,0.17446149070862846
3,13,62,16424.725806451614,16667.18328445748,1775.8788786441687,242.4574780058647,0.13652816130736
3,14,62,16467.887096774193,16585.221407624635,1731.3039306813696,117.3343108504414,0.06777221998465831
3,15,62,16837.75806451613,16756.190615835778,1642.2164972432347,-81.56744868035094,-0.049669120251365786
3,16,62,17400.145161290322,17151.762463343108,1554.3690512890046,-248.38269794721418,-0.15979647673841407
3,17,62,17743.387096774193,17483.75659824047,1555.6135257199298,-259.63049853372286,-0.16689910073491243
3,18,62,18103.90322580645,18003.1935483871,1581.576713075147,-100.70967741935237,-0.06367675787508087
3,19,62,18042.83870967742,18251.369501466277,1591.004983921453,208.53079178885673,0.1310685974564815
3,20,62,17501.177419354837,17741.595307917887,1608.7542011578385,240.41788856304993,0.14944351871157102
3,21,62,16752.274193548386,16932.634897360706,1615.50131973992,180.36070381231912,0.11164379849677587
3,22,62,15948.5,15917.840175953079,1556.7879435848115,-30.65982404692113,-0.019694284101610417
3,23,62,15282.709677419354,15020.727272727272,1410.0012045655283,-261.9824046920821,-0.1858029651632874
4,0,60,13616.616666666667,12982.075757575758,1010.8509270312813,-634.5409090909088,-0.627729462497958
4,1,60,13391.333333333334,12769.463636363636,1008.5979722825027,-621.8696969696975,-0.6165684584536476
4,2,60,13306.3,12673.351515151515,997.9015086742767,-632.9484848484844,-0.6342795149086041
4,3,60,13427.616666666667,12762.19696969697,1005.2937622394139,-665.4196969696968,-0.6619156727754817
4,4,60,13884.7,13207.063636363637,1083.8343089687837,-677.636363636364,-0.6252213627386481
4,5,60,14752.883333333333,14177.245454545455,1360.923404625332,-575.6378787878784,-0.42297595649503433
4,6,60,15636.283333333333,15162.542424242425,1721.8584014948408,-473.74090909090773,-0.27513348872336246
4,7,60,15896.416666666666,15681.7,1757.908395813856,-214.71666666666533,-0.12214326251468768
4,8,60,15748.983333333334,15794.142424242424,1731.7736233606595,45.15909090909008,0.0260767864228437
4,9,60,15565.0,15840.39393939394,1790.5529726212746,275.39393939393995,0.15380384920462745
4,10,60,15495.466666666667,15849.031818181818,1798.8554480873536,353.56515151515123,0.1965500629253351
4,11,60,15393.1,15754.325757575758,1762.1898084585205,361.2257575757576,0.20498686114394263
4,12,60,15288.15,15630.834848484848,1790.4476983547852,342.68484848484877,0.19139617917894872
4,13,60,15220.883333333333,15465.204545454546,1790.5281345419532,244.32121212121274,0.13645203747871526
4,14,60,15214.883333333333,15415.951515151515,1759.167141731291,201.06818181818198,0.11429737234649573
4,15,60,15547.7,15648.665151515152,1698.8507188075216,100.96515151515086,0.05943144409181613
4,16,60,15977.95,15910.45909090909,1542.6860391276348,-67.49090909091137,-0.043748959528457546
4,17,60,16179.55,15907.672727272728,1408.1681388589734,-271.8772727272717,-0.19307159793259598
4,18,60,16393.566666666666,16080.146969696969,1363.3239587885535,-313.4196969696968,-0.22989377906055494
4,19,60,16659.416666666668,16551.298484848485,1395.4327876843759,-108.11818181818307,-0.07748003542155385
4,20,60,16295.5,16212.030303030304,1352.493007167486,-83.46969696969609,-0.06171543699475824
4,21,60,15475.8,15267.50303030303,1238.7700903980751,-208.29696969696852,-0.16814820708985062
4,22,60,14655.166666666666,14186.59090909091,1106.3136805881647,-468.57575757575614,-0.4235469250697874
4,23,60,14024.316666666668,13385.16212121212,1019.6441162996259,-639.1545454545467,-0.6268408116491587
5,0,47,12932.829787234043,12490.067321178121,892.8122284314742,-442.7624660559213,-0.49591890876515315
5,1,47,12709.148936170213,12203.315568022439,868.3209970561863,-505.8333681477743,-0.5825419054274503
5,2,47,12603.191489361701,12052.600280504908,836.7723294254239,-550.591208856793,-0.6579940438934694
5,3,47,12676.95744680851,12087.415147265077,840.0581901296754,-589.5422995434328,-0.7017874552861966
5,4,47,13029.91489361702,12426.305750350632,932.0024272301849,-603.6091432663889,-0.6476476086658411
5,5,47,13782.340425531915,13173.681626928472,1261.4346326643295,-608.6587986034428,-0.4825131503785248
5,6,47,14617.468085106382,14334.739130434784,1715.3858221782496,-282.72895467159833,-0.16481945403546616
5,7,47,14930.63829787234,15042.531556802245,1820.37634997098,111.89325892990564,0.06146710208122041
5,8,47,14842.04255319149,15339.408134642354,1817.9368291922983,497.36558145086383,0.2735879341153132
5,9,47,14803.808510638299,15557.143057503506,1900.513842185121,753.3345468652078,0.39638466721139975
5,10,47,14841.31914893617,15691.702664796634,1946.1907222052796,850.3835158604634,0.43694767740793233
5,11,47,14812.936170212766,15701.537166900422,1947.208469787069,888.6009966876554,0.45634610288277233
5,12,47,14831.08510638298,15687.527349228612,2024.5142778947854,856.4422428456328,0.4230359114761167
5,13,47,14782.617021276596,15611.039270687237,2064.227957434305,828.4222494106416,0.40132304498012616
5,14,47,14898.531914893618,15626.41935483871,2072.5850423766246,727.8874399450924,0.3511978640502138
5,15,47,15216.297872340425,15868.849929873772,2039.075319508108,652.5520575333467,0.3200235181556529
5,16,47,15668.936170212766,16091.615708274892,1885.2515585966457,422.6795380621261,0.22420325613031858
5,17,47,15772.63829787234,15999.168302945302,1735.3799837287706,226.530005072962,0.13053625557338874
5,18,47,15878.191489361701,15950.502103786817,1615.4340488169244,72.310614425116,0.044762343890221476
5,19,47,16011.829787234043,16109.444600280505,1509.3415439038608,97.61481304646259,0.06467377343499416
5,20,47,15877.744680851063,16130.161290322581,1483.8893372623954,252.4166094715183,0.17010473970868867
5,21,47,14984.468085106382,15167.51332398317,1341.2539601308163,183.04523887678806,0.13647321410997745
5,22,47,14091.04255319149,13955.40532959327,1121.4788928492549,-135.63722359821986,-0.12094496335425167
5,23,47,13338.212765957447,13032.99298737728,982.1875399916262,-305.21977858016726,-0.31075509121482997
6,0,30,14172.8,13402.3884057971,1327.5485028584008,-770.4115942028984,-0.5803265135278242
6,1,30,13704.133333333333,12984.273913043477,1254.4385644943388,-719.8594202898566,-0.5738498804682637
6,2,30,13389.366666666667,12727.597101449275,1179.395395028536,-661.7695652173916,-0.5611091649220656
6,3,30,13285.1,12668.286956521739,1141.8110974534916,-616.8130434782615,-0.5402058579163403
6,4,30,13440.366666666667,12880.268115942028,1190.5606339955805,-560.0985507246387,-0.4704494124292689
6,5,30,14072.633333333333,13594.211594202898,1420.3749066134183,-478.4217391304355,-0.33682778884846
6,6,30,15106.866666666667,14893.898550724638,1839.6057068300458,-212.96811594202882,-0.11576834924534408
6,7,30,15857.0,15868.602898550726,2031.832748563187,11.602898550725513,0.005710557898493622
6,8,30,16330.4,16472.03188405797,2115.5007838502615,141.63188405797155,0.06694957767881238
6,9,30,16733.333333333332,16953.41739130435,2258.2952153811184,220.0840579710166,0.09745584034896623
6,10,30,17069.166666666668,17293.83188405797,2367.5515558005927,224.66521739130258,0.0948934847230102
6,11,30,17350.833333333332,17455.876811594204,2419.2058096985465,105.04347826087178,0.043420645667993446
6,12,30,17572.033333333333,17586.121739130434,2495.06020350619,14.088405797101586,0.005646519381497815
6,13,30,17626.766666666666,17628.349275362318,2521.322429529722,1.5826086956512881,0.0006276899285532778
6,14,30,17797.966666666667,17725.45072463768,2537.1977110010994,-72.51594202898559,-0.028581115974747218
6,15,30,18254.133333333335,17981.355072463768,2501.4908570676625,-272.778260869567,-0.1090462753836836
6,16,30,18695.833333333332,18160.568115942027,2372.1094362405624,-535.2652173913048,-0.22564946170427103
6,17,30,18818.3,17980.25507246377,2232.2613112803915,-838.0449275362298,-0.37542420472966037
6,18,30,18791.333333333332,17749.734782608695,2086.474302199197,-1041.5985507246369,-0.499214655855941
6,19,30,18530.733333333334,17536.091304347825,1958.258992185606,-994.6420289855087,-0.5079215941071166
6,20,30,18246.8,17481.736231884057,1883.8925571539742,-765.0637681159424,-0.4061079625855819
6,21,30,17237.533333333333,16608.746376811596,1784.7638396040284,-628.786956521737,-0.35230821163501447
6,22,30,16084.666666666666,15226.639130434784,1586.0820040513156,-858.0275362318826,-0.5409729976383505
6,23,30,15040.733333333334,14107.549275362318,1418.9279916926919,-933.1840579710151,-0.6576683689619691
7,0,31,15976.225806451614,14431.443197755962,1422.0511297627197,-1544.782608695652,-1.086305953677918
7,1,31,15331.387096774193,13908.601683029454,1336.3227796673368,-1422.7854137447393,-1.064701908395909
7,2,31,14854.645161290322,13558.304347826086,1255.502918031702,-1296.340813464236,-1.0325271210811338
7,3,31,14666.129032258064,13438.535764375876,1226.6271670460449,-1227.5932678821882,-1.0007876075649538
7,4,31,14798.870967741936,13622.85273492286,1273.179299014808,-1176.018232819075,-0.9236862661284889
7,5,31,15307.806451612903,14178.935483870968,1482.142911800465,-1128.8709677419356,-0.7616478537623712
7,6,31,16343.0,15343.126227208975,1798.667832816377,-999.8737727910247,-0.555896844624952
7,7,31,17446.645161290322,16521.688639551194,2016.3913780403268,-924.9565217391282,-0.45871874469036217
7,8,31,18305.064516129034,17413.800841514727,2111.9520004997776,-891.2636746143071,-0.4220094369585086
7,9,31,19077.774193548386,18131.892005610098,2226.7132195676277,-945.8821879382886,-0.4247885087429244
7,10,31,19625.16129032258,18670.465638148667,2305.2608353137907,-954.6956521739121,-0.41413780061203337
7,11,31,20067.0,18994.468443197755,2345.1693745700613,-1072.5315568022452,-0.4573365013343106
7,12,31,20543.032258064515,19218.89901823282,2404.9095362255866,-1324.1332398316954,-0.5505958622917151
7,13,31,20746.354838709678,19307.0603085554,2412.402616188629,-1439.2945301542786,-0.5966228524607677
7,14,31,20990.129032258064,19424.582047685835,2397.9227754179774,-1565.5469845722291,-0.6528763147092348
7,15,31,21343.387096774193,19659.2286115007,2347.877686689013,-1684.1584852734923,-0.7173109974261477
7,16,31,21738.16129032258,19860.873772791023,2246.076752067734,-1877.2875175315567,-0.8358073764858344
7,17,31,21708.83870967742,19681.548387096773,2154.068223368951,-2027.2903225806476,-0.9411448999558504
7,18,31,21453.032258064515,19339.820476858346,2078.9536684030813,-2113.2117812061697,-1.016478535969204
7,19,31,20992.709677419356,18946.350631136043,1998.8161708246985,-2046.3590462833126,-1.0237855167236307
7,20,31,20534.58064516129,18838.98316970547,1954.8445043617157,-1695.5974754558229,-0.8673822760186541
7,21,31,19486.1935483871,17904.22440392707,1830.7441302264697,-1581.9691444600285,-0.8641126405055485
7,22,31,18162.870967741936,16476.63113604488,1648.1695328372643,-1686.239831697054,-1.0230985333130462
7,23,31,16892.032258064515,15259.600280504908,1510.4527806721958,-1632.4319775596068,-1.0807567098079867
8,0,31,14909.548387096775,14263.62676056338,1302.0253400086908,-645.9216265333944,-0.4960899044630598
8,1,31,14366.516129032258,13779.652112676056,1231.941676737458,-586.8640163562013,-0.4763732142826671
8,2,31,14022.548387096775,13468.421126760564,1167.7267955076447,-554.1272603362104,-0.47453502177734574
8,3,31,13906.129032258064,13379.777464788733,1139.4306999299176,-526.3515674693317,-0.461942588962809
8,4,31,14081.967741935483,13636.864788732395,1191.8268769759509,-445.10295320308796,-0.373462758561426
8,5,31,14619.032258064517,14263.666197183098,1394.8924724566148,-355.3660608814189,-0.2547623332252743
8,6,31,15417.516129032258,15199.40985915493,1693.8703604255113,-218.10626987732758,-0.12876207942061035
8,7,31,16330.709677419354,16296.86338028169,1880.331007886984,-33.846297137664806,-0.018000180285118773
8,8,31,16964.548387096773,17140.494366197185,1963.8630971697623,175.94597910041193,0.08959177416897234
8,9,31,17601.58064516129,17828.27042253521,2086.396949629422,226.68977737391833,0.10865131748499829
8,10,31,18122.677419354837,18342.570422535213,2171.437768632791,219.89300318037567,0.10126608570450885
8,11,31,18558.322580645163,18651.135211267607,2205.6630297015017,92.81263062244398,0.04207924300884916
8,12,31,18890.58064516129,18879.381690140846,2272.878812275728,-11.198955020445283,-0.004927211675325659
8,13,31,19039.16129032258,18974.57323943662,2295.6654721611117,-64.58805088595909,-0.028134783429554604
8,14,31,19256.74193548387,19075.31408450704,2286.847118159053,-181.4278509768301,-0.07933536506930218
8,15,31,19631.677419354837,19314.347887323944,2241.011264610824,-317.32953203089346,-0.14160104281582056
8,16,31,20076.935483870966,19509.111267605633,2142.34857753319,-567.8242162653332,-0.2650475381177955
8,17,31,20166.41935483871,19291.27323943662,2037.2589535234927,-875.1461154020872,-0.4295703861742755
8,18,31,19948.16129032258,18909.645070422535,1935.9842908118974,-1038.5162199000442,-0.5364280200148317
8,19,31,19604.290322580644,18816.991549295773,1847.9232814403485,-787.2987732848705,-0.4260451617186277
8,20,31,19063.58064516129,18555.12676056338,1807.8022356608305,-508.4538845979114,-0.2812552582180259
8,21,31,17951.709677419356,17398.23661971831,1670.0948801404063,-553.473057701045,-0.33140216420190094
8,22,31,16757.83870967742,16065.31971830986,1506.4600434047668,-692.5189913675604,-0.4596995415838515
8,23,31,15687.129032258064,14962.067605633803,1370.9033954081215,-725.061426624261,-0.5288931583748893
9,0,30,13398.0,13132.059420289856,1155.8861217730976,-265.94057971014445,-0.23007506942137076
9,1,30,13069.0,12789.192753623189,1090.0840577991598,-279.80724637681124,-0.2566841009873421
9,2,30,12877.1,12582.952173913043,1030.6325036846513,-294.14782608695714,-0.285405151725119
9,3,30,12883.133333333333,12577.055072463769,1014.6026826492063,-306.0782608695645,-0.3016730254155946
9,4,30,13205.166666666666,12914.542028985506,1079.7815744833974,-290.6246376811596,-0.26915132147925735
9,5,30,14050.3,13864.172463768116,1358.6401842224675,-186.1275362318829,-0.1369954594257797
9,6,30,14934.966666666667,14912.998550724638,1768.26291110359,-21.968115942028817,-0.012423557494806189
9,7,30,15316.166666666666,15596.872463768115,1824.0705984959209,280.7057971014492,0.15388976574311958
9,8,30,15495.2,16077.233333333334,1842.6989180318415,582.0333333333328,0.31585916051602925
9,9,30,15694.966666666667,16476.952173913043,1973.1212722584467,781.9855072463761,0.3963190292664123
9,10,30,15939.0,16761.27536231884,2064.93870053878,822.27536231884,0.398208122160863
9,11,30,16200.0,16906.08550724638,2113.6622335819507,706.0855072463783,0.3340578717015724
9,12,30,16499.433333333334,17041.589855072463,2210.680793067469,542.156521739129,0.24524414535074063
9,13,30,16636.166666666668,17071.017391304347,2262.9447740710243,434.8507246376794,0.1921614392097539
9,14,30,16882.333333333332,17151.630434782608,2269.9917977003306,269.29710144927594,0.11863351300303984
9,15,30,17461.466666666667,17441.59275362319,2229.8122775855095,-19.873913043476932,-0.008912818914512772
9,16,30,18067.066666666666,17672.27536231884,2099.557294438207,-394.79130434782564,-0.18803549938534192
9,17,30,18040.566666666666,17520.33043478261,1934.174909751105,-520.2362318840569,-0.2689706237327845
9,18,30,17917.7,17595.11739130435,1775.5514294993625,-322.5826086956513,-0.18168023935336372
9,19,30,17679.733333333334,17668.01594202899,1807.1737000185292,-11.717391304344346,-0.006483821286367882
9,20,30,16943.066666666666,16904.99420289855,1728.1239011347434,-38.072463768115995,-0.02203109611707607
9,21,30,15878.466666666667,15792.107246376812,1547.4831375657939,-86.35942028985482,-0.055806372420767726
9,22,30,14869.333333333334,14593.911594202898,1369.2100863922071,-275.4217391304355,-0.20115374687032622
9,23,30,13972.133333333333,13652.340579710144,1231.9424494619539,-319.7927536231891,-0.25958416625943637
10,0,31,13250.806451612903,12681.279102384291,853.8846225795636,-569.5273492286124,-0.6669839626670929
10,1,31,13049.193548387097,12425.12762973352,845.6533072075929,-624.0659186535759,-0.7379689919433836
10,2,31,12947.354838709678,12295.51332398317,832.7460075525381,-651.8415147265077,-0.7827615008834287
10,3,31,13016.935483870968,12349.004207573633,850.8611574469265,-667.931276297335,-0.7850061910235901
10,4,31,13328.516129032258,12765.914446002806,938.0141614647608,-562.601683029452,-0.5997795194807277
10,5,31,14295.935483870968,13852.158485273492,1257.9437548223632,-443.77699859747554,-0.3527796826338569
10,6,31,15354.064516129032,15133.258064516129,1695.5782748425872,-220.8064516129034,-0.13022486480808587
10,7,31,15660.516129032258,15636.37587657784,1658.3218196100468,-24.14025245441735,-0.014557037222180382
10,8,31,15665.225806451614,15835.506311360448,1525.8561394103965,170.2805049088347,0.11159669677289007
10,9,31,15533.548387096775,15955.47685834502,1538.2453002520103,421.92847124824584,0.27429205938683604
10,10,31,15417.161290322581,15980.900420757363,1559.8130982867576,563.739130434782,0.36141453809688656
10,11,31,15451.58064516129,15919.95932678822,1539.8625156693624,468.3786816269294,0.30416915592190386
10,12,31,15491.0,15872.774193548386,1570.6747434725369,381.7741935483864,0.24306381390225856
10,13,31,15528.870967741936,15780.622720897616,1559.5114653475396,251.7517531556805,0.16142988285089474
10,14,31,15700.677419354839,15803.680224403926,1521.4735396547692,103.00280504908733,0.06769937324868577
10,15,31,16211.806451612903,16131.099579242637,1461.5030713035046,-80.70687237026686,-0.05522182878362682
10,16,31,16757.09677419355,16490.102384291724,1352.0103672095333,-266.99438990182534,-0.19747954333581438
10,17,31,16903.677419354837,16775.357643758765,1335.8996651884502,-128.31977559607185,-0.09605495003845987
10,18,31,16913.74193548387,17058.112201963533,1352.4085251334784,144.37026647966195,0.10675048537231978
10,19,31,16587.90322580645,16681.176718092567,1338.0801670055382,93.27349228611638,0.0697069537282293
10,20,31,15973.064516129032,16014.880785413745,1261.3640405491135,41.81626928471269,0.033151626287450435
10,21,31,15131.09677419355,15056.005610098176,1137.1965022809115,-75.09116409537273,-0.06603182822384696
10,22,31,14331.58064516129,13982.408134642355,1009.1233166984671,-349.17251051893436,-0.3460156997078579
10,23,31,13683.645161290322,13158.924263674615,903.6972636098634,-524.7208976157071,-0.5806379179678862
11,0,30,15081.766666666666,13922.733333333334,1040.2340928718445,-1159.0333333333328,-1.1142043327319828
11,1,30,14753.666666666666,13505.902898550725,1004.4009287535498,-1247.7637681159413,-1.2422965096860294
11,2,30,14518.4,13282.688405797102,984.3029183812716,-1235.7115942028977,-1.2554179929031182
11,3,30,14437.366666666667,13208.43188405797,975.6000344089152,-1228.934782608696,-1.2596707044534579
11,4,30,14487.733333333334,13343.084057971015,978.349036707489,-1144.6492753623188,-1.1699804797830562
11,5,30,14954.266666666666,13904.459420289855,1043.864354947239,-1049.8072463768112,-1.0056931644436433
11,6,30,15919.8,15051.773913043477,1299.5982558484777,-868.0260869565227,-0.6679187841705808
11,7,30,16863.766666666666,16208.414492753624,1616.1748751529246,-655.3521739130429,-0.40549583092054475
11,8,30,17148.866666666665,16619.297101449276,1579.3326584352924,-529.569565217389,-0.335312236082077
11,9,30,17098.866666666665,16730.46811594203,1504.5557810866958,-368.39855072463615,-0.24485536219770654
11,10,30,17126.333333333332,16782.889855072463,1527.1220623662407,-343.4434782608696,-0.2248958919031736
11,11,30,17068.633333333335,16771.49855072464,1535.5650258044786,-297.1347826086967,-0.19350192119218693
11,12,30,17038.8,16698.80579710145,1502.5006490037197,-339.9942028985497,-0.22628556142321374
11,13,30,17100.266666666666,16660.076811594205,1499.584639603177,-440.1898550724618,-0.2935411869709106
11,14,30,17209.0,16667.49855072464,1445.4431176074809,-541.5014492753617,-0.3746266059723353
11,15,30,17592.133333333335,16911.572463768116,1361.2315204847155,-680.560869565219,-0.49995967572281963
11,16,30,18193.033333333333,17667.69420289855,1345.3147016797266,-525.3391304347824,-0.3904953463891066
11,17,30,18644.266666666666,18589.595652173914,1411.0179087215345,-54.671014492752875,-0.03874579773568433
11,18,30,18315.066666666666,18364.73043478261,1409.483383242077,49.66376811594455,0.03523544066316592
11,19,30,17978.2,17963.146376811594,1403.8391793694075,-15.053623188407073,-0.010723182120596628
11,20,30,17628.1,17522.908695652175,1398.409530560967,-105.19130434782346,-0.07522210200156913
11,21,30,17074.766666666666,16821.959420289855,1372.037630004259,-252.80724637681124,-0.1842567877500754
11,22,30,16314.733333333334,15805.652173913044,1276.7456250867444,-509.0811594202896,-0.39873342772230114
11,23,30,15619.166666666666,14733.83188405797,1138.1777025497202,-885.3347826086956,-0.7778528613110136
12,0,31,16627.645161290322,14940.849929873773,1166.745878563091,-1686.7952314165486,-1.4457263251651042
12,1,31,16258.451612903225,14449.225806451614,1163.2855679943225,-1809.2258064516118,-1.5552722875871197
12,2,31,16055.838709677419,14185.746143057504,1169.695387368088,-1870.0925666199146,-1.598785963264999
12,3,31,15940.870967741936,14083.401122019635,1176.7626077261978,-1857.4698457223003,-1.5784575695444647
12,4,31,16029.161290322581,14175.082748948107,1195.160683403796,-1854.0785413744743,-1.5513215646402392
12,5,31,16407.935483870966,14627.05329593268,1273.3323716203217,-1780.8821879382867,-1.398599633238025
12,6,31,17260.8064516129,15595.844319775597,1537.5114970427435,-1664.9621318373047,-1.0828941019561156
12,7,31,18179.032258064515,16778.736325385693,1913.8066317254954,-1400.2959326788223,-0.7316809908931656
12,8,31,18597.967741935485,17291.93267882188,1855.2586431821082,-1306.0350631136062,-0.7039638747476831
12,9,31,18831.451612903227,17553.427769985974,1688.6964308531176,-1278.0238429172532,-0.7568108865319295
12,10,31,18924.41935483871,17693.15007012623,1618.1897175541233,-1231.269284712478,-0.7608930345778793
12,11,31,18915.25806451613,17719.535764375873,1569.9858169303175,-1195.7223001402563,-0.7616134408641778
12,12,31,18833.0,17628.273492286116,1507.3268760732851,-1204.7265077138836,-0.7992470159175419
12,13,31,18885.322580645163,17555.297335203366,1506.7709171804743,-1330.0252454417969,-0.8826990422210893
12,14,31,18996.90322580645,17531.43197755961,1478.795849418337,-1465.4712482468422,-0.9909895600689332
12,15,31,19253.774193548386,17723.719495091165,1460.1394336119106,-1530.054698457221,-1.047882594796007
12,16,31,19679.032258064515,18546.950911640954,1517.931040017914,-1132.0813464235616,-0.7458055185499081
12,17,31,20138.58064516129,19581.99018232819,1681.8461436011828,-556.5904628331009,-0.3309401784168704
12,18,31,19816.290322580644,19329.20476858345,1755.9600058886942,-487.0855539971926,-0.27738989063744524
12,19,31,19551.354838709678,18956.72089761571,1749.8653300745518,-594.633941093969,-0.3398169738402869
12,20,31,19239.8064516129,18564.977559607294,1728.857024700207,-674.8288920056075,-0.3903323886037519
12,21,31,18706.032258064515,17936.946704067323,1644.0288277525283,-769.0855539971926,-0.4678053942938288
12,22,31,17935.032258064515,16931.5904628331,1457.1619755727147,-1003.4417952314143,-0.6886274910083535
12,23,31,17231.548387096773,15785.438990182329,1259.377447635322,-1446.109396914444,-1.1482732199387409
